"time","christian_pct_mean","christian_pct_sd","christian_pct_lo","christian_pct_hi","total_nc_pct_mean","none_pct_mean","christian_R_mean","christian_convert_pct_mean","persecution_pct","Scenario","R_Dist"
1980,0.00512666666666667,0.000270291456143859,0.0048,0.00542,0,0.994873333333333,0.385378337459918,0.0477710154894063,0,"1: Chr + Nones (Free)","Normal"
1980.5,0.00526666666666667,0.00039421098266103,0.0048,0.00582,0,0.994733333333333,0.459211509880004,0.0990552645939952,0,"1: Chr + Nones (Free)","Normal"
1981,0.00541333333333333,0.000553193445826817,0.00478,0.00622,0,0.994586666666667,0.51799301517439,0.141884738991631,0,"1: Chr + Nones (Free)","Normal"
1981.5,0.00550666666666667,0.000609654132209026,0.0048,0.00642,0,0.994493333333333,0.585393104814099,0.181296122622232,0,"1: Chr + Nones (Free)","Normal"
1982,0.00558666666666667,0.000623523543417089,0.0048,0.0066,0,0.994413333333333,0.629862991534799,0.204690423922701,0,"1: Chr + Nones (Free)","Normal"
1982.5,0.00573333333333333,0.000709216825623255,0.00498,0.00682,0,0.994266666666667,0.686338397277904,0.240965130300523,0,"1: Chr + Nones (Free)","Normal"
1983,0.00587333333333333,0.000817875015041959,0.00498,0.00684,0,0.994126666666667,0.722948856057537,0.261738750605444,0,"1: Chr + Nones (Free)","Normal"
1983.5,0.00600666666666667,0.00091649005613182,0.005,0.00744,0,0.993993333333333,0.764381110933978,0.292373321771428,0,"1: Chr + Nones (Free)","Normal"
1984,0.00624666666666667,0.000998872928072826,0.0052,0.00782,0,0.993753333333333,0.819925573366367,0.329018949177944,0,"1: Chr + Nones (Free)","Normal"
1984.5,0.00651333333333333,0.00125580948844336,0.005,0.00768,0,0.993486666666667,0.868831018478437,0.361605547449575,0,"1: Chr + Nones (Free)","Normal"
1985,0.00672666666666667,0.00132403076673632,0.00518,0.00794,0,0.993273333333333,0.905985061706333,0.384710238807493,0,"1: Chr + Nones (Free)","Normal"
1985.5,0.00694666666666667,0.0014724442108355,0.00518,0.00868,0,0.993053333333333,0.929862408107009,0.404916624996449,0,"1: Chr + Nones (Free)","Normal"
1986,0.00727333333333333,0.00159523716393375,0.00556,0.00896,0,0.992726666666667,0.961423887823667,0.434397653737845,0,"1: Chr + Nones (Free)","Normal"
1986.5,0.00749333333333333,0.00175281710856893,0.00578,0.00942,0,0.992506666666667,0.981279505409765,0.450812928072778,0,"1: Chr + Nones (Free)","Normal"
1987,0.00774,0.00191772134900089,0.00596,0.01,0,0.99226,0.99817781849765,0.464272813312043,0,"1: Chr + Nones (Free)","Normal"
1987.5,0.00814,0.00205251737780875,0.00598,0.0106,0,0.99186,1.01372628742717,0.482128681397362,0,"1: Chr + Nones (Free)","Normal"
1988,0.00843333333333333,0.00210423765101616,0.00618,0.01186,0,0.991566666666667,1.02624389517811,0.497437788385517,0,"1: Chr + Nones (Free)","Normal"
1988.5,0.00878,0.00235202040807473,0.0064,0.0119,0,0.99122,1.0453549034023,0.510351615113301,0,"1: Chr + Nones (Free)","Normal"
1989,0.00921333333333333,0.00260658758735913,0.0064,0.01326,0,0.990786666666667,1.06422525526317,0.52707099124668,0,"1: Chr + Nones (Free)","Normal"
1989.5,0.00947333333333333,0.0027314178878672,0.00656,0.01334,0,0.990526666666667,1.07469172109819,0.533675316762337,0,"1: Chr + Nones (Free)","Normal"
1990,0.00992,0.00295744530948937,0.00656,0.0141,0,0.99008,1.08472760122289,0.546511241322684,0,"1: Chr + Nones (Free)","Normal"
1990.5,0.0103,0.0030552385763833,0.00676,0.0147,0,0.9897,1.09583982931209,0.556843192591248,0,"1: Chr + Nones (Free)","Normal"
1991,0.0107133333333333,0.00327190056898637,0.0066,0.01558,0,0.989286666666667,1.11523171382931,0.570558544786603,0,"1: Chr + Nones (Free)","Normal"
1991.5,0.01114,0.00359161859583267,0.007,0.01678,0,0.98886,1.13201063001998,0.57774976616709,0,"1: Chr + Nones (Free)","Normal"
1992,0.0115933333333333,0.00380434718069531,0.00738,0.01778,0,0.988406666666667,1.14231779882267,0.58355908170565,0,"1: Chr + Nones (Free)","Normal"
1992.5,0.0121,0.00423377226432964,0.00812,0.01894,0,0.9879,1.14916638107509,0.589145677146953,0,"1: Chr + Nones (Free)","Normal"
1993,0.0125066666666667,0.00444731095299662,0.00848,0.01942,0,0.987493333333333,1.15261047589335,0.591688735581129,0,"1: Chr + Nones (Free)","Normal"
1993.5,0.0130333333333333,0.00464552683128942,0.00894,0.02086,0,0.986966666666667,1.15650366939658,0.596416603011126,0,"1: Chr + Nones (Free)","Normal"
1994,0.0134333333333333,0.00487104982901855,0.00912,0.02166,0,0.986566666666667,1.16085610804815,0.59901835481775,0,"1: Chr + Nones (Free)","Normal"
1994.5,0.0138933333333333,0.00508648875120077,0.00932,0.02282,0,0.986106666666667,1.16019318648902,0.60280317956485,0,"1: Chr + Nones (Free)","Normal"
1995,0.0143733333333333,0.0053790739706393,0.00898,0.024,0,0.985626666666667,1.16404182587567,0.608489040661778,0,"1: Chr + Nones (Free)","Normal"
1995.5,0.01482,0.00561140464313219,0.00918,0.02566,0,0.98518,1.16873300365419,0.614361153778669,0,"1: Chr + Nones (Free)","Normal"
1996,0.0153533333333333,0.00591075777470743,0.00972,0.02632,0,0.984646666666667,1.17315878428799,0.615356139949097,0,"1: Chr + Nones (Free)","Normal"
1996.5,0.0158933333333333,0.00620383270485956,0.00992,0.0272,0,0.984106666666667,1.17289497790967,0.618839551560456,0,"1: Chr + Nones (Free)","Normal"
1997,0.0164133333333333,0.00662512112229335,0.01012,0.02828,0,0.983586666666667,1.17767220428184,0.621250787435627,0,"1: Chr + Nones (Free)","Normal"
1997.5,0.0169133333333333,0.00680844978726781,0.0107,0.02886,0,0.983086666666667,1.18032227011908,0.619248638437745,0,"1: Chr + Nones (Free)","Normal"
1998,0.0174866666666667,0.00706358965757317,0.01092,0.02934,0,0.982513333333333,1.1779648933025,0.620247015183206,0,"1: Chr + Nones (Free)","Normal"
1998.5,0.0179333333333333,0.0075205160008832,0.01072,0.0312,0,0.982066666666667,1.17895738075273,0.616880355498639,0,"1: Chr + Nones (Free)","Normal"
1999,0.01836,0.00780015914957001,0.01124,0.03148,0,0.98164,1.17989833719932,0.616534035261862,0,"1: Chr + Nones (Free)","Normal"
1999.5,0.0188733333333333,0.00795200834893986,0.01146,0.0323,0,0.981126666666667,1.17922281229707,0.618779238689152,0,"1: Chr + Nones (Free)","Normal"
2000,0.01938,0.00827132145552871,0.01152,0.03324,0,0.98062,1.17620365683533,0.615792694949774,0,"1: Chr + Nones (Free)","Normal"
2000.5,0.0197933333333333,0.00847283420941481,0.01154,0.03424,0,0.980206666666667,1.17713934957752,0.615902877914239,0,"1: Chr + Nones (Free)","Normal"
2001,0.0203733333333333,0.00870524745962648,0.01212,0.03546,0,0.979626666666667,1.1747265872839,0.619281830263446,0,"1: Chr + Nones (Free)","Normal"
2001.5,0.0209533333333333,0.00903108552429476,0.0125,0.03662,0,0.979046666666667,1.17581301235556,0.619401787037453,0,"1: Chr + Nones (Free)","Normal"
2002,0.02142,0.00933814572156814,0.01254,0.038,0,0.97858,1.17517297485445,0.617056198937458,0,"1: Chr + Nones (Free)","Normal"
2002.5,0.02198,0.00953850273799607,0.01272,0.03884,0,0.97802,1.17559348217253,0.617020843545469,0,"1: Chr + Nones (Free)","Normal"
2003,0.02244,0.00976487724378586,0.01272,0.04008,0,0.97756,1.17341325988883,0.612524676257993,0,"1: Chr + Nones (Free)","Normal"
2003.5,0.0229466666666667,0.00994619086101198,0.0129,0.0413,0,0.977053333333333,1.17224041364541,0.612637158516498,0,"1: Chr + Nones (Free)","Normal"
2004,0.0233466666666667,0.0101633463581343,0.01292,0.0418,0,0.976653333333333,1.17184281223942,0.609746811821744,0,"1: Chr + Nones (Free)","Normal"
2004.5,0.0236866666666667,0.0103578300660979,0.01278,0.0428,0,0.976313333333333,1.17128650697009,0.607715352848571,0,"1: Chr + Nones (Free)","Normal"
2005,0.0240666666666667,0.0105475387988214,0.01278,0.04412,0,0.975933333333333,1.17134586027862,0.604797593791562,0,"1: Chr + Nones (Free)","Normal"
2005.5,0.0244733333333333,0.010651402152585,0.01278,0.04414,0,0.975526666666667,1.1693316651619,0.597716097268905,0,"1: Chr + Nones (Free)","Normal"
2006,0.0248666666666667,0.0108419788667534,0.0128,0.04468,0,0.975133333333333,1.16840589102494,0.594659293533053,0,"1: Chr + Nones (Free)","Normal"
2006.5,0.0251933333333333,0.0110343017944931,0.01318,0.04562,0,0.974806666666667,1.16858879283421,0.594082391640173,0,"1: Chr + Nones (Free)","Normal"
2007,0.02564,0.0113976888159323,0.01318,0.0464,0,0.97436,1.166783512146,0.595049789222834,0,"1: Chr + Nones (Free)","Normal"
2007.5,0.0261333333333333,0.0116738828257733,0.01356,0.04726,0,0.973866666666667,1.16533447513274,0.592478104588601,0,"1: Chr + Nones (Free)","Normal"
2008,0.02656,0.011928222112227,0.0139,0.04858,0,0.97344,1.16273494953141,0.589377968132036,0,"1: Chr + Nones (Free)","Normal"
2008.5,0.02692,0.011973833540482,0.01408,0.0488,0,0.97308,1.16095407245095,0.585473790916444,0,"1: Chr + Nones (Free)","Normal"
2009,0.0272466666666667,0.0122594575267658,0.01408,0.04936,0,0.972753333333333,1.16044797016132,0.583479269095619,0,"1: Chr + Nones (Free)","Normal"
2009.5,0.02756,0.0125125481844813,0.01408,0.05004,0,0.97244,1.1591243988784,0.576933104585346,0,"1: Chr + Nones (Free)","Normal"
2010,0.02794,0.0127053776287702,0.01412,0.05124,0,0.97206,1.15722540279638,0.566772098503146,0,"1: Chr + Nones (Free)","Normal"
2010.5,0.0282333333333333,0.0129123392825284,0.01412,0.05178,0,0.971766666666667,1.15545613333898,0.559975010407872,0,"1: Chr + Nones (Free)","Normal"
2011,0.02862,0.0131171222664014,0.014,0.05274,0,0.97138,1.15371267817789,0.554577636358559,0,"1: Chr + Nones (Free)","Normal"
2011.5,0.0288866666666667,0.0132818448379301,0.01396,0.05264,0,0.971113333333333,1.15382613431122,0.548334092490527,0,"1: Chr + Nones (Free)","Normal"
2012,0.0289666666666667,0.0131786748675414,0.01376,0.05256,0,0.971033333333333,1.15387820623692,0.544857674846872,0,"1: Chr + Nones (Free)","Normal"
2012.5,0.0291066666666667,0.0132211672846166,0.01374,0.05218,0,0.970893333333333,1.15199547236847,0.540882903004468,0,"1: Chr + Nones (Free)","Normal"
2013,0.0293466666666667,0.0134124937467179,0.01374,0.05294,0,0.970653333333333,1.15093429781456,0.539137475064597,0,"1: Chr + Nones (Free)","Normal"
2013.5,0.02952,0.0135101086036626,0.01392,0.0532,0,0.97048,1.15115072771261,0.535580916004315,0,"1: Chr + Nones (Free)","Normal"
2014,0.0296866666666667,0.0135118526087114,0.01428,0.0532,0,0.970313333333333,1.14958273173611,0.530427159430995,0,"1: Chr + Nones (Free)","Normal"
2014.5,0.0297933333333333,0.0135474118493568,0.0143,0.05342,0,0.970206666666667,1.14887356847359,0.529394344596902,0,"1: Chr + Nones (Free)","Normal"
2015,0.02984,0.0135319188434681,0.0145,0.05296,0,0.97016,1.14836594305402,0.522904374343146,0,"1: Chr + Nones (Free)","Normal"
2015.5,0.0300866666666667,0.0136409811896393,0.01452,0.05352,0,0.969913333333333,1.14755499945517,0.523702833663282,0,"1: Chr + Nones (Free)","Normal"
2016,0.0301533333333333,0.0135445811364147,0.01452,0.05284,0,0.969846666666667,1.14601726424474,0.522087081922442,0,"1: Chr + Nones (Free)","Normal"
2016.5,0.03026,0.0136682012034478,0.0147,0.0531,0,0.96974,1.14528613213185,0.518246599125567,0,"1: Chr + Nones (Free)","Normal"
2017,0.0303,0.0135961201362234,0.0145,0.05328,0,0.9697,1.14371835123806,0.513970787072023,0,"1: Chr + Nones (Free)","Normal"
2017.5,0.0304866666666667,0.0136412845318233,0.01432,0.05416,0,0.969513333333333,1.14240907574503,0.51382970302045,0,"1: Chr + Nones (Free)","Normal"
2018,0.03062,0.013597094010017,0.01434,0.05414,0,0.96938,1.14189814435069,0.509843315638744,0,"1: Chr + Nones (Free)","Normal"
2018.5,0.03066,0.0137319310744878,0.01416,0.05416,0,0.96934,1.14102521141346,0.504223133692337,0,"1: Chr + Nones (Free)","Normal"
2019,0.0308333333333333,0.0137222782197502,0.01416,0.05406,0,0.969166666666667,1.1384572948061,0.499982272732561,0,"1: Chr + Nones (Free)","Normal"
2019.5,0.0309266666666667,0.0137630673539188,0.01454,0.05406,0,0.969073333333333,1.13605943734864,0.495097487304297,0,"1: Chr + Nones (Free)","Normal"
2020,0.0310133333333333,0.0137770356987154,0.01454,0.05384,0,0.968986666666667,1.13452200787948,0.492112614279024,0,"1: Chr + Nones (Free)","Normal"
2020.5,0.03112,0.0138414270741234,0.0142,0.05364,0,0.96888,1.13313672771631,0.489441870974311,0,"1: Chr + Nones (Free)","Normal"
2021,0.0311866666666667,0.0138760953797711,0.0142,0.0539,0,0.968813333333333,1.13140455562601,0.48693502590979,0,"1: Chr + Nones (Free)","Normal"
2021.5,0.0312333333333333,0.0139337430506773,0.0142,0.05392,0,0.968766666666667,1.13079176362125,0.484250952283855,0,"1: Chr + Nones (Free)","Normal"
2022,0.0311866666666667,0.0140065928647248,0.014,0.0534,0,0.968813333333333,1.13062427185629,0.476678518194302,0,"1: Chr + Nones (Free)","Normal"
2022.5,0.0312,0.0139328438565511,0.01418,0.05282,0,0.9688,1.12820506991846,0.472695815876423,0,"1: Chr + Nones (Free)","Normal"
2023,0.0312066666666667,0.0139905863260668,0.0142,0.05264,0,0.968793333333333,1.12629956702369,0.469730727390934,0,"1: Chr + Nones (Free)","Normal"
2023.5,0.0311866666666667,0.0139789924488519,0.0142,0.05244,0,0.968813333333333,1.12534124227495,0.467261197365706,0,"1: Chr + Nones (Free)","Normal"
2024,0.0312133333333333,0.0140661426061338,0.01436,0.05252,0,0.968786666666667,1.12469084566732,0.464768472577645,0,"1: Chr + Nones (Free)","Normal"
2024.5,0.03108,0.0140192576910083,0.01434,0.0518,0,0.96892,1.12552724346912,0.458152151511581,0,"1: Chr + Nones (Free)","Normal"
2025,0.0309933333333333,0.0139639420709526,0.01434,0.05164,0,0.969006666666667,1.12522027410033,0.45204026662219,0,"1: Chr + Nones (Free)","Normal"
2025.5,0.0309666666666667,0.0138559170314205,0.01414,0.05108,0,0.969033333333333,1.12414626366209,0.449739306151165,0,"1: Chr + Nones (Free)","Normal"
2026,0.0310466666666667,0.0138167997026442,0.014,0.05126,0,0.968953333333333,1.12166376258294,0.445610685290845,0,"1: Chr + Nones (Free)","Normal"
2026.5,0.03104,0.0137807862245054,0.014,0.05072,0,0.96896,1.12077670325166,0.444645895418177,0,"1: Chr + Nones (Free)","Normal"
2027,0.03102,0.0137220034729024,0.01434,0.05086,0,0.96898,1.11969950878923,0.440700693699649,0,"1: Chr + Nones (Free)","Normal"
2027.5,0.0309,0.0137633947295992,0.01408,0.04976,0,0.9691,1.11880701779672,0.436421318010915,0,"1: Chr + Nones (Free)","Normal"
2028,0.0309066666666667,0.0137368101836994,0.01408,0.04976,0,0.969093333333333,1.11736389042904,0.434299373441098,0,"1: Chr + Nones (Free)","Normal"
2028.5,0.03084,0.0137531338121598,0.01426,0.04994,0,0.96916,1.11603205843558,0.430185659420231,0,"1: Chr + Nones (Free)","Normal"
2029,0.03074,0.0137107206983793,0.01444,0.04972,0,0.96926,1.11492875677548,0.427838162459259,0,"1: Chr + Nones (Free)","Normal"
2029.5,0.0305866666666667,0.0136719126460894,0.01426,0.04914,0,0.969413333333333,1.11408466959384,0.423193375526007,0,"1: Chr + Nones (Free)","Normal"
2030,0.0305066666666667,0.0136777426382485,0.01426,0.049,0,0.969493333333333,1.11338250703018,0.418133324341229,0,"1: Chr + Nones (Free)","Normal"
2030.5,0.0304,0.0136333263075046,0.01426,0.04898,0,0.9696,1.11284749506138,0.411263379707162,0,"1: Chr + Nones (Free)","Normal"
2031,0.0303333333333333,0.0136370017266243,0.01426,0.04916,0,0.969666666666667,1.11142856381116,0.409851768695211,0,"1: Chr + Nones (Free)","Normal"
2031.5,0.03036,0.0136161567315425,0.01426,0.04894,0,0.96964,1.11117602480532,0.406271733848653,0,"1: Chr + Nones (Free)","Normal"
2032,0.0303,0.013504098994571,0.01426,0.0484,0,0.9697,1.1106950359327,0.402698760382666,0,"1: Chr + Nones (Free)","Normal"
2032.5,0.03016,0.0134378159144901,0.01408,0.04796,0,0.96984,1.11054616350836,0.399523190193654,0,"1: Chr + Nones (Free)","Normal"
2033,0.03008,0.0135309198912509,0.01372,0.04816,0,0.96992,1.11143916772435,0.394846490930072,0,"1: Chr + Nones (Free)","Normal"
2033.5,0.02988,0.013506739058707,0.01354,0.0476,0,0.97012,1.11211027059434,0.393137451280973,0,"1: Chr + Nones (Free)","Normal"
2034,0.0297533333333333,0.013424083692696,0.01338,0.04754,0,0.970246666666667,1.11270405206676,0.390433266167006,0,"1: Chr + Nones (Free)","Normal"
2034.5,0.0296933333333333,0.01343928706374,0.0132,0.04804,0,0.970306666666667,1.11178690287482,0.385428542767682,0,"1: Chr + Nones (Free)","Normal"
2035,0.0296666666666667,0.0133682416591514,0.0132,0.04802,0,0.970333333333333,1.11112893159644,0.38296045884065,0,"1: Chr + Nones (Free)","Normal"
2035.5,0.0295333333333333,0.013299036349153,0.01318,0.04832,0,0.970466666666667,1.11055306969476,0.37689934236174,0,"1: Chr + Nones (Free)","Normal"
2036,0.0294,0.0131849443920211,0.0132,0.04794,0,0.9706,1.11116709387022,0.374174874388959,0,"1: Chr + Nones (Free)","Normal"
2036.5,0.0292733333333333,0.0131197648563173,0.013,0.04754,0,0.970726666666667,1.11114027504842,0.370563014583463,0,"1: Chr + Nones (Free)","Normal"
2037,0.0291733333333333,0.0130575102800129,0.01318,0.04718,0,0.970826666666667,1.11027873953676,0.367094024043552,0,"1: Chr + Nones (Free)","Normal"
2037.5,0.02906,0.0129716029371324,0.01336,0.04736,0,0.97094,1.11030782311381,0.36526596751029,0,"1: Chr + Nones (Free)","Normal"
2038,0.0289133333333333,0.0129372686275052,0.01336,0.04754,0,0.971086666666667,1.10998197598737,0.365731402032833,0,"1: Chr + Nones (Free)","Normal"
2038.5,0.02874,0.0128825088582449,0.01316,0.04736,0,0.97126,1.1099575889607,0.364250859443112,0,"1: Chr + Nones (Free)","Normal"
2039,0.0285733333333333,0.0127939353448888,0.01314,0.04698,0,0.971426666666667,1.10986675721967,0.362792319397279,0,"1: Chr + Nones (Free)","Normal"
2039.5,0.0283533333333333,0.0127448903441755,0.01278,0.0464,0,0.971646666666667,1.10933173602395,0.359266953009531,0,"1: Chr + Nones (Free)","Normal"
2040,0.0282733333333333,0.0126729125556708,0.0128,0.04654,0,0.971726666666667,1.10800016286521,0.356832962876629,0,"1: Chr + Nones (Free)","Normal"
2040.5,0.0282133333333333,0.0126755733960851,0.0127,0.04622,0,0.971786666666667,1.10656591331949,0.356293971310335,0,"1: Chr + Nones (Free)","Normal"
2041,0.0279933333333333,0.0125990129151764,0.01236,0.04614,0,0.972006666666667,1.10609335967236,0.352647249384991,0,"1: Chr + Nones (Free)","Normal"
2041.5,0.0278066666666667,0.0125256683580595,0.01236,0.0461,0,0.972193333333333,1.10623138253295,0.348044122405241,0,"1: Chr + Nones (Free)","Normal"
2042,0.0277066666666667,0.0124759336139717,0.01236,0.04556,0,0.972293333333333,1.10490355846128,0.347698351683436,0,"1: Chr + Nones (Free)","Normal"
2042.5,0.0275533333333333,0.0124398340529272,0.01234,0.04514,0,0.972446666666667,1.10406380682745,0.345271023598413,0,"1: Chr + Nones (Free)","Normal"
2043,0.0274933333333333,0.012332601407297,0.01252,0.04514,0,0.972506666666667,1.10365309001826,0.342809095235778,0,"1: Chr + Nones (Free)","Normal"
2043.5,0.02744,0.0123662945694865,0.01234,0.04512,0,0.97256,1.10376156127482,0.339600909538636,0,"1: Chr + Nones (Free)","Normal"
2044,0.0272933333333333,0.0123049452725691,0.01234,0.0446,0,0.972706666666667,1.10410427143587,0.333722032310614,0,"1: Chr + Nones (Free)","Normal"
2044.5,0.0271466666666667,0.0122421469081015,0.01218,0.04436,0,0.972853333333333,1.10447104256783,0.330564256595786,0,"1: Chr + Nones (Free)","Normal"
2045,0.0269866666666667,0.0122000489917991,0.0122,0.044,0,0.973013333333333,1.10433998072468,0.324286942216807,0,"1: Chr + Nones (Free)","Normal"
2045.5,0.02682,0.0120680084349576,0.01216,0.04378,0,0.97318,1.10404623631529,0.323491308179218,0,"1: Chr + Nones (Free)","Normal"
2046,0.02668,0.0120148873170488,0.01214,0.0436,0,0.97332,1.10307931798474,0.320096952354679,0,"1: Chr + Nones (Free)","Normal"
2046.5,0.02654,0.0119954186657039,0.01192,0.04374,0,0.97346,1.10297971902422,0.318124289196533,0,"1: Chr + Nones (Free)","Normal"
2047,0.0263933333333333,0.0120033884105003,0.01192,0.04338,0,0.973606666666667,1.10229288279653,0.315092835079838,0,"1: Chr + Nones (Free)","Normal"
2047.5,0.02634,0.0120165575425083,0.01188,0.0432,0,0.97366,1.10129050005029,0.312742213985498,0,"1: Chr + Nones (Free)","Normal"
2048,0.0261933333333333,0.0120323109063524,0.01172,0.04282,0,0.973806666666667,1.10010561591934,0.310952177908751,0,"1: Chr + Nones (Free)","Normal"
2048.5,0.0260866666666667,0.0120532935356885,0.01172,0.04284,0,0.973913333333333,1.09885205061416,0.305960601117342,0,"1: Chr + Nones (Free)","Normal"
2049,0.026,0.0120056308627991,0.01172,0.04268,0,0.974,1.09839697007519,0.303743831288707,0,"1: Chr + Nones (Free)","Normal"
2049.5,0.0258466666666667,0.0119128656424931,0.01172,0.04264,0,0.974153333333333,1.09749038000067,0.298048462841214,0,"1: Chr + Nones (Free)","Normal"
2050,0.02568,0.0118335117357444,0.01154,0.04222,0,0.97432,1.097364723384,0.294663793560766,0,"1: Chr + Nones (Free)","Normal"
2050.5,0.02554,0.0117421903613746,0.01152,0.04168,0,0.97446,1.09712121366896,0.292281191125393,0,"1: Chr + Nones (Free)","Normal"
2051,0.0254266666666667,0.011645894150932,0.0115,0.04116,0,0.974573333333333,1.09568119775616,0.287456865734306,0,"1: Chr + Nones (Free)","Normal"
2051.5,0.0253133333333333,0.0116678968152771,0.01132,0.04114,0,0.974686666666667,1.09580342132557,0.282094799967879,0,"1: Chr + Nones (Free)","Normal"
2052,0.0251266666666667,0.0115521585782092,0.01114,0.04056,0,0.974873333333333,1.09541055147949,0.278549859396035,0,"1: Chr + Nones (Free)","Normal"
2052.5,0.02492,0.0114616722616939,0.01112,0.04058,0,0.97508,1.09434339574448,0.277923937742752,0,"1: Chr + Nones (Free)","Normal"
2053,0.0246333333333333,0.0113648075467521,0.01108,0.04022,0,0.975366666666667,1.09518446666442,0.276284180585146,0,"1: Chr + Nones (Free)","Normal"
2053.5,0.02458,0.0112790743078224,0.01094,0.04034,0,0.97542,1.09414075407043,0.275825590474074,0,"1: Chr + Nones (Free)","Normal"
2054,0.02446,0.0112576288309995,0.0109,0.04014,0,0.97554,1.09422881802273,0.270031960862609,0,"1: Chr + Nones (Free)","Normal"
2054.5,0.0242866666666667,0.011230829899428,0.0109,0.03938,0,0.975713333333333,1.095484515795,0.263942222310544,0,"1: Chr + Nones (Free)","Normal"
2055,0.0241666666666667,0.0112349311595986,0.0109,0.03956,0,0.975833333333333,1.09541531790152,0.260037932814347,0,"1: Chr + Nones (Free)","Normal"
2055.5,0.0239933333333333,0.0110770945192548,0.01106,0.03878,0,0.976006666666667,1.09473888060343,0.257401124273858,0,"1: Chr + Nones (Free)","Normal"
2056,0.0238133333333333,0.0110796406431621,0.01106,0.03856,0,0.976186666666667,1.09514025257155,0.25559290931262,0,"1: Chr + Nones (Free)","Normal"
2056.5,0.0237,0.0109423252902946,0.01106,0.038,0,0.9763,1.09561498000271,0.253671711636082,0,"1: Chr + Nones (Free)","Normal"
2057,0.02356,0.0108751409027733,0.01104,0.03722,0,0.97644,1.09510335620618,0.250264353827248,0,"1: Chr + Nones (Free)","Normal"
2057.5,0.0234533333333333,0.0107409539592172,0.01104,0.03708,0,0.976546666666667,1.09528847244707,0.248180069587991,0,"1: Chr + Nones (Free)","Normal"
2058,0.0232333333333333,0.0106574349418718,0.01068,0.03652,0,0.976766666666667,1.09608286258594,0.243791565281632,0,"1: Chr + Nones (Free)","Normal"
2058.5,0.0231133333333333,0.0106197841829274,0.01086,0.03634,0,0.976886666666667,1.09518885816052,0.241999386198762,0,"1: Chr + Nones (Free)","Normal"
2059,0.0229266666666667,0.0105912759588626,0.01086,0.03578,0,0.977073333333333,1.09601479952135,0.240540415979106,0,"1: Chr + Nones (Free)","Normal"
2059.5,0.02274,0.0105206725889621,0.01084,0.03542,0,0.97726,1.09702590458636,0.23717567667653,0,"1: Chr + Nones (Free)","Normal"
2060,0.0226066666666667,0.0104801267869842,0.01064,0.03514,0,0.977393333333333,1.09710215192638,0.237503072729495,0,"1: Chr + Nones (Free)","Normal"
2060.5,0.0225066666666667,0.010410171860297,0.01064,0.0351,0,0.977493333333333,1.09716034199148,0.236659112748374,0,"1: Chr + Nones (Free)","Normal"
2061,0.0223133333333333,0.010299204299139,0.01046,0.03472,0,0.977686666666667,1.09651419346598,0.234952711315787,0,"1: Chr + Nones (Free)","Normal"
2061.5,0.0221266666666667,0.0102507168238274,0.01046,0.03416,0,0.977873333333333,1.09631333098744,0.233921408222776,0,"1: Chr + Nones (Free)","Normal"
2062,0.0219733333333333,0.0101521845222943,0.01044,0.03414,0,0.978026666666667,1.09635014092956,0.230991926241315,0,"1: Chr + Nones (Free)","Normal"
2062.5,0.0218733333333333,0.0102205315110231,0.01044,0.03378,0,0.978126666666667,1.0964878021362,0.228747305500847,0,"1: Chr + Nones (Free)","Normal"
2063,0.02172,0.0101947383318638,0.01044,0.03378,0,0.97828,1.09719249813953,0.228719301705461,0,"1: Chr + Nones (Free)","Normal"
2063.5,0.02156,0.0101331004207957,0.01042,0.03362,0,0.97844,1.0975812459589,0.226840995654405,0,"1: Chr + Nones (Free)","Normal"
2064,0.0213933333333333,0.0100592017690215,0.01044,0.03306,0,0.978606666666667,1.09704082009832,0.22409834549687,0,"1: Chr + Nones (Free)","Normal"
2064.5,0.0212266666666667,0.0100435923417091,0.01024,0.03298,0,0.978773333333333,1.09775467509759,0.223193200661433,0,"1: Chr + Nones (Free)","Normal"
2065,0.0210933333333333,0.00994408274348094,0.01024,0.03314,0,0.978906666666667,1.09733539061114,0.222776817399647,0,"1: Chr + Nones (Free)","Normal"
2065.5,0.02102,0.00986674666012929,0.01006,0.03274,0,0.97898,1.09759630544225,0.21973822128344,0,"1: Chr + Nones (Free)","Normal"
2066,0.0208733333333333,0.00974013854370536,0.0097,0.03268,0,0.979126666666667,1.09790357215795,0.217079250454838,0,"1: Chr + Nones (Free)","Normal"
2066.5,0.0207666666666667,0.0097523943420218,0.0097,0.03286,0,0.979233333333333,1.09809656101175,0.216293813492013,0,"1: Chr + Nones (Free)","Normal"
2067,0.0206266666666667,0.0096711063922684,0.00948,0.0325,0,0.979373333333333,1.0979597999914,0.215011802586409,0,"1: Chr + Nones (Free)","Normal"
2067.5,0.02048,0.00965267159731011,0.00946,0.03226,0,0.97952,1.09888757670789,0.213161270614516,0,"1: Chr + Nones (Free)","Normal"
2068,0.0203533333333333,0.00955487719235153,0.00946,0.03168,0,0.979646666666667,1.09914037596883,0.207562099324522,0,"1: Chr + Nones (Free)","Normal"
2068.5,0.0202733333333333,0.00947424579232212,0.00946,0.03182,0,0.979726666666667,1.10021401733366,0.207144123604062,0,"1: Chr + Nones (Free)","Normal"
2069,0.02016,0.00945864319204836,0.00946,0.03194,0,0.97984,1.09970905574639,0.207278735547345,0,"1: Chr + Nones (Free)","Normal"
2069.5,0.02006,0.00944751746264047,0.00926,0.03192,0,0.97994,1.09931368532551,0.205288682183051,0,"1: Chr + Nones (Free)","Normal"
2070,0.01998,0.00943044958155998,0.00926,0.03204,0,0.98002,1.09897971302885,0.20275691771407,0,"1: Chr + Nones (Free)","Normal"
2070.5,0.0198533333333333,0.00940549118163512,0.00926,0.0317,0,0.980146666666667,1.09856593963074,0.19919701868368,0,"1: Chr + Nones (Free)","Normal"
2071,0.0197533333333333,0.00931556847926921,0.00926,0.03134,0,0.980246666666667,1.09695841850681,0.196133190844991,0,"1: Chr + Nones (Free)","Normal"
2071.5,0.0196133333333333,0.0091747679979437,0.00926,0.03132,0,0.980386666666667,1.09769660728578,0.193398653877824,0,"1: Chr + Nones (Free)","Normal"
2072,0.01946,0.00916532445763886,0.00924,0.03126,0,0.98054,1.09858290762636,0.191717280837341,0,"1: Chr + Nones (Free)","Normal"
2072.5,0.01928,0.00906050162271231,0.00926,0.0312,0,0.98072,1.09905354723449,0.187896483525162,0,"1: Chr + Nones (Free)","Normal"
2073,0.0190866666666667,0.00890496697251647,0.00926,0.0311,0,0.980913333333333,1.09934142903308,0.185278830473022,0,"1: Chr + Nones (Free)","Normal"
2073.5,0.019,0.00891910000098587,0.0089,0.0311,0,0.981,1.09911867146317,0.183245827894073,0,"1: Chr + Nones (Free)","Normal"
2074,0.0188733333333333,0.0088376129299065,0.00872,0.03092,0,0.981126666666667,1.09969845333808,0.181363871089223,0,"1: Chr + Nones (Free)","Normal"
2074.5,0.0187266666666667,0.00883246102828039,0.00872,0.03072,0,0.981273333333333,1.09988804988224,0.179399808653099,0,"1: Chr + Nones (Free)","Normal"
2075,0.0186133333333333,0.00870828908859683,0.00872,0.03028,0,0.981386666666667,1.09926003790856,0.179040041118077,0,"1: Chr + Nones (Free)","Normal"
2075.5,0.0185066666666667,0.00876320415866461,0.00872,0.03008,0,0.981493333333333,1.09856336918239,0.177701376876953,0,"1: Chr + Nones (Free)","Normal"
2076,0.01834,0.00875949140390996,0.0087,0.03008,0,0.98166,1.09863147217431,0.17683616759659,0,"1: Chr + Nones (Free)","Normal"
2076.5,0.0181733333333333,0.00865678658758482,0.00852,0.02948,0,0.981826666666667,1.09920780220644,0.172637759206913,0,"1: Chr + Nones (Free)","Normal"
2077,0.0180866666666667,0.0085887951599075,0.00852,0.02928,0,0.981913333333333,1.09890126615789,0.170456555795589,0,"1: Chr + Nones (Free)","Normal"
2077.5,0.0179133333333333,0.00847237837931586,0.00816,0.02906,0,0.982086666666667,1.09952152439663,0.166743557327837,0,"1: Chr + Nones (Free)","Normal"
2078,0.0177933333333333,0.0083859460977294,0.00816,0.02818,0,0.982206666666667,1.09902732229247,0.165877351597528,0,"1: Chr + Nones (Free)","Normal"
2078.5,0.0177,0.0083971670099566,0.0078,0.02796,0,0.9823,1.09912294655159,0.161218088789081,0,"1: Chr + Nones (Free)","Normal"
2079,0.0175866666666667,0.00837103929333597,0.00778,0.02778,0,0.982413333333333,1.0996920635413,0.161222327176616,0,"1: Chr + Nones (Free)","Normal"
2079.5,0.0174266666666667,0.00831943853101063,0.0076,0.02756,0,0.982573333333333,1.10020270078593,0.157321219590553,0,"1: Chr + Nones (Free)","Normal"
1980,0.00504666666666667,0.000266177712651987,0.0046,0.00522,0.315746666666667,0.679206666666667,0.377850370391517,0.0357925949520152,0,"2: Chr + Passive NC (Free)","Normal"
1980.5,0.00499333333333333,0.000354219232069373,0.00458,0.00522,0.3069,0.688106666666667,0.428301813454834,0.0589870871997309,0,"2: Chr + Passive NC (Free)","Normal"
1981,0.00507333333333333,0.000415172031924062,0.0044,0.00542,0.29836,0.696566666666667,0.478871787794315,0.0886902158496361,0,"2: Chr + Passive NC (Free)","Normal"
1981.5,0.00511333333333333,0.00057699180256732,0.00438,0.00562,0.29044,0.704446666666667,0.53674618710923,0.128541515689504,0,"2: Chr + Passive NC (Free)","Normal"
1982,0.00524,0.000661033673303697,0.0044,0.00584,0.282786666666667,0.711973333333333,0.574321487737869,0.16187716365126,0,"2: Chr + Passive NC (Free)","Normal"
1982.5,0.00534666666666667,0.000777144788947662,0.0042,0.00642,0.275493333333333,0.71916,0.615638579681493,0.194223922925768,0,"2: Chr + Passive NC (Free)","Normal"
1983,0.00552,0.000851125016142428,0.00458,0.00662,0.268186666666667,0.726293333333333,0.66614313238133,0.231208796212721,0,"2: Chr + Passive NC (Free)","Normal"
1983.5,0.0056,0.000938083151964686,0.0046,0.007,0.261373333333333,0.733026666666667,0.711683945998188,0.258992531110439,0,"2: Chr + Passive NC (Free)","Normal"
1984,0.00577333333333333,0.00101129256087354,0.00478,0.0072,0.254913333333333,0.739313333333333,0.74935172645351,0.29441778842317,0,"2: Chr + Passive NC (Free)","Normal"
1984.5,0.00592,0.00101926274911042,0.00498,0.0072,0.249193333333333,0.744886666666667,0.7796930054246,0.317058888948703,0,"2: Chr + Passive NC (Free)","Normal"
1985,0.00606,0.00112544244173355,0.005,0.0076,0.243546666666667,0.750393333333333,0.806811319755493,0.336205804395625,0,"2: Chr + Passive NC (Free)","Normal"
1985.5,0.00624666666666667,0.00126565597911568,0.005,0.0082,0.237826666666667,0.755926666666667,0.82274612704587,0.357017173684823,0,"2: Chr + Passive NC (Free)","Normal"
1986,0.00626,0.00129843407013324,0.00498,0.00802,0.232593333333333,0.761146666666667,0.851660724427205,0.364796575360275,0,"2: Chr + Passive NC (Free)","Normal"
1986.5,0.00641333333333333,0.00142870409892981,0.00536,0.00824,0.227246666666667,0.76634,0.873324498091698,0.373160916117241,0,"2: Chr + Passive NC (Free)","Normal"
1987,0.00667333333333333,0.00156820418562638,0.00538,0.0085,0.222486666666667,0.77084,0.900718152580833,0.396913000034029,0,"2: Chr + Passive NC (Free)","Normal"
1987.5,0.00684,0.00165708510176236,0.0052,0.00892,0.217913333333333,0.775246666666667,0.918846142367018,0.412851257525739,0,"2: Chr + Passive NC (Free)","Normal"
1988,0.00706,0.00174525958942581,0.0052,0.00906,0.213246666666667,0.779693333333333,0.936746023679596,0.422308102824542,0,"2: Chr + Passive NC (Free)","Normal"
1988.5,0.00724,0.00182579222294852,0.0052,0.00928,0.208773333333333,0.783986666666667,0.953811625615259,0.433845174404919,0,"2: Chr + Passive NC (Free)","Normal"
1989,0.00743333333333333,0.00189524510894726,0.00538,0.00986,0.204246666666667,0.78832,0.976554761698413,0.453803062877397,0,"2: Chr + Passive NC (Free)","Normal"
1989.5,0.00756666666666667,0.00200762912726521,0.0052,0.00954,0.20022,0.792213333333333,0.992064034747741,0.461348197642987,0,"2: Chr + Passive NC (Free)","Normal"
1990,0.00782,0.00201809059637381,0.0054,0.00992,0.196366666666667,0.795813333333333,1.00769284026266,0.471013756577421,0,"2: Chr + Passive NC (Free)","Normal"
1990.5,0.008,0.00220407146764409,0.0052,0.00996,0.192333333333333,0.799666666666667,1.02243282867901,0.484452803940255,0,"2: Chr + Passive NC (Free)","Normal"
1991,0.0082,0.00233946648795743,0.00538,0.01074,0.18884,0.80296,1.03098544066984,0.489904401748849,0,"2: Chr + Passive NC (Free)","Normal"
1991.5,0.00837333333333333,0.0024044403368213,0.00556,0.01074,0.185206666666667,0.80642,1.03969819474608,0.496431315842961,0,"2: Chr + Passive NC (Free)","Normal"
1992,0.00864666666666667,0.00253998823420209,0.00558,0.01094,0.181933333333333,0.80942,1.04311015313789,0.504466642118241,0,"2: Chr + Passive NC (Free)","Normal"
1992.5,0.0088,0.00268019556671935,0.00576,0.01166,0.178606666666667,0.812593333333333,1.04828867365136,0.507384565913645,0,"2: Chr + Passive NC (Free)","Normal"
1993,0.00907333333333333,0.00282280532184872,0.00614,0.01204,0.17534,0.815586666666667,1.05556766715352,0.520860602464526,0,"2: Chr + Passive NC (Free)","Normal"
1993.5,0.00935333333333333,0.00294111559098588,0.006,0.01248,0.172186666666667,0.81846,1.0577762527164,0.526375814912319,0,"2: Chr + Passive NC (Free)","Normal"
1994,0.00956,0.00301828907918331,0.00618,0.01284,0.169386666666667,0.821053333333333,1.05792801176651,0.526454624287581,0,"2: Chr + Passive NC (Free)","Normal"
1994.5,0.00973333333333333,0.0032027287216322,0.00636,0.0134,0.166633333333333,0.823633333333333,1.06739843078088,0.527249283066852,0,"2: Chr + Passive NC (Free)","Normal"
1995,0.00999333333333333,0.00335794819673473,0.00694,0.0138,0.163793333333333,0.826213333333333,1.07322449994766,0.530882230244913,0,"2: Chr + Passive NC (Free)","Normal"
1995.5,0.0102,0.00344893786748806,0.00712,0.01382,0.16106,0.82874,1.07977117334878,0.534004215922815,0,"2: Chr + Passive NC (Free)","Normal"
1996,0.01034,0.00352024685654777,0.00712,0.014,0.158686666666667,0.830973333333333,1.08296407268598,0.531611666733545,0,"2: Chr + Passive NC (Free)","Normal"
1996.5,0.01058,0.00360281499137396,0.00714,0.01422,0.156,0.83342,1.08830337621423,0.536056625829294,0,"2: Chr + Passive NC (Free)","Normal"
1997,0.0107666666666667,0.00363245270357071,0.00714,0.01422,0.153553333333333,0.83568,1.08991350502614,0.533206177230962,0,"2: Chr + Passive NC (Free)","Normal"
1997.5,0.0110333333333333,0.00372024594416249,0.00714,0.01452,0.151006666666667,0.83796,1.09190001986617,0.530136895692852,0,"2: Chr + Passive NC (Free)","Normal"
1998,0.01126,0.00390548685648882,0.00698,0.01548,0.14868,0.84006,1.09545004125228,0.530164554074685,0,"2: Chr + Passive NC (Free)","Normal"
1998.5,0.0114266666666667,0.00396909903207728,0.00718,0.01568,0.146353333333333,0.84222,1.09440751335859,0.530205229947139,0,"2: Chr + Passive NC (Free)","Normal"
1999,0.0116666666666667,0.00415238471851715,0.00736,0.01664,0.144093333333333,0.84424,1.09579407075922,0.531944687298785,0,"2: Chr + Passive NC (Free)","Normal"
1999.5,0.01192,0.0041401649142566,0.00778,0.0169,0.141886666666667,0.846193333333333,1.09435654233433,0.534173912837752,0,"2: Chr + Passive NC (Free)","Normal"
2000,0.0121133333333333,0.00426717489789151,0.00758,0.01762,0.139913333333333,0.847973333333333,1.0966119793658,0.533094658700446,0,"2: Chr + Passive NC (Free)","Normal"
2000.5,0.0123266666666667,0.00439889745852011,0.0076,0.0175,0.13768,0.849993333333333,1.09701602380739,0.539354262250651,0,"2: Chr + Passive NC (Free)","Normal"
2001,0.0126933333333333,0.00460905655192585,0.00778,0.0182,0.135533333333333,0.851773333333333,1.10029914526687,0.544517017586934,0,"2: Chr + Passive NC (Free)","Normal"
2001.5,0.0128933333333333,0.00468121214285753,0.0078,0.01878,0.133686666666667,0.85342,1.10221285918714,0.542991951513593,0,"2: Chr + Passive NC (Free)","Normal"
2002,0.0130533333333333,0.00483947370559304,0.00778,0.01888,0.131886666666667,0.85506,1.10446246929893,0.542477800116344,0,"2: Chr + Passive NC (Free)","Normal"
2002.5,0.0132466666666667,0.00493675401755901,0.008,0.01962,0.130146666666667,0.856606666666667,1.10413699066377,0.541318143993977,0,"2: Chr + Passive NC (Free)","Normal"
2003,0.0135,0.00507590657776588,0.0082,0.01984,0.12832,0.85818,1.10373576282303,0.543247251927229,0,"2: Chr + Passive NC (Free)","Normal"
2003.5,0.01368,0.00514066948544844,0.00838,0.02006,0.1266,0.85972,1.10310931982882,0.53853493228276,0,"2: Chr + Passive NC (Free)","Normal"
2004,0.0139266666666667,0.00518179394667012,0.0086,0.0201,0.124833333333333,0.86124,1.10229646114284,0.536032449304877,0,"2: Chr + Passive NC (Free)","Normal"
2004.5,0.01416,0.00517617885956493,0.0088,0.02084,0.123186666666667,0.862653333333333,1.10239205173847,0.537691704056823,0,"2: Chr + Passive NC (Free)","Normal"
2005,0.0143466666666667,0.00528313734724785,0.009,0.02104,0.1215,0.864153333333333,1.10361001477528,0.535705120463141,0,"2: Chr + Passive NC (Free)","Normal"
2005.5,0.0145066666666667,0.00543468638395575,0.0088,0.02126,0.119973333333333,0.86552,1.10307884814819,0.527080664161018,0,"2: Chr + Passive NC (Free)","Normal"
2006,0.0147533333333333,0.00557597885845033,0.00898,0.02206,0.118353333333333,0.866893333333333,1.10126367481893,0.523399729249476,0,"2: Chr + Passive NC (Free)","Normal"
2006.5,0.0149333333333333,0.00563519319090753,0.00918,0.02244,0.116833333333333,0.868233333333333,1.10010377193658,0.524939439269126,0,"2: Chr + Passive NC (Free)","Normal"
2007,0.0150666666666667,0.00563152048637894,0.00918,0.02278,0.115313333333333,0.86962,1.10030756754142,0.521109022987767,0,"2: Chr + Passive NC (Free)","Normal"
2007.5,0.01522,0.0057368380092894,0.00938,0.02282,0.11386,0.87092,1.10130604864994,0.518574976585303,0,"2: Chr + Passive NC (Free)","Normal"
2008,0.01538,0.00581824715872401,0.00956,0.0232,0.112406666666667,0.872213333333333,1.10102156353136,0.511194502721434,0,"2: Chr + Passive NC (Free)","Normal"
2008.5,0.0155133333333333,0.00591542305207814,0.00958,0.0241,0.110913333333333,0.873573333333333,1.10235905195863,0.50819173458797,0,"2: Chr + Passive NC (Free)","Normal"
2009,0.0157333333333333,0.00597219611506367,0.0098,0.02412,0.1094,0.874866666666667,1.10072163573377,0.508737298538638,0,"2: Chr + Passive NC (Free)","Normal"
2009.5,0.01596,0.00610062744087965,0.0098,0.02434,0.107933333333333,0.876106666666667,1.10044069810552,0.502413863424687,0,"2: Chr + Passive NC (Free)","Normal"
2010,0.0161,0.00615741773014047,0.0098,0.02438,0.106566666666667,0.877333333333333,1.0994993934945,0.500558407531528,0,"2: Chr + Passive NC (Free)","Normal"
2010.5,0.0162,0.00617201693965986,0.00998,0.02458,0.105266666666667,0.878533333333333,1.0995391723832,0.496969511524229,0,"2: Chr + Passive NC (Free)","Normal"
2011,0.0162466666666667,0.00618623239656965,0.0098,0.02456,0.103886666666667,0.879866666666667,1.10096072262494,0.494478940964972,0,"2: Chr + Passive NC (Free)","Normal"
2011.5,0.0163466666666667,0.00616439908603864,0.0098,0.02492,0.1025,0.881153333333333,1.09886099870696,0.492664533671015,0,"2: Chr + Passive NC (Free)","Normal"
2012,0.0163866666666667,0.00615364951056286,0.0098,0.02492,0.10106,0.882553333333333,1.09864148109452,0.489058900882817,0,"2: Chr + Passive NC (Free)","Normal"
2012.5,0.0165133333333333,0.0062211393420051,0.01016,0.0255,0.0993333333333333,0.884153333333333,1.09782781984618,0.488751275977061,0,"2: Chr + Passive NC (Free)","Normal"
2013,0.0165333333333333,0.00628327464224548,0.00994,0.02584,0.0977133333333333,0.885753333333333,1.09918976279479,0.487519565193565,0,"2: Chr + Passive NC (Free)","Normal"
2013.5,0.0165733333333333,0.00634148537659823,0.0096,0.02602,0.09614,0.887286666666667,1.10030789315959,0.486864939640409,0,"2: Chr + Passive NC (Free)","Normal"
2014,0.01652,0.00634210886279842,0.00958,0.026,0.0945466666666667,0.888933333333333,1.09970217407837,0.480626158030905,0,"2: Chr + Passive NC (Free)","Normal"
2014.5,0.01658,0.00649187290333871,0.0094,0.02554,0.09308,0.89034,1.10041130471963,0.477098146176604,0,"2: Chr + Passive NC (Free)","Normal"
2015,0.0166066666666667,0.00642204894435399,0.00976,0.0257,0.0916666666666667,0.891726666666667,1.09964881177156,0.471621307105194,0,"2: Chr + Passive NC (Free)","Normal"
2015.5,0.0166,0.00630139557613205,0.0098,0.02542,0.0903133333333333,0.893086666666667,1.09866388456729,0.470839330040146,0,"2: Chr + Passive NC (Free)","Normal"
2016,0.0165733333333333,0.00638332598060859,0.0098,0.0258,0.0888533333333333,0.894573333333333,1.09858016308043,0.46488226679288,0,"2: Chr + Passive NC (Free)","Normal"
2016.5,0.01658,0.006459924201541,0.0098,0.02562,0.08748,0.89594,1.09776988466794,0.461764508453067,0,"2: Chr + Passive NC (Free)","Normal"
2017,0.0165533333333333,0.0065010732977708,0.01,0.0255,0.0859133333333333,0.897533333333333,1.09809985099847,0.458658782958527,0,"2: Chr + Passive NC (Free)","Normal"
2017.5,0.0165333333333333,0.00649399368824674,0.00996,0.0259,0.0846666666666667,0.8988,1.09825465239206,0.454977507931723,0,"2: Chr + Passive NC (Free)","Normal"
2018,0.0166466666666667,0.00655495250164718,0.00996,0.0259,0.0833266666666667,0.900026666666667,1.09699647486987,0.457516189736446,0,"2: Chr + Passive NC (Free)","Normal"
2018.5,0.0166866666666667,0.00666450884618811,0.01012,0.02628,0.08206,0.901253333333333,1.09579839154694,0.454856893010984,0,"2: Chr + Passive NC (Free)","Normal"
2019,0.0165866666666667,0.00667448736677173,0.00994,0.02644,0.0809133333333333,0.9025,1.09548827075957,0.450439765730637,0,"2: Chr + Passive NC (Free)","Normal"
2019.5,0.0166733333333333,0.00667480767297938,0.01016,0.02642,0.0797066666666667,0.90362,1.09510196689015,0.451099588184892,0,"2: Chr + Passive NC (Free)","Normal"
2020,0.0166666666666667,0.0066714695343025,0.01016,0.02646,0.0784266666666667,0.904906666666667,1.09389197861998,0.447219950025556,0,"2: Chr + Passive NC (Free)","Normal"
2020.5,0.0166933333333333,0.00665872170259755,0.01018,0.02634,0.0771466666666667,0.90616,1.09283012549171,0.448581802489959,0,"2: Chr + Passive NC (Free)","Normal"
2021,0.0166533333333333,0.00660134434236215,0.01018,0.02612,0.0759933333333333,0.907353333333333,1.09256932591087,0.442327244499127,0,"2: Chr + Passive NC (Free)","Normal"
2021.5,0.0166533333333333,0.0066348990239092,0.01034,0.0262,0.07486,0.908486666666667,1.09221675289093,0.438427173519504,0,"2: Chr + Passive NC (Free)","Normal"
2022,0.0165933333333333,0.00657403111169024,0.00998,0.02564,0.0736333333333333,0.909773333333333,1.09086336297228,0.439582267128118,0,"2: Chr + Passive NC (Free)","Normal"
2022.5,0.01658,0.00659285925099636,0.00998,0.02544,0.0727666666666667,0.910653333333333,1.0914638927611,0.434938857703333,0,"2: Chr + Passive NC (Free)","Normal"
2023,0.0165333333333333,0.00662728598599984,0.01014,0.02566,0.07172,0.911746666666667,1.08908455983238,0.436670105078247,0,"2: Chr + Passive NC (Free)","Normal"
2023.5,0.0165533333333333,0.0066231950479869,0.01014,0.02602,0.0706466666666667,0.9128,1.08788831332043,0.432967324130883,0,"2: Chr + Passive NC (Free)","Normal"
2024,0.0164866666666667,0.00660108315737461,0.00978,0.0258,0.0695733333333333,0.91394,1.08809934434945,0.429401070170933,0,"2: Chr + Passive NC (Free)","Normal"
2024.5,0.0164466666666667,0.00656546520311648,0.0098,0.02544,0.0684666666666667,0.915086666666667,1.08720203130621,0.424071258699592,0,"2: Chr + Passive NC (Free)","Normal"
2025,0.0164266666666667,0.00656022147089002,0.00978,0.02544,0.0674533333333333,0.91612,1.08651118014285,0.422943385002542,0,"2: Chr + Passive NC (Free)","Normal"
2025.5,0.0164666666666667,0.00647761840724545,0.00996,0.02526,0.06648,0.917053333333333,1.0849922090733,0.420483726164846,0,"2: Chr + Passive NC (Free)","Normal"
2026,0.0164533333333333,0.00642429297509734,0.00976,0.02524,0.0655066666666667,0.91804,1.08300395075015,0.42152994167539,0,"2: Chr + Passive NC (Free)","Normal"
2026.5,0.0164533333333333,0.00629962961874215,0.00978,0.02522,0.0645533333333333,0.918993333333333,1.08224863466927,0.419541569680207,0,"2: Chr + Passive NC (Free)","Normal"
2027,0.01646,0.00624911579952413,0.0096,0.0252,0.0636,0.91994,1.08143210905113,0.421043142142109,0,"2: Chr + Passive NC (Free)","Normal"
2027.5,0.0164733333333333,0.00630937634676023,0.00978,0.02522,0.0627066666666667,0.92082,1.07968888232865,0.418045184007869,0,"2: Chr + Passive NC (Free)","Normal"
2028,0.0164333333333333,0.00641336607155837,0.0096,0.02524,0.0617466666666667,0.92182,1.07887963250787,0.415369450524556,0,"2: Chr + Passive NC (Free)","Normal"
2028.5,0.0164066666666667,0.00640118164378903,0.00958,0.02486,0.0608,0.922793333333333,1.07942121915559,0.411229734595026,0,"2: Chr + Passive NC (Free)","Normal"
2029,0.0163733333333333,0.00646768803404641,0.0094,0.02486,0.0598066666666667,0.92382,1.0781585195653,0.408662401461278,0,"2: Chr + Passive NC (Free)","Normal"
2029.5,0.0163666666666667,0.00649181624515971,0.0094,0.02484,0.0588733333333333,0.92476,1.07840148275518,0.407214411394671,0,"2: Chr + Passive NC (Free)","Normal"
2030,0.0163133333333333,0.00649831454717475,0.00958,0.02482,0.05798,0.925706666666667,1.0792424444538,0.401978649497046,0,"2: Chr + Passive NC (Free)","Normal"
2030.5,0.01628,0.00650126778087326,0.00958,0.02462,0.0570333333333333,0.926686666666667,1.07945891409939,0.397511239205113,0,"2: Chr + Passive NC (Free)","Normal"
2031,0.0161933333333333,0.00646486169856782,0.00938,0.02444,0.0560266666666667,0.92778,1.07820326194919,0.394104212597031,0,"2: Chr + Passive NC (Free)","Normal"
2031.5,0.0161333333333333,0.00638950288570533,0.00938,0.02444,0.0550866666666667,0.92878,1.07888631208177,0.390656643680072,0,"2: Chr + Passive NC (Free)","Normal"
2032,0.0160866666666667,0.00632557661721284,0.00938,0.02424,0.0541066666666667,0.929806666666667,1.07762339111599,0.390950216762925,0,"2: Chr + Passive NC (Free)","Normal"
2032.5,0.01598,0.00633465563933554,0.00918,0.02404,0.05342,0.9306,1.07974497736921,0.383174707295155,0,"2: Chr + Passive NC (Free)","Normal"
2033,0.0159466666666667,0.00628252822672053,0.00936,0.02422,0.05254,0.931513333333333,1.07808332324836,0.381918169838847,0,"2: Chr + Passive NC (Free)","Normal"
2033.5,0.0159,0.00631904619603198,0.00934,0.02422,0.05172,0.93238,1.07730332408642,0.380017881143479,0,"2: Chr + Passive NC (Free)","Normal"
2034,0.0158266666666667,0.00632733169960147,0.00918,0.02428,0.0508866666666667,0.933286666666667,1.07750029908084,0.374050495938889,0,"2: Chr + Passive NC (Free)","Normal"
2034.5,0.0157933333333333,0.00630434624756567,0.00918,0.02444,0.0500133333333333,0.934193333333333,1.07704869799758,0.368816923873525,0,"2: Chr + Passive NC (Free)","Normal"
2035,0.0157133333333333,0.00631095016253678,0.0088,0.02442,0.0492533333333333,0.935033333333333,1.07688745189257,0.365684313925792,0,"2: Chr + Passive NC (Free)","Normal"
2035.5,0.01568,0.00628969600712697,0.00898,0.0244,0.0485466666666667,0.935773333333333,1.07637033140428,0.363907348186312,0,"2: Chr + Passive NC (Free)","Normal"
2036,0.01566,0.00620570371679874,0.00916,0.02428,0.04776,0.93658,1.07553501763561,0.367127925055518,0,"2: Chr + Passive NC (Free)","Normal"
2036.5,0.01564,0.0062170843593307,0.00916,0.02416,0.0471266666666667,0.937233333333333,1.07543242763962,0.361049006743262,0,"2: Chr + Passive NC (Free)","Normal"
2037,0.0156733333333333,0.00620666679012803,0.00914,0.02414,0.0464666666666667,0.93786,1.07288438169438,0.357711786975948,0,"2: Chr + Passive NC (Free)","Normal"
2037.5,0.0155933333333333,0.00621199803124807,0.00916,0.02414,0.0457533333333333,0.938653333333333,1.07394122019289,0.354908822777117,0,"2: Chr + Passive NC (Free)","Normal"
2038,0.0155066666666667,0.00620449966491691,0.00916,0.0236,0.04508,0.939413333333333,1.07251568126846,0.35120549731808,0,"2: Chr + Passive NC (Free)","Normal"
2038.5,0.0154266666666667,0.00615091433255551,0.00916,0.02394,0.0443933333333333,0.94018,1.07127197846253,0.346684816101121,0,"2: Chr + Passive NC (Free)","Normal"
2039,0.0153866666666667,0.00618874023910573,0.00898,0.02448,0.0436733333333333,0.94094,1.07101281011894,0.340172876627004,0,"2: Chr + Passive NC (Free)","Normal"
2039.5,0.01538,0.00617298899265569,0.00898,0.02444,0.0430533333333333,0.941566666666667,1.06997255175001,0.336444808021495,0,"2: Chr + Passive NC (Free)","Normal"
2040,0.0152666666666667,0.00610852052370341,0.00878,0.02442,0.04242,0.942313333333333,1.07038123157071,0.332659185565657,0,"2: Chr + Passive NC (Free)","Normal"
2040.5,0.01524,0.00604612158386652,0.00876,0.02422,0.0417933333333333,0.942966666666667,1.06976984079275,0.331704153858654,0,"2: Chr + Passive NC (Free)","Normal"
2041,0.0151,0.00598613340174175,0.00876,0.0238,0.0410933333333333,0.943806666666667,1.07137562898111,0.325563769839799,0,"2: Chr + Passive NC (Free)","Normal"
2041.5,0.0150333333333333,0.00593832284074548,0.00876,0.0236,0.0404133333333333,0.944553333333333,1.07122209890568,0.322942724940361,0,"2: Chr + Passive NC (Free)","Normal"
2042,0.0148666666666667,0.00584992386235943,0.00876,0.0232,0.0396533333333333,0.94548,1.07201166855,0.319682406377015,0,"2: Chr + Passive NC (Free)","Normal"
2042.5,0.01486,0.00589918755364698,0.00858,0.02302,0.0390266666666667,0.946113333333333,1.07236307419687,0.318617033107878,0,"2: Chr + Passive NC (Free)","Normal"
2043,0.0147533333333333,0.00579457137942612,0.00858,0.02242,0.03854,0.946706666666667,1.07221204401396,0.31524118144875,0,"2: Chr + Passive NC (Free)","Normal"
2043.5,0.01466,0.00575527344387676,0.00858,0.022,0.0378933333333333,0.947446666666667,1.07142888242527,0.312029910397714,0,"2: Chr + Passive NC (Free)","Normal"
2044,0.0146066666666667,0.00574839907748436,0.00856,0.022,0.03732,0.948073333333333,1.07191181017814,0.310471260346992,0,"2: Chr + Passive NC (Free)","Normal"
2044.5,0.01452,0.00574074367404037,0.00856,0.02202,0.0367666666666667,0.948713333333333,1.07058793793052,0.302800389394776,0,"2: Chr + Passive NC (Free)","Normal"
2045,0.0144466666666667,0.0056730903415148,0.00856,0.0218,0.03624,0.949313333333333,1.06978134119242,0.297417799186168,0,"2: Chr + Passive NC (Free)","Normal"
2045.5,0.0144066666666667,0.00564501203891898,0.00856,0.02162,0.0356733333333333,0.94992,1.06980648335535,0.294198010262667,0,"2: Chr + Passive NC (Free)","Normal"
2046,0.0144,0.00561696936324084,0.00856,0.02142,0.0351533333333333,0.950446666666667,1.06943084072829,0.28780098836869,0,"2: Chr + Passive NC (Free)","Normal"
2046.5,0.01428,0.00560728590072004,0.00854,0.02142,0.0345333333333333,0.951186666666667,1.07001091575668,0.28431383573238,0,"2: Chr + Passive NC (Free)","Normal"
2047,0.01412,0.00553225027483828,0.0087,0.02142,0.03394,0.95194,1.06932271771204,0.287463680491023,0,"2: Chr + Passive NC (Free)","Normal"
2047.5,0.01408,0.00550275166276554,0.0087,0.0216,0.0334066666666667,0.952513333333333,1.06844739424814,0.288205976904312,0,"2: Chr + Passive NC (Free)","Normal"
2048,0.0140133333333333,0.00549982653853946,0.00852,0.0216,0.0329466666666667,0.95304,1.06866220344703,0.282791436523475,0,"2: Chr + Passive NC (Free)","Normal"
2048.5,0.0138533333333333,0.00543575222934697,0.00852,0.0214,0.0324733333333333,0.953673333333333,1.06890886098384,0.279419897868831,0,"2: Chr + Passive NC (Free)","Normal"
2049,0.0138266666666667,0.00548948419995988,0.00854,0.02142,0.03196,0.954213333333333,1.06891903104954,0.280050245146252,0,"2: Chr + Passive NC (Free)","Normal"
2049.5,0.0137466666666667,0.00546334073200848,0.00832,0.02106,0.03146,0.954793333333333,1.06758316709785,0.279285559026584,0,"2: Chr + Passive NC (Free)","Normal"
2050,0.0136933333333333,0.00553203419176442,0.0083,0.0209,0.0310933333333333,0.955213333333333,1.06636076322807,0.276644213037625,0,"2: Chr + Passive NC (Free)","Normal"
2050.5,0.01366,0.00556891619493478,0.00832,0.02072,0.0306533333333333,0.955686666666667,1.06527525962074,0.274804303207103,0,"2: Chr + Passive NC (Free)","Normal"
2051,0.0135533333333333,0.00555367125132701,0.00796,0.02088,0.0302933333333333,0.956153333333333,1.06553004311777,0.277588111902162,0,"2: Chr + Passive NC (Free)","Normal"
2051.5,0.01348,0.0055344937157481,0.00796,0.0207,0.0298533333333333,0.956666666666667,1.0650492662393,0.27450336911712,0,"2: Chr + Passive NC (Free)","Normal"
2052,0.0133733333333333,0.0054534350663585,0.00796,0.02046,0.0293733333333333,0.957253333333333,1.06500300442003,0.266551794544835,0,"2: Chr + Passive NC (Free)","Normal"
2052.5,0.0133333333333333,0.00543737597295464,0.00798,0.02044,0.0289533333333333,0.957713333333333,1.06392997709191,0.26772869930915,0,"2: Chr + Passive NC (Free)","Normal"
2053,0.0132066666666667,0.00535356364286079,0.00796,0.02022,0.0285133333333333,0.95828,1.06506157314371,0.264184156154911,0,"2: Chr + Passive NC (Free)","Normal"
2053.5,0.0131133333333333,0.00527444936386293,0.00794,0.02004,0.0280733333333333,0.958813333333333,1.06369660260462,0.262259048650441,0,"2: Chr + Passive NC (Free)","Normal"
2054,0.0129933333333333,0.00519774044630226,0.00776,0.01982,0.0276733333333333,0.959333333333333,1.06341054608401,0.260888031375422,0,"2: Chr + Passive NC (Free)","Normal"
2054.5,0.01286,0.00515662279216637,0.00774,0.01982,0.02726,0.95988,1.06220050352325,0.257104259983246,0,"2: Chr + Passive NC (Free)","Normal"
2055,0.01278,0.00515908305137982,0.00774,0.01982,0.02684,0.96038,1.06211221517831,0.258204018433704,0,"2: Chr + Passive NC (Free)","Normal"
2055.5,0.0127066666666667,0.00517893167876671,0.00772,0.01946,0.0264333333333333,0.96086,1.06236456273637,0.255737560322065,0,"2: Chr + Passive NC (Free)","Normal"
2056,0.01264,0.00515909641914832,0.00772,0.01944,0.0261333333333333,0.961226666666667,1.06310033596979,0.250567746018492,0,"2: Chr + Passive NC (Free)","Normal"
2056.5,0.0125666666666667,0.00512924900958209,0.00772,0.01924,0.0258,0.961633333333333,1.06406615948544,0.248191272242734,0,"2: Chr + Passive NC (Free)","Normal"
2057,0.01246,0.00504576298867981,0.00772,0.01868,0.02546,0.96208,1.06280884399028,0.242543744433724,0,"2: Chr + Passive NC (Free)","Normal"
2057.5,0.01232,0.00505271521406884,0.00736,0.01848,0.0250466666666667,0.962633333333333,1.06514935829793,0.239127164579612,0,"2: Chr + Passive NC (Free)","Normal"
2058,0.0121933333333333,0.00499640790508771,0.00698,0.01864,0.02472,0.963086666666667,1.06656880547399,0.234331908446948,0,"2: Chr + Passive NC (Free)","Normal"
2058.5,0.0121133333333333,0.00497765582089244,0.00678,0.01862,0.0243666666666667,0.96352,1.06723417960293,0.231983299285508,0,"2: Chr + Passive NC (Free)","Normal"
2059,0.012,0.00493600424746925,0.00674,0.01842,0.0240533333333333,0.963946666666667,1.06610339173519,0.228948129273251,0,"2: Chr + Passive NC (Free)","Normal"
2059.5,0.0118866666666667,0.00490676755268598,0.00656,0.01804,0.02368,0.964433333333333,1.06724806385535,0.223956105122605,0,"2: Chr + Passive NC (Free)","Normal"
2060,0.0118266666666667,0.00483428369570661,0.00656,0.01804,0.02334,0.964833333333333,1.0689258010162,0.224624582211505,0,"2: Chr + Passive NC (Free)","Normal"
2060.5,0.01176,0.00477042613581233,0.00674,0.01802,0.0230266666666667,0.965213333333333,1.0695376495173,0.220644765687196,0,"2: Chr + Passive NC (Free)","Normal"
2061,0.01172,0.00477337442992647,0.00674,0.018,0.0227733333333333,0.965506666666667,1.06982003784002,0.214763359145289,0,"2: Chr + Passive NC (Free)","Normal"
2061.5,0.0116133333333333,0.00479739392855612,0.00654,0.01746,0.0224533333333333,0.965933333333333,1.07011034214403,0.211213612740196,0,"2: Chr + Passive NC (Free)","Normal"
2062,0.01152,0.00474497193044276,0.00618,0.0174,0.0220733333333333,0.966406666666667,1.06877309082159,0.212010119428624,0,"2: Chr + Passive NC (Free)","Normal"
2062.5,0.01144,0.00468906284291729,0.00618,0.01742,0.0218133333333333,0.966746666666667,1.06763516380579,0.214334420427265,0,"2: Chr + Passive NC (Free)","Normal"
2063,0.0113733333333333,0.00468974915389265,0.00618,0.0172,0.0214933333333333,0.967133333333333,1.06738420528724,0.216099993158216,0,"2: Chr + Passive NC (Free)","Normal"
2063.5,0.0113066666666667,0.00467384013517743,0.00618,0.0172,0.02114,0.967553333333333,1.06766766715872,0.213334124259778,0,"2: Chr + Passive NC (Free)","Normal"
2064,0.0112133333333333,0.0046836276342267,0.00616,0.01682,0.0208266666666667,0.96796,1.06707096818009,0.210727700714114,0,"2: Chr + Passive NC (Free)","Normal"
2064.5,0.0111733333333333,0.0046847465859652,0.00614,0.01684,0.02056,0.968266666666667,1.0653139667155,0.211942325644269,0,"2: Chr + Passive NC (Free)","Normal"
2065,0.0110533333333333,0.00465289923213128,0.00578,0.01646,0.02022,0.968726666666667,1.06543434005614,0.208862976840224,0,"2: Chr + Passive NC (Free)","Normal"
2065.5,0.0110066666666667,0.00460329217523445,0.00576,0.01642,0.01988,0.969113333333333,1.06535767445505,0.206902327759244,0,"2: Chr + Passive NC (Free)","Normal"
2066,0.0109133333333333,0.00459225234598398,0.00596,0.0164,0.01964,0.969446666666667,1.06602991909073,0.203715511667456,0,"2: Chr + Passive NC (Free)","Normal"
2066.5,0.01082,0.00459755557240794,0.00596,0.01622,0.01936,0.96982,1.06785510646545,0.199401728498259,0,"2: Chr + Passive NC (Free)","Normal"
2067,0.0107666666666667,0.00460916129204565,0.00596,0.01622,0.0190866666666667,0.970146666666667,1.06749685448263,0.190705693887953,0,"2: Chr + Passive NC (Free)","Normal"
2067.5,0.0107133333333333,0.00454242327347445,0.0056,0.01622,0.0188066666666667,0.97048,1.06675612248676,0.18700437467159,0,"2: Chr + Passive NC (Free)","Normal"
2068,0.0106533333333333,0.00448720274845556,0.00558,0.0162,0.01854,0.970806666666667,1.06641945746303,0.186493972774658,0,"2: Chr + Passive NC (Free)","Normal"
2068.5,0.0105533333333333,0.00437790166501096,0.00558,0.01582,0.0182933333333333,0.971153333333333,1.06581756882261,0.185397518076892,0,"2: Chr + Passive NC (Free)","Normal"
2069,0.0104866666666667,0.00433229518952661,0.00558,0.01582,0.0180866666666667,0.971426666666667,1.0665807574653,0.182728774904819,0,"2: Chr + Passive NC (Free)","Normal"
2069.5,0.0104333333333333,0.00426439415055226,0.00556,0.01562,0.0178733333333333,0.971693333333333,1.066059673309,0.183210332018199,0,"2: Chr + Passive NC (Free)","Normal"
2070,0.01038,0.00421339407783943,0.00556,0.0156,0.0175733333333333,0.972046666666667,1.06580133723189,0.181126562474467,0,"2: Chr + Passive NC (Free)","Normal"
2070.5,0.0102933333333333,0.00412953477661399,0.00558,0.0154,0.0173133333333333,0.972393333333333,1.0659090739568,0.180901877715612,0,"2: Chr + Passive NC (Free)","Normal"
2071,0.01022,0.00411602419482852,0.00558,0.01502,0.0170933333333333,0.972686666666667,1.06699193824122,0.179091955481012,0,"2: Chr + Passive NC (Free)","Normal"
2071.5,0.0101533333333333,0.00405230741705252,0.00558,0.01502,0.0168133333333333,0.973033333333333,1.06741467352282,0.18075745447741,0,"2: Chr + Passive NC (Free)","Normal"
2072,0.0100466666666667,0.00405162660679875,0.00538,0.01464,0.01656,0.973393333333333,1.06836519568091,0.175650371257901,0,"2: Chr + Passive NC (Free)","Normal"
2072.5,0.0100133333333333,0.00400066661112037,0.00556,0.01464,0.0163,0.973686666666667,1.06671012199514,0.176853303406251,0,"2: Chr + Passive NC (Free)","Normal"
2073,0.00997333333333333,0.00401058369931303,0.00556,0.0148,0.0160133333333333,0.974013333333333,1.06555729678971,0.173981176158173,0,"2: Chr + Passive NC (Free)","Normal"
2073.5,0.00991333333333333,0.00401503496213002,0.00538,0.01462,0.0157866666666667,0.9743,1.06636731076696,0.176617655218627,0,"2: Chr + Passive NC (Free)","Normal"
2074,0.00988,0.00400950594600313,0.00536,0.01482,0.0155466666666667,0.974573333333333,1.06520436740167,0.171544005633835,0,"2: Chr + Passive NC (Free)","Normal"
2074.5,0.00982,0.00403308729182103,0.00536,0.0148,0.0153066666666667,0.974873333333333,1.06348107462779,0.171799749790331,0,"2: Chr + Passive NC (Free)","Normal"
2075,0.00970666666666667,0.00398643677498083,0.00534,0.0146,0.01512,0.975173333333333,1.06449885770888,0.170208233416853,0,"2: Chr + Passive NC (Free)","Normal"
2075.5,0.00964,0.00402283139266277,0.00534,0.01462,0.01484,0.97552,1.06518471408434,0.165380890698881,0,"2: Chr + Passive NC (Free)","Normal"
2076,0.00961333333333333,0.00404148601326323,0.00534,0.01462,0.0145733333333333,0.975813333333333,1.06432958731212,0.166899738632155,0,"2: Chr + Passive NC (Free)","Normal"
2076.5,0.00951333333333333,0.00403661973073693,0.00516,0.0148,0.0142733333333333,0.976213333333333,1.06578532749654,0.164822361559881,0,"2: Chr + Passive NC (Free)","Normal"
2077,0.00944,0.00399358105654216,0.00516,0.01462,0.0141,0.97646,1.06602136758291,0.162168110752171,0,"2: Chr + Passive NC (Free)","Normal"
2077.5,0.00939333333333333,0.00396831705259107,0.00516,0.0146,0.01392,0.976686666666667,1.06455432471227,0.160716619625582,0,"2: Chr + Passive NC (Free)","Normal"
2078,0.0093,0.00396597598545949,0.00516,0.0146,0.0137533333333333,0.976946666666667,1.06483414891239,0.160318834057409,0,"2: Chr + Passive NC (Free)","Normal"
2078.5,0.00922,0.00397903124581504,0.00514,0.01424,0.0135466666666667,0.977233333333333,1.06662976196936,0.158539229999843,0,"2: Chr + Passive NC (Free)","Normal"
2079,0.00916,0.00394632959107312,0.00512,0.01424,0.0134,0.97744,1.06806079939023,0.159030861178077,0,"2: Chr + Passive NC (Free)","Normal"
2079.5,0.00909333333333333,0.00391556868933742,0.00494,0.0144,0.0132133333333333,0.977693333333333,1.06893807853116,0.158691818133931,0,"2: Chr + Passive NC (Free)","Normal"
1980,0.00506,0.000283573258794704,0.0048,0.0054,0.32194,0.673,0.378378625886927,0.0355056301722968,0,"3: Chr + Active NC (Free)","Normal"
1980.5,0.00512666666666667,0.00042176422023598,0.0046,0.0058,0.31894,0.675933333333333,0.440642128935482,0.070696828817857,0,"3: Chr + Active NC (Free)","Normal"
1981,0.00515333333333333,0.000453897552874817,0.0046,0.00562,0.315786666666667,0.67906,0.490795627634401,0.0972419444530889,0,"3: Chr + Active NC (Free)","Normal"
1981.5,0.00526,0.000506917663177541,0.00478,0.00582,0.31266,0.68208,0.536078132500436,0.129221121683765,0,"3: Chr + Active NC (Free)","Normal"
1982,0.00532,0.000586279914316561,0.00478,0.0062,0.309166666666667,0.685513333333333,0.585244968726621,0.159269974056837,0,"3: Chr + Active NC (Free)","Normal"
1982.5,0.00538,0.000650411010637597,0.00458,0.00622,0.306393333333333,0.688226666666667,0.62658049432397,0.186170404000295,0,"3: Chr + Active NC (Free)","Normal"
1983,0.00548666666666667,0.000734721778603318,0.0044,0.00642,0.303786666666667,0.690726666666667,0.671683603425588,0.210125460634535,0,"3: Chr + Active NC (Free)","Normal"
1983.5,0.00561333333333333,0.000787721871682155,0.0046,0.0066,0.301426666666667,0.69296,0.700892999816535,0.234033268303581,0,"3: Chr + Active NC (Free)","Normal"
1984,0.00565333333333333,0.000805041585275561,0.0046,0.00662,0.299133333333333,0.695213333333333,0.724310992053266,0.246651683216167,0,"3: Chr + Active NC (Free)","Normal"
1984.5,0.00576666666666667,0.000905284612641272,0.0048,0.00682,0.296926666666667,0.697306666666667,0.750544100684404,0.267218605011305,0,"3: Chr + Active NC (Free)","Normal"
1985,0.00592,0.000970744470798679,0.00498,0.007,0.294526666666667,0.699553333333333,0.774255610655065,0.292851371415807,0,"3: Chr + Active NC (Free)","Normal"
1985.5,0.00603333333333333,0.00105449230579863,0.005,0.0072,0.292246666666667,0.70172,0.800490674363747,0.310178568694968,0,"3: Chr + Active NC (Free)","Normal"
1986,0.00619333333333333,0.00114166645691751,0.00518,0.00742,0.290006666666667,0.7038,0.816130608130892,0.32729310371689,0,"3: Chr + Active NC (Free)","Normal"
1986.5,0.00633333333333333,0.00123549050243585,0.005,0.00784,0.288313333333333,0.705353333333333,0.838909987120841,0.347044370623489,0,"3: Chr + Active NC (Free)","Normal"
1987,0.00642,0.00125544332051849,0.005,0.00782,0.28582,0.70776,0.860884321752439,0.36193121049517,0,"3: Chr + Active NC (Free)","Normal"
1987.5,0.00662,0.00134661772984943,0.00534,0.00842,0.28394,0.70944,0.89050413918049,0.384603915556981,0,"3: Chr + Active NC (Free)","Normal"
1988,0.00675333333333333,0.00147314660490402,0.00516,0.00884,0.28276,0.710486666666667,0.912370251453937,0.396697345450503,0,"3: Chr + Active NC (Free)","Normal"
1988.5,0.00688666666666667,0.00161517231563552,0.00498,0.00922,0.281106666666667,0.712006666666667,0.928912132187882,0.406298285292135,0,"3: Chr + Active NC (Free)","Normal"
1989,0.00698666666666667,0.00173796022599093,0.0048,0.00904,0.27972,0.713293333333333,0.946799504136535,0.417025963146677,0,"3: Chr + Active NC (Free)","Normal"
1989.5,0.00708,0.00182518775604801,0.00498,0.00942,0.278446666666667,0.714473333333333,0.95589881969845,0.423226868534287,0,"3: Chr + Active NC (Free)","Normal"
1990,0.00720666666666667,0.00194083759617147,0.00478,0.00962,0.276913333333333,0.71588,0.969602313413102,0.441810905119637,0,"3: Chr + Active NC (Free)","Normal"
1990.5,0.00736666666666667,0.00201585668164171,0.00478,0.00984,0.275513333333333,0.71712,0.977848799159576,0.446209373324838,0,"3: Chr + Active NC (Free)","Normal"
1991,0.00749333333333333,0.00212163458996438,0.00478,0.01002,0.273826666666667,0.71868,0.984496174360459,0.44589420655452,0,"3: Chr + Active NC (Free)","Normal"
1991.5,0.00760666666666667,0.00219685250290961,0.00498,0.01028,0.27242,0.719973333333333,0.996618507817921,0.452842485465567,0,"3: Chr + Active NC (Free)","Normal"
1992,0.00780666666666667,0.00232140464810207,0.00516,0.01086,0.270873333333333,0.72132,1.00181732211668,0.458917708289214,0,"3: Chr + Active NC (Free)","Normal"
1992.5,0.00806,0.00246249102921524,0.00554,0.01126,0.2695,0.72244,1.00581966015982,0.465170695188042,0,"3: Chr + Active NC (Free)","Normal"
1993,0.00817333333333333,0.00254435593548481,0.00536,0.01162,0.26806,0.723766666666667,1.01571637332027,0.467147608237668,0,"3: Chr + Active NC (Free)","Normal"
1993.5,0.00843333333333333,0.00270584722321906,0.00556,0.0124,0.26646,0.725106666666667,1.02117792279038,0.477948940984281,0,"3: Chr + Active NC (Free)","Normal"
1994,0.00856666666666667,0.00277231800600811,0.00576,0.0128,0.265053333333333,0.72638,1.02327227636971,0.478201823793236,0,"3: Chr + Active NC (Free)","Normal"
1994.5,0.00878666666666667,0.00292948545950842,0.00576,0.0134,0.263726666666667,0.727486666666667,1.03036408172414,0.485959156272474,0,"3: Chr + Active NC (Free)","Normal"
1995,0.00896,0.00310789872466247,0.00578,0.014,0.26274,0.7283,1.03323861659773,0.493400733181389,0,"3: Chr + Active NC (Free)","Normal"
1995.5,0.00911333333333333,0.00326303574893849,0.00558,0.0144,0.26116,0.729726666666667,1.03807577406065,0.49719555795002,0,"3: Chr + Active NC (Free)","Normal"
1996,0.00925333333333333,0.00337125100420205,0.00558,0.01444,0.259826666666667,0.73092,1.04134682035734,0.502363619119768,0,"3: Chr + Active NC (Free)","Normal"
1996.5,0.00948,0.00346672855824504,0.0056,0.01482,0.2583,0.73222,1.04394262508585,0.5105621115475,0,"3: Chr + Active NC (Free)","Normal"
1997,0.00967333333333333,0.00348454057064999,0.00558,0.01504,0.256793333333333,0.733533333333333,1.04522534028412,0.516134547967935,0,"3: Chr + Active NC (Free)","Normal"
1997.5,0.00988666666666667,0.00358759676868968,0.0056,0.01542,0.25554,0.734573333333333,1.0494844984568,0.522240404057619,0,"3: Chr + Active NC (Free)","Normal"
1998,0.01004,0.00372443932369183,0.00596,0.01602,0.254186666666667,0.735773333333333,1.05209747065188,0.523524295573299,0,"3: Chr + Active NC (Free)","Normal"
1998.5,0.0102666666666667,0.00383210874992665,0.00632,0.01602,0.252546666666667,0.737186666666667,1.05405857607857,0.523851267370615,0,"3: Chr + Active NC (Free)","Normal"
1999,0.01042,0.00385186027604934,0.0065,0.0164,0.25098,0.7386,1.05368248242643,0.521045290659044,0,"3: Chr + Active NC (Free)","Normal"
1999.5,0.01054,0.00396367993418864,0.00668,0.01642,0.249866666666667,0.739593333333333,1.05731439902475,0.520874553281566,0,"3: Chr + Active NC (Free)","Normal"
2000,0.01066,0.00406402212863918,0.00668,0.0166,0.24848,0.74086,1.05668353263252,0.513943235371782,0,"3: Chr + Active NC (Free)","Normal"
2000.5,0.01086,0.00413301259415554,0.00706,0.01722,0.24704,0.7421,1.05784005683448,0.511272702226614,0,"3: Chr + Active NC (Free)","Normal"
2001,0.01098,0.00425865447424823,0.00706,0.0178,0.245746666666667,0.743273333333333,1.0583436988084,0.506377865456112,0,"3: Chr + Active NC (Free)","Normal"
2001.5,0.0111533333333333,0.00437254233104513,0.00708,0.018,0.244253333333333,0.744593333333333,1.0589866120598,0.507545318279021,0,"3: Chr + Active NC (Free)","Normal"
2002,0.0113333333333333,0.00449346907943252,0.00708,0.01822,0.242926666666667,0.74574,1.05792746624012,0.5054672472068,0,"3: Chr + Active NC (Free)","Normal"
2002.5,0.0115733333333333,0.00467236433786441,0.00708,0.01868,0.24148,0.746946666666667,1.05522479335516,0.500572008756412,0,"3: Chr + Active NC (Free)","Normal"
2003,0.01174,0.0047726664274372,0.00692,0.01886,0.239953333333333,0.748306666666667,1.05339793119161,0.496672990972327,0,"3: Chr + Active NC (Free)","Normal"
2003.5,0.01182,0.00483074921011581,0.0071,0.01892,0.2383,0.74988,1.05306233973123,0.495992252671905,0,"3: Chr + Active NC (Free)","Normal"
2004,0.0119266666666667,0.0048982708654447,0.0071,0.0191,0.23674,0.751333333333333,1.05044662546755,0.492023717074869,0,"3: Chr + Active NC (Free)","Normal"
2004.5,0.01208,0.00500416378353205,0.00712,0.01948,0.23524,0.75268,1.05336764547556,0.49322581228116,0,"3: Chr + Active NC (Free)","Normal"
2005,0.01218,0.00509288888955761,0.00732,0.0195,0.233833333333333,0.753986666666667,1.05393174399896,0.489679979661916,0,"3: Chr + Active NC (Free)","Normal"
2005.5,0.0123266666666667,0.00509238331393975,0.00732,0.02004,0.232366666666667,0.755306666666667,1.05058315831939,0.488813095984466,0,"3: Chr + Active NC (Free)","Normal"
2006,0.01248,0.00512293019600145,0.00734,0.02042,0.230593333333333,0.756926666666667,1.05186065328346,0.483452411022263,0,"3: Chr + Active NC (Free)","Normal"
2006.5,0.0125933333333333,0.00512881873428915,0.0077,0.0202,0.22936,0.758046666666667,1.0523851694468,0.482009583145625,0,"3: Chr + Active NC (Free)","Normal"
2007,0.0127466666666667,0.00520607955834485,0.00772,0.02042,0.22798,0.759273333333333,1.05148063344974,0.480432582214423,0,"3: Chr + Active NC (Free)","Normal"
2007.5,0.0129266666666667,0.00531737122849338,0.00772,0.02084,0.226053333333333,0.76102,1.05095764141014,0.480943754451503,0,"3: Chr + Active NC (Free)","Normal"
2008,0.0130666666666667,0.00540174514159199,0.0079,0.02142,0.224053333333333,0.76288,1.04836066295453,0.481840601518074,0,"3: Chr + Active NC (Free)","Normal"
2008.5,0.01318,0.0054583943578233,0.00776,0.02162,0.22266,0.76416,1.0461378854137,0.480060524770176,0,"3: Chr + Active NC (Free)","Normal"
2009,0.01332,0.00553050474718363,0.00776,0.0218,0.2211,0.76558,1.04425008915861,0.474146909974387,0,"3: Chr + Active NC (Free)","Normal"
2009.5,0.0134666666666667,0.00563152048637895,0.00778,0.02202,0.219633333333333,0.7669,1.0424672901595,0.468696302024932,0,"3: Chr + Active NC (Free)","Normal"
2010,0.0135933333333333,0.00567668755606607,0.00778,0.02206,0.21792,0.768486666666667,1.03983599729936,0.467495588363244,0,"3: Chr + Active NC (Free)","Normal"
2010.5,0.01366,0.0056829205701731,0.008,0.02206,0.216193333333333,0.770146666666667,1.038769092104,0.464530997412139,0,"3: Chr + Active NC (Free)","Normal"
2011,0.0137066666666667,0.00570365480730729,0.008,0.0224,0.21468,0.771613333333333,1.03838896286456,0.459341179482765,0,"3: Chr + Active NC (Free)","Normal"
2011.5,0.0137533333333333,0.00574196490058414,0.008,0.02246,0.213006666666667,0.77324,1.03857453025345,0.451465013718734,0,"3: Chr + Active NC (Free)","Normal"
2012,0.0137466666666667,0.00576575702080729,0.00798,0.02262,0.21082,0.775433333333333,1.03852536968783,0.449192282114736,0,"3: Chr + Active NC (Free)","Normal"
2012.5,0.0138266666666667,0.00576810094448312,0.00834,0.02262,0.2085,0.777673333333333,1.03493917069897,0.452548201277753,0,"3: Chr + Active NC (Free)","Normal"
2013,0.01386,0.00587059299125442,0.00816,0.02284,0.206073333333333,0.780066666666667,1.03367719946508,0.448249673861515,0,"3: Chr + Active NC (Free)","Normal"
2013.5,0.01394,0.00594367818314784,0.00798,0.02304,0.203566666666667,0.782493333333333,1.03262913375143,0.449116732705891,0,"3: Chr + Active NC (Free)","Normal"
2014,0.0140066666666667,0.00594955421878806,0.00796,0.02288,0.201333333333333,0.78466,1.0300509809423,0.447217659199345,0,"3: Chr + Active NC (Free)","Normal"
2014.5,0.0140266666666667,0.0059994789045747,0.00776,0.02322,0.19926,0.786713333333333,1.03036397937155,0.4432248398654,0,"3: Chr + Active NC (Free)","Normal"
2015,0.0140733333333333,0.00599689191529063,0.00798,0.02328,0.19724,0.788686666666667,1.03095760165106,0.446588569231083,0,"3: Chr + Active NC (Free)","Normal"
2015.5,0.0141066666666667,0.00609798911645206,0.00778,0.0233,0.19526,0.790633333333333,1.0285451040092,0.445092628901496,0,"3: Chr + Active NC (Free)","Normal"
2016,0.0141533333333333,0.00616434314722839,0.00776,0.02324,0.193,0.792846666666667,1.02535638464517,0.442936973575047,0,"3: Chr + Active NC (Free)","Normal"
2016.5,0.0142933333333333,0.00625542155658391,0.00794,0.02368,0.19074,0.794966666666667,1.02420175932696,0.450183656888928,0,"3: Chr + Active NC (Free)","Normal"
2017,0.0142866666666667,0.0062584967531505,0.00772,0.02336,0.188753333333333,0.79696,1.02489825934004,0.445013437177181,0,"3: Chr + Active NC (Free)","Normal"
2017.5,0.01426,0.0062563953486509,0.0079,0.02304,0.186673333333333,0.799066666666667,1.02541858540635,0.446416281142186,0,"3: Chr + Active NC (Free)","Normal"
2018,0.0142533333333333,0.00623005691750904,0.00808,0.023,0.184533333333333,0.801213333333333,1.02599345948617,0.448343902928542,0,"3: Chr + Active NC (Free)","Normal"
2018.5,0.0142733333333333,0.00618038796535451,0.00814,0.02322,0.18256,0.803166666666667,1.02622260389501,0.445547799284973,0,"3: Chr + Active NC (Free)","Normal"
2019,0.0143266666666667,0.00621954280021274,0.0083,0.02338,0.1805,0.805173333333333,1.02426947646995,0.444762894227528,0,"3: Chr + Active NC (Free)","Normal"
2019.5,0.01432,0.00615088443318071,0.00848,0.02388,0.178353333333333,0.807326666666667,1.02316297040111,0.441644063236622,0,"3: Chr + Active NC (Free)","Normal"
2020,0.0143133333333333,0.00611085711767537,0.0085,0.02402,0.17664,0.809046666666667,1.02237869697093,0.440097668412981,0,"3: Chr + Active NC (Free)","Normal"
2020.5,0.01436,0.00617277671828433,0.0085,0.02384,0.174406666666667,0.811233333333333,1.02203804386063,0.438834582120254,0,"3: Chr + Active NC (Free)","Normal"
2021,0.0143866666666667,0.0061361412862692,0.00852,0.0238,0.172086666666667,0.813526666666667,1.02022663346834,0.439256978408136,0,"3: Chr + Active NC (Free)","Normal"
2021.5,0.01446,0.00615929910925272,0.00852,0.0238,0.170033333333333,0.815506666666667,1.01969248828338,0.440031978180627,0,"3: Chr + Active NC (Free)","Normal"
2022,0.0144333333333333,0.00611388094665615,0.00868,0.0236,0.168,0.817566666666667,1.02060790867976,0.43928869396161,0,"3: Chr + Active NC (Free)","Normal"
2022.5,0.0144466666666667,0.00610950267931079,0.00868,0.0238,0.166153333333333,0.8194,1.01886494083157,0.437988884633491,0,"3: Chr + Active NC (Free)","Normal"
2023,0.01456,0.00623547138942004,0.00834,0.02382,0.164366666666667,0.821073333333333,1.01594362232809,0.440336436594119,0,"3: Chr + Active NC (Free)","Normal"
2023.5,0.0145933333333333,0.00634947368621636,0.0085,0.02388,0.162446666666667,0.82296,1.0155354497987,0.439375096168637,0,"3: Chr + Active NC (Free)","Normal"
2024,0.01474,0.00648311334319319,0.00868,0.02462,0.16066,0.8246,1.01308412839345,0.440531793696779,0,"3: Chr + Active NC (Free)","Normal"
2024.5,0.0147533333333333,0.00648577931580572,0.0085,0.02464,0.158706666666667,0.82654,1.01226522889121,0.432384057832733,0,"3: Chr + Active NC (Free)","Normal"
2025,0.0147266666666667,0.00642462575501126,0.0085,0.02426,0.1569,0.828373333333333,1.01189630185068,0.43028830085613,0,"3: Chr + Active NC (Free)","Normal"
2025.5,0.0146866666666667,0.00636773837041245,0.00828,0.0242,0.154873333333333,0.83044,1.01244531555483,0.427312124878116,0,"3: Chr + Active NC (Free)","Normal"
2026,0.0147266666666667,0.0064024743779979,0.00848,0.024,0.152886666666667,0.832386666666667,1.01042250146894,0.424686798316432,0,"3: Chr + Active NC (Free)","Normal"
2026.5,0.0147866666666667,0.00648072650957854,0.0085,0.02422,0.15122,0.833993333333333,1.009411637356,0.420688354050252,0,"3: Chr + Active NC (Free)","Normal"
2027,0.0147533333333333,0.00649704088257763,0.0083,0.02402,0.149606666666667,0.83564,1.01091996424926,0.415435595160392,0,"3: Chr + Active NC (Free)","Normal"
2027.5,0.0147333333333333,0.00657756549310548,0.0081,0.0244,0.14788,0.837386666666667,1.01265828705649,0.41473498971811,0,"3: Chr + Active NC (Free)","Normal"
2028,0.0147133333333333,0.00666533664893816,0.00812,0.02422,0.146333333333333,0.838953333333333,1.01267444012159,0.412239341469185,0,"3: Chr + Active NC (Free)","Normal"
2028.5,0.0146533333333333,0.00667490066222522,0.00812,0.02422,0.144513333333333,0.840833333333333,1.011708667678,0.409620319726175,0,"3: Chr + Active NC (Free)","Normal"
2029,0.0146333333333333,0.00669803539561561,0.0081,0.02404,0.14272,0.842646666666667,1.01183064205697,0.406437761941557,0,"3: Chr + Active NC (Free)","Normal"
2029.5,0.01464,0.00679196279588527,0.00752,0.02424,0.141013333333333,0.844346666666667,1.009794210737,0.40340068314855,0,"3: Chr + Active NC (Free)","Normal"
2030,0.0146466666666667,0.00683715676605986,0.00752,0.02428,0.13922,0.846133333333333,1.00806479629783,0.404972433178378,0,"3: Chr + Active NC (Free)","Normal"
2030.5,0.0146066666666667,0.00687232999354876,0.0075,0.0245,0.13758,0.847813333333333,1.00620780980607,0.398597366610338,0,"3: Chr + Active NC (Free)","Normal"
2031,0.0144933333333333,0.00685429305861176,0.0075,0.02394,0.13598,0.849526666666667,1.006184859622,0.396942201558574,0,"3: Chr + Active NC (Free)","Normal"
2031.5,0.0145133333333333,0.00693550253422914,0.0075,0.02416,0.134413333333333,0.851073333333333,1.00510788028843,0.3982937845097,0,"3: Chr + Active NC (Free)","Normal"
2032,0.0144533333333333,0.00693575112573692,0.00768,0.02416,0.132833333333333,0.852713333333333,1.00634942362349,0.391689927461677,0,"3: Chr + Active NC (Free)","Normal"
2032.5,0.0143933333333333,0.00693029000404961,0.0075,0.02382,0.131386666666667,0.85422,1.00606697018943,0.388212433330444,0,"3: Chr + Active NC (Free)","Normal"
2033,0.0143333333333333,0.00686507067715248,0.00748,0.02362,0.130186666666667,0.85548,1.00692170936993,0.388136536235681,0,"3: Chr + Active NC (Free)","Normal"
2033.5,0.0142933333333333,0.0067993373578421,0.0075,0.02354,0.128653333333333,0.857053333333333,1.00481888031343,0.388819864658907,0,"3: Chr + Active NC (Free)","Normal"
2034,0.0143466666666667,0.0068444658406393,0.0077,0.02338,0.127026666666667,0.858626666666667,1.00423239811784,0.390910564440938,0,"3: Chr + Active NC (Free)","Normal"
2034.5,0.0142733333333333,0.00678059774261285,0.0077,0.02352,0.125566666666667,0.86016,1.00448910036973,0.389177013273471,0,"3: Chr + Active NC (Free)","Normal"
2035,0.0141533333333333,0.00682968840271362,0.00716,0.0232,0.124086666666667,0.86176,1.00577082510434,0.383537141159487,0,"3: Chr + Active NC (Free)","Normal"
2035.5,0.0141,0.00685510129707092,0.0068,0.02358,0.12258,0.86332,1.00572863147674,0.380761240002931,0,"3: Chr + Active NC (Free)","Normal"
2036,0.0140133333333333,0.00680242012376697,0.0068,0.02356,0.121046666666667,0.86494,1.00462502677855,0.38162043226149,0,"3: Chr + Active NC (Free)","Normal"
2036.5,0.0140133333333333,0.00682771902808228,0.0068,0.02378,0.119686666666667,0.8663,1.002713363319,0.379674438142823,0,"3: Chr + Active NC (Free)","Normal"
2037,0.0139466666666667,0.00673128226414108,0.00678,0.02324,0.118166666666667,0.867886666666667,1.00137026891936,0.377358535319636,0,"3: Chr + Active NC (Free)","Normal"
2037.5,0.0139866666666667,0.00678495970223255,0.00676,0.02308,0.116906666666667,0.869106666666667,1.00093245232685,0.379290868515956,0,"3: Chr + Active NC (Free)","Normal"
2038,0.0139266666666667,0.00678446162493605,0.00658,0.02324,0.115526666666667,0.870546666666667,1.0012433656737,0.377299769525942,0,"3: Chr + Active NC (Free)","Normal"
2038.5,0.01392,0.00686733397047711,0.00638,0.02342,0.1142,0.87188,1.00030539342244,0.378424162438929,0,"3: Chr + Active NC (Free)","Normal"
2039,0.0138466666666667,0.00688940882971743,0.00636,0.0234,0.1128,0.873353333333333,0.999966427548514,0.37274316891625,0,"3: Chr + Active NC (Free)","Normal"
2039.5,0.0138733333333333,0.00687373478431176,0.00636,0.0238,0.11144,0.874686666666667,0.997829323156342,0.371591624369917,0,"3: Chr + Active NC (Free)","Normal"
2040,0.0138066666666667,0.0068029371614758,0.00654,0.02374,0.109926666666667,0.876266666666667,0.997139836338417,0.364295638279237,0,"3: Chr + Active NC (Free)","Normal"
2040.5,0.0137733333333333,0.00681939087851862,0.00634,0.0239,0.108546666666667,0.87768,0.996870250084555,0.364851193206269,0,"3: Chr + Active NC (Free)","Normal"
2041,0.0136733333333333,0.00677795276452713,0.00632,0.0237,0.1071,0.879226666666667,0.996663862143335,0.359563849365894,0,"3: Chr + Active NC (Free)","Normal"
2041.5,0.0136333333333333,0.00674584589073966,0.0065,0.02368,0.105913333333333,0.880453333333333,0.997794777610308,0.355998600339557,0,"3: Chr + Active NC (Free)","Normal"
2042,0.01362,0.00678768662028326,0.00648,0.02386,0.104733333333333,0.881646666666667,0.999318308713577,0.35274006932376,0,"3: Chr + Active NC (Free)","Normal"
2042.5,0.0136333333333333,0.00676809621952744,0.00648,0.02384,0.103313333333333,0.883053333333333,0.996803630030812,0.355590213408704,0,"3: Chr + Active NC (Free)","Normal"
2043,0.0135066666666667,0.00672857690202295,0.00628,0.0238,0.10202,0.884473333333333,0.997750802905505,0.348964734867105,0,"3: Chr + Active NC (Free)","Normal"
2043.5,0.0134533333333333,0.00665793451109449,0.00646,0.02342,0.100766666666667,0.88578,0.997751471372281,0.347631544874965,0,"3: Chr + Active NC (Free)","Normal"
2044,0.0133533333333333,0.00658225060207417,0.00646,0.0234,0.0994933333333333,0.887153333333333,0.997500075892608,0.344082736543745,0,"3: Chr + Active NC (Free)","Normal"
2044.5,0.0133733333333333,0.00660527131883334,0.00646,0.02324,0.0981466666666667,0.88848,0.997477597640805,0.342993868850359,0,"3: Chr + Active NC (Free)","Normal"
2045,0.01322,0.00664723951001078,0.00628,0.02342,0.0968866666666667,0.889893333333333,0.999102805082775,0.339054469736383,0,"3: Chr + Active NC (Free)","Normal"
2045.5,0.0131466666666667,0.00662803519715403,0.00592,0.02322,0.0956333333333333,0.89122,0.995870131563113,0.341357004902208,0,"3: Chr + Active NC (Free)","Normal"
2046,0.0130733333333333,0.00659602457771991,0.00594,0.02304,0.0943266666666667,0.8926,0.995030276562532,0.340756786792036,0,"3: Chr + Active NC (Free)","Normal"
2046.5,0.01306,0.00659072493527182,0.00596,0.0229,0.0930533333333333,0.893886666666667,0.99513089607934,0.338737930437094,0,"3: Chr + Active NC (Free)","Normal"
2047,0.0130333333333333,0.00661827841628035,0.00596,0.0229,0.0919933333333333,0.894973333333333,0.995428458581219,0.335094517675145,0,"3: Chr + Active NC (Free)","Normal"
2047.5,0.01298,0.0066227091029328,0.00596,0.02272,0.09076,0.89626,0.99585579167725,0.333251043652672,0,"3: Chr + Active NC (Free)","Normal"
2048,0.01292,0.00657636310768634,0.00578,0.0225,0.08958,0.8975,0.994703698430643,0.33167936167661,0,"3: Chr + Active NC (Free)","Normal"
2048.5,0.0129133333333333,0.00660776624228216,0.00596,0.02234,0.0883666666666667,0.89872,0.994207079562572,0.33099855583339,0,"3: Chr + Active NC (Free)","Normal"
2049,0.0128733333333333,0.00656962358305166,0.00596,0.02234,0.0872266666666667,0.8999,0.993800269931367,0.329511628513832,0,"3: Chr + Active NC (Free)","Normal"
2049.5,0.0127933333333333,0.00653467849159435,0.00578,0.0216,0.0858466666666667,0.90136,0.993568675950467,0.329192412548102,0,"3: Chr + Active NC (Free)","Normal"
2050,0.0126733333333333,0.00656332197917326,0.0056,0.02156,0.0845933333333333,0.902733333333333,0.992141148542156,0.328102000003831,0,"3: Chr + Active NC (Free)","Normal"
2050.5,0.01262,0.00646397977122133,0.00578,0.02166,0.0834933333333333,0.903886666666667,0.99140825120635,0.321639233952408,0,"3: Chr + Active NC (Free)","Normal"
2051,0.01256,0.0064925208960932,0.00578,0.022,0.0824933333333333,0.904946666666667,0.99285717566629,0.316313608000647,0,"3: Chr + Active NC (Free)","Normal"
2051.5,0.0124866666666667,0.00654062811142432,0.00578,0.02202,0.0815,0.906013333333333,0.992726605527435,0.314967684561393,0,"3: Chr + Active NC (Free)","Normal"
2052,0.01238,0.00649420962247829,0.00578,0.022,0.0804,0.90722,0.993787264534926,0.312788793674754,0,"3: Chr + Active NC (Free)","Normal"
2052.5,0.0122733333333333,0.0064095797556219,0.00578,0.02182,0.07942,0.908306666666667,0.993541805855577,0.307094919090089,0,"3: Chr + Active NC (Free)","Normal"
2053,0.0121933333333333,0.00634208348955655,0.00576,0.02144,0.07834,0.909466666666667,0.993037234787836,0.305654543541897,0,"3: Chr + Active NC (Free)","Normal"
2053.5,0.0121333333333333,0.00627338842244369,0.00558,0.02162,0.0773,0.910566666666667,0.991952903999323,0.303573411228645,0,"3: Chr + Active NC (Free)","Normal"
2054,0.0121066666666667,0.00627215704706033,0.00556,0.0211,0.0764133333333333,0.91148,0.989916119998758,0.295749656493498,0,"3: Chr + Active NC (Free)","Normal"
2054.5,0.0121,0.0062527786926542,0.00556,0.02088,0.07542,0.91248,0.98924107076902,0.295156371139851,0,"3: Chr + Active NC (Free)","Normal"
2055,0.0120466666666667,0.00622158275312826,0.00556,0.02108,0.07428,0.913673333333333,0.9879608842873,0.289816866492907,0,"3: Chr + Active NC (Free)","Normal"
2055.5,0.01196,0.00610130568276027,0.00538,0.02052,0.0732866666666667,0.914753333333333,0.988686230173687,0.28895443513281,0,"3: Chr + Active NC (Free)","Normal"
2056,0.01182,0.0060552285756566,0.005,0.02032,0.0723466666666667,0.915833333333333,0.987574054144003,0.284131585622885,0,"3: Chr + Active NC (Free)","Normal"
2056.5,0.0117933333333333,0.00604591245977515,0.005,0.02016,0.0715466666666667,0.91666,0.988603853055508,0.282209143695771,0,"3: Chr + Active NC (Free)","Normal"
2057,0.0117933333333333,0.00602671828886446,0.005,0.01996,0.0705733333333333,0.917633333333333,0.988557221565993,0.281672556864617,0,"3: Chr + Active NC (Free)","Normal"
2057.5,0.0117533333333333,0.00601668561145806,0.005,0.01962,0.0695666666666667,0.91868,0.98608264988717,0.27880205546947,0,"3: Chr + Active NC (Free)","Normal"
2058,0.01172,0.00602285302997588,0.00498,0.01978,0.0687266666666667,0.919553333333333,0.98799172322467,0.280191632126399,0,"3: Chr + Active NC (Free)","Normal"
2058.5,0.0116266666666667,0.00591310253667188,0.00498,0.01958,0.0677866666666667,0.920586666666667,0.987853077361074,0.281423988688258,0,"3: Chr + Active NC (Free)","Normal"
2059,0.01156,0.00590298580205902,0.00498,0.0196,0.06696,0.92148,0.988538231605034,0.275270646743552,0,"3: Chr + Active NC (Free)","Normal"
2059.5,0.01154,0.00595109957964884,0.00496,0.01968,0.06604,0.92242,0.987110979763491,0.275179324420222,0,"3: Chr + Active NC (Free)","Normal"
2060,0.0115,0.00590657144263037,0.00496,0.01966,0.06522,0.92328,0.986081440900437,0.275467456980843,0,"3: Chr + Active NC (Free)","Normal"
2060.5,0.0114333333333333,0.00589659944862047,0.00496,0.01948,0.06436,0.924206666666667,0.985251839920005,0.276734824902584,0,"3: Chr + Active NC (Free)","Normal"
2061,0.0113866666666667,0.00590077337615855,0.00496,0.01912,0.0635733333333333,0.92504,0.984968856714312,0.27467510127532,0,"3: Chr + Active NC (Free)","Normal"
2061.5,0.0113466666666667,0.00589937070479926,0.00478,0.01896,0.0627533333333333,0.9259,0.983803016161596,0.271123885597046,0,"3: Chr + Active NC (Free)","Normal"
2062,0.01124,0.005850411126137,0.00478,0.01912,0.0620933333333333,0.926666666666667,0.981522409970888,0.26924104851437,0,"3: Chr + Active NC (Free)","Normal"
2062.5,0.0111333333333333,0.00581658350564667,0.00478,0.01892,0.0613733333333333,0.927493333333333,0.982822378879457,0.265618841192429,0,"3: Chr + Active NC (Free)","Normal"
2063,0.01106,0.00578706047709174,0.00478,0.01904,0.0605066666666667,0.928433333333333,0.983220031073579,0.26627856734416,0,"3: Chr + Active NC (Free)","Normal"
2063.5,0.0109933333333333,0.005669150233308,0.0046,0.01882,0.0596666666666667,0.92934,0.981035030257736,0.263389159099723,0,"3: Chr + Active NC (Free)","Normal"
2064,0.01084,0.00552346717697973,0.0046,0.01828,0.0588466666666667,0.930313333333333,0.981726953605459,0.261376865134274,0,"3: Chr + Active NC (Free)","Normal"
2064.5,0.0108133333333333,0.00556935787379809,0.00458,0.01828,0.0579733333333333,0.931213333333333,0.98037002054091,0.261804063194214,0,"3: Chr + Active NC (Free)","Normal"
2065,0.01074,0.00554956351188216,0.00456,0.0181,0.05724,0.93202,0.981792472093171,0.257954960747397,0,"3: Chr + Active NC (Free)","Normal"
2065.5,0.01066,0.0055348799943381,0.00456,0.01812,0.0564733333333333,0.932866666666667,0.981684165116142,0.252290496704036,0,"3: Chr + Active NC (Free)","Normal"
2066,0.0105666666666667,0.00557211860490482,0.00456,0.01794,0.0556266666666667,0.933806666666667,0.981472848720221,0.250964806289181,0,"3: Chr + Active NC (Free)","Normal"
2066.5,0.0105533333333333,0.0056001683061736,0.00454,0.01798,0.0548133333333333,0.934633333333333,0.980962949433597,0.25271670381775,0,"3: Chr + Active NC (Free)","Normal"
2067,0.0104866666666667,0.00557968812212922,0.00436,0.01798,0.05398,0.935533333333333,0.981478772571351,0.253654893829118,0,"3: Chr + Active NC (Free)","Normal"
2067.5,0.0104133333333333,0.00547897129366286,0.00436,0.0176,0.05324,0.936346666666667,0.982627557384049,0.250877145863107,0,"3: Chr + Active NC (Free)","Normal"
2068,0.0103066666666667,0.005433417247783,0.00436,0.01756,0.0524533333333333,0.93724,0.98282399468088,0.246504313481355,0,"3: Chr + Active NC (Free)","Normal"
2068.5,0.0102,0.00538503673986122,0.00432,0.01716,0.0516,0.9382,0.982867651414512,0.242847380040574,0,"3: Chr + Active NC (Free)","Normal"
2069,0.01006,0.00534006328259029,0.00432,0.01714,0.0509866666666667,0.938953333333333,0.984741225286719,0.242487150346473,0,"3: Chr + Active NC (Free)","Normal"
2069.5,0.01002,0.00528455132992581,0.0043,0.01696,0.0501933333333333,0.939786666666667,0.984612326805843,0.242808307590007,0,"3: Chr + Active NC (Free)","Normal"
2070,0.00996666666666667,0.00527089165612183,0.00394,0.01694,0.0494533333333333,0.94058,0.984809534538386,0.242791544477501,0,"3: Chr + Active NC (Free)","Normal"
2070.5,0.00984666666666667,0.00519381152535588,0.00392,0.01708,0.0488333333333333,0.94132,0.983532200487824,0.244422779783652,0,"3: Chr + Active NC (Free)","Normal"
2071,0.00980666666666667,0.00520463542287618,0.00392,0.01726,0.0481866666666667,0.942006666666667,0.98351836589157,0.246601578370045,0,"3: Chr + Active NC (Free)","Normal"
2071.5,0.00975333333333333,0.00518051610618448,0.00392,0.01726,0.0473933333333333,0.942853333333333,0.982394831405719,0.243133122307305,0,"3: Chr + Active NC (Free)","Normal"
2072,0.00969333333333333,0.00513828988949687,0.00392,0.0174,0.0465933333333333,0.943713333333333,0.983464035653254,0.241231736073437,0,"3: Chr + Active NC (Free)","Normal"
2072.5,0.00963333333333333,0.00507055960547193,0.00392,0.01758,0.0459466666666667,0.94442,0.983127311476415,0.242258575906781,0,"3: Chr + Active NC (Free)","Normal"
2073,0.00956666666666667,0.00500512381143724,0.00392,0.0172,0.04532,0.945113333333333,0.982830406150962,0.242902885113531,0,"3: Chr + Active NC (Free)","Normal"
2073.5,0.00947333333333333,0.0049358598687238,0.0039,0.01716,0.0446733333333333,0.945853333333333,0.98431293261661,0.239729812177229,0,"3: Chr + Active NC (Free)","Normal"
2074,0.00938,0.0049100460002059,0.00354,0.01696,0.04404,0.94658,0.984712370704114,0.236512245207201,0,"3: Chr + Active NC (Free)","Normal"
2074.5,0.0093,0.00487576696000495,0.00354,0.01688,0.0434533333333333,0.947246666666667,0.985705792715405,0.230689119271748,0,"3: Chr + Active NC (Free)","Normal"
2075,0.00921333333333333,0.00482977356029019,0.00336,0.01704,0.0428066666666667,0.94798,0.985414437677961,0.233126006855333,0,"3: Chr + Active NC (Free)","Normal"
2075.5,0.00917333333333333,0.00483456900574026,0.00334,0.01668,0.0421333333333333,0.948693333333333,0.984034411586606,0.23601193118633,0,"3: Chr + Active NC (Free)","Normal"
2076,0.00909333333333333,0.00479273396409343,0.00334,0.01648,0.0416133333333333,0.949293333333333,0.984802918153127,0.235215755131858,0,"3: Chr + Active NC (Free)","Normal"
2076.5,0.00898,0.00471924891744731,0.00332,0.01574,0.0410066666666667,0.950013333333333,0.985344233493232,0.232260382293975,0,"3: Chr + Active NC (Free)","Normal"
2077,0.00878666666666667,0.00457517539391196,0.00332,0.01518,0.0403266666666667,0.950886666666667,0.985809942546677,0.227857705036403,0,"3: Chr + Active NC (Free)","Normal"
2077.5,0.00874666666666667,0.00452972811343122,0.00332,0.015,0.0398066666666667,0.951446666666667,0.985131157502299,0.230781940829087,0,"3: Chr + Active NC (Free)","Normal"
2078,0.00868,0.004459039636823,0.00332,0.015,0.03928,0.95204,0.984843042900244,0.231696763620933,0,"3: Chr + Active NC (Free)","Normal"
2078.5,0.00867333333333333,0.00447690882682216,0.00332,0.01502,0.03866,0.952666666666667,0.984170573788826,0.23085776332145,0,"3: Chr + Active NC (Free)","Normal"
2079,0.00862,0.00448333311968551,0.00332,0.01502,0.0381666666666667,0.953213333333333,0.984306234832702,0.229869193859115,0,"3: Chr + Active NC (Free)","Normal"
2079.5,0.00854666666666667,0.00446223489183224,0.00332,0.01534,0.0377466666666667,0.953706666666667,0.98458730622686,0.229433170218494,0,"3: Chr + Active NC (Free)","Normal"
1980,0.00495333333333333,0.000233021137613549,0.0046,0.0052,0.315833333333333,0.679213333333333,0.354254153376307,0.0170390189520624,0,"4: Chr + Passive NC (Reg)","Normal"
1980.5,0.0049,0.000318401178303139,0.00458,0.0052,0.30714,0.68796,0.382518587624377,0.032417190163567,0,"4: Chr + Passive NC (Reg)","Normal"
1981,0.00490666666666667,0.00040593301072394,0.0044,0.0054,0.2988,0.696293333333333,0.428301629838482,0.0555498586223224,0,"4: Chr + Passive NC (Reg)","Normal"
1981.5,0.0049,0.000492005046231481,0.00438,0.0054,0.290846666666667,0.704253333333333,0.473054514758716,0.0748662398931216,0,"4: Chr + Passive NC (Reg)","Normal"
1982,0.0049,0.000545198476988284,0.0042,0.0056,0.28314,0.71196,0.508195494788791,0.09640451584111,0,"4: Chr + Passive NC (Reg)","Normal"
1982.5,0.00492666666666667,0.000663290300689303,0.0042,0.0056,0.275786666666667,0.719286666666667,0.541044176239452,0.113862713507641,0,"4: Chr + Passive NC (Reg)","Normal"
1983,0.00484666666666667,0.000702082288788063,0.004,0.00562,0.2684,0.726753333333333,0.57139265810662,0.128484335073935,0,"4: Chr + Passive NC (Reg)","Normal"
1983.5,0.00486,0.000768608236157833,0.004,0.0058,0.26158,0.73356,0.607164216036212,0.147388779137313,0,"4: Chr + Passive NC (Reg)","Normal"
1984,0.00483333333333333,0.000812120822221089,0.004,0.00582,0.254986666666667,0.74018,0.630548205900595,0.161476627935911,0,"4: Chr + Passive NC (Reg)","Normal"
1984.5,0.00483333333333333,0.000847036755027676,0.004,0.00582,0.248913333333333,0.746253333333333,0.649589482290594,0.172038549716724,0,"4: Chr + Passive NC (Reg)","Normal"
1985,0.00486666666666667,0.000890305384775876,0.0038,0.00602,0.2431,0.752033333333333,0.67832414755638,0.18909321969669,0,"4: Chr + Passive NC (Reg)","Normal"
1985.5,0.00484666666666667,0.000998872928072826,0.00376,0.0064,0.23734,0.757813333333333,0.709010510783302,0.206014049521756,0,"4: Chr + Passive NC (Reg)","Normal"
1986,0.00484666666666667,0.00108110203459035,0.00376,0.00642,0.232333333333333,0.76282,0.727421618789848,0.214888479275823,0,"4: Chr + Passive NC (Reg)","Normal"
1986.5,0.00486,0.00112298862339556,0.00356,0.00644,0.226753333333333,0.768386666666667,0.737691684685286,0.221884531987644,0,"4: Chr + Passive NC (Reg)","Normal"
1987,0.00488,0.00111985220699753,0.00338,0.0066,0.221706666666667,0.773413333333333,0.75845899008603,0.233881499449954,0,"4: Chr + Passive NC (Reg)","Normal"
1987.5,0.00485333333333333,0.00121817651552987,0.0032,0.0066,0.217186666666667,0.77796,0.77052525033856,0.241006368497498,0,"4: Chr + Passive NC (Reg)","Normal"
1988,0.00484,0.0012912437201503,0.00318,0.00662,0.212513333333333,0.782646666666667,0.78971694741284,0.246464526130216,0,"4: Chr + Passive NC (Reg)","Normal"
1988.5,0.00489333333333333,0.00135007875462069,0.0032,0.00682,0.208066666666667,0.78704,0.800812965063058,0.256271934988886,0,"4: Chr + Passive NC (Reg)","Normal"
1989,0.0049,0.00141201738779955,0.0032,0.00702,0.2035,0.7916,0.81396225604762,0.262808071253604,0,"4: Chr + Passive NC (Reg)","Normal"
1989.5,0.00491333333333333,0.00148897866716228,0.00318,0.00722,0.19954,0.795546666666667,0.829392956109949,0.265570032445872,0,"4: Chr + Passive NC (Reg)","Normal"
1990,0.00491333333333333,0.00155424520617551,0.00338,0.00722,0.195906666666667,0.79918,0.847486548910543,0.276173849050649,0,"4: Chr + Passive NC (Reg)","Normal"
1990.5,0.00496,0.00160464841997371,0.00338,0.00724,0.191986666666667,0.803053333333333,0.855712552422308,0.280006227871595,0,"4: Chr + Passive NC (Reg)","Normal"
1991,0.00496,0.00162599571615842,0.0032,0.00704,0.188413333333333,0.806626666666667,0.866838988255009,0.285812011195588,0,"4: Chr + Passive NC (Reg)","Normal"
1991.5,0.00492666666666667,0.00158482748616988,0.00318,0.00702,0.185046666666667,0.810026666666667,0.877805752616742,0.291238038306772,0,"4: Chr + Passive NC (Reg)","Normal"
1992,0.00498,0.00157247882503149,0.003,0.00702,0.18168,0.81334,0.890470006931144,0.294108232971188,0,"4: Chr + Passive NC (Reg)","Normal"
1992.5,0.00504,0.00155931019231648,0.0032,0.007,0.178466666666667,0.816493333333333,0.900959119218913,0.304712705303024,0,"4: Chr + Passive NC (Reg)","Normal"
1993,0.00508,0.0015831875310969,0.0032,0.00664,0.175306666666667,0.819613333333333,0.90841218182791,0.310847144338604,0,"4: Chr + Passive NC (Reg)","Normal"
1993.5,0.00509333333333333,0.00162288235138496,0.00318,0.0066,0.172273333333333,0.822633333333333,0.914240268871891,0.31339227740111,0,"4: Chr + Passive NC (Reg)","Normal"
1994,0.0051,0.00166650573935716,0.00318,0.00642,0.169453333333333,0.825446666666667,0.922414717840347,0.319375318869427,0,"4: Chr + Passive NC (Reg)","Normal"
1994.5,0.0051,0.00165321004360482,0.0032,0.0066,0.166793333333333,0.828106666666667,0.929697552979287,0.324156373985159,0,"4: Chr + Passive NC (Reg)","Normal"
1995,0.00513333333333333,0.00174224059729148,0.00318,0.00664,0.16366,0.831206666666667,0.936762477472148,0.333284445042382,0,"4: Chr + Passive NC (Reg)","Normal"
1995.5,0.00516666666666667,0.00182630837999791,0.0032,0.00682,0.160906666666667,0.833926666666667,0.948966443071021,0.343238958882189,0,"4: Chr + Passive NC (Reg)","Normal"
1996,0.0052,0.00182850985117994,0.0032,0.007,0.158433333333333,0.836366666666667,0.952415596724029,0.343802796403354,0,"4: Chr + Passive NC (Reg)","Normal"
1996.5,0.00518666666666667,0.00179265423197066,0.0032,0.00702,0.156066666666667,0.838746666666667,0.952925918573995,0.342996660839783,0,"4: Chr + Passive NC (Reg)","Normal"
1997,0.00524,0.0018483170350535,0.00338,0.00724,0.153573333333333,0.841186666666667,0.953872119193778,0.349165039933412,0,"4: Chr + Passive NC (Reg)","Normal"
1997.5,0.00525333333333333,0.00184946093419851,0.00338,0.00722,0.150973333333333,0.843773333333333,0.960068136913545,0.351018346464373,0,"4: Chr + Passive NC (Reg)","Normal"
1998,0.00527333333333333,0.00188385762206964,0.00338,0.0074,0.148666666666667,0.84606,0.967555499158431,0.353457909910504,0,"4: Chr + Passive NC (Reg)","Normal"
1998.5,0.00530666666666667,0.00203468769667202,0.00318,0.00744,0.14652,0.848173333333333,0.975090979208686,0.358811401811411,0,"4: Chr + Passive NC (Reg)","Normal"
1999,0.00535333333333333,0.00205891389736958,0.00318,0.00762,0.1442,0.850446666666667,0.979343292701113,0.365012696819327,0,"4: Chr + Passive NC (Reg)","Normal"
1999.5,0.00538666666666667,0.00208305699316692,0.00318,0.00764,0.14172,0.852893333333333,0.983343208652326,0.368787475485064,0,"4: Chr + Passive NC (Reg)","Normal"
2000,0.0054,0.00215022051796137,0.0032,0.00768,0.139546666666667,0.855053333333333,0.988199552817588,0.375535749579359,0,"4: Chr + Passive NC (Reg)","Normal"
2000.5,0.00538666666666667,0.00219021858983627,0.0032,0.00784,0.137566666666667,0.857046666666667,0.994634443160363,0.374184199236253,0,"4: Chr + Passive NC (Reg)","Normal"
2001,0.00538666666666667,0.00222210421142591,0.0032,0.00768,0.13572,0.858893333333333,1.00096623394842,0.374202848882317,0,"4: Chr + Passive NC (Reg)","Normal"
2001.5,0.00534,0.00225428327932589,0.00318,0.00788,0.1339,0.86076,1.00169983754129,0.368128990902645,0,"4: Chr + Passive NC (Reg)","Normal"
2002,0.00536,0.00225443623964411,0.0032,0.00786,0.132173333333333,0.862466666666667,1.00448478964378,0.367575586138218,0,"4: Chr + Passive NC (Reg)","Normal"
2002.5,0.00538666666666667,0.00231393579223251,0.00318,0.00804,0.13048,0.864133333333333,1.00423202471506,0.367499956814203,0,"4: Chr + Passive NC (Reg)","Normal"
2003,0.00544,0.00233261729571652,0.0032,0.00804,0.12882,0.86574,1.00662610690318,0.372077271977332,0,"4: Chr + Passive NC (Reg)","Normal"
2003.5,0.00545333333333333,0.00238034093955167,0.0032,0.00802,0.127153333333333,0.867393333333333,1.00840998662397,0.373792927773507,0,"4: Chr + Passive NC (Reg)","Normal"
2004,0.0055,0.00243579626575702,0.00318,0.00822,0.125186666666667,0.869313333333333,1.01174077203813,0.367319383704319,0,"4: Chr + Passive NC (Reg)","Normal"
2004.5,0.00546666666666667,0.00245361567590718,0.00318,0.0084,0.123333333333333,0.8712,1.01242569650333,0.36956716153215,0,"4: Chr + Passive NC (Reg)","Normal"
2005,0.00546666666666667,0.00250039077405683,0.003,0.00844,0.121493333333333,0.87304,1.01478051685061,0.37266145581685,0,"4: Chr + Passive NC (Reg)","Normal"
2005.5,0.00549333333333333,0.00256002873547091,0.0028,0.00842,0.11992,0.874586666666667,1.0187831428881,0.379519134603584,0,"4: Chr + Passive NC (Reg)","Normal"
2006,0.00551333333333333,0.00259319179355498,0.0028,0.00824,0.11814,0.876346666666667,1.02625631692503,0.380188055450897,0,"4: Chr + Passive NC (Reg)","Normal"
2006.5,0.00554666666666667,0.00259226080708597,0.00298,0.00842,0.116593333333333,0.87786,1.02845396446757,0.383766372111133,0,"4: Chr + Passive NC (Reg)","Normal"
2007,0.00554666666666667,0.00256820524119852,0.00298,0.0084,0.11508,0.879373333333333,1.03106265112367,0.383895542389304,0,"4: Chr + Passive NC (Reg)","Normal"
2007.5,0.00557333333333333,0.00263333187836421,0.00298,0.00844,0.1136,0.880826666666667,1.03235247650199,0.381179531237044,0,"4: Chr + Passive NC (Reg)","Normal"
2008,0.00554,0.00261462728932232,0.00298,0.00844,0.112,0.88246,1.03334893984803,0.380131445841978,0,"4: Chr + Passive NC (Reg)","Normal"
2008.5,0.00557333333333333,0.00266042948740824,0.00298,0.00844,0.110673333333333,0.883753333333333,1.03410403764718,0.370399577642892,0,"4: Chr + Passive NC (Reg)","Normal"
2009,0.00558,0.00269679247536261,0.00298,0.00844,0.10908,0.88534,1.0339982495033,0.364221770981014,0,"4: Chr + Passive NC (Reg)","Normal"
2009.5,0.00558,0.0027049635092191,0.0028,0.00862,0.10758,0.88684,1.03804746974475,0.368037117698624,0,"4: Chr + Passive NC (Reg)","Normal"
2010,0.00556,0.00266647125720816,0.003,0.00844,0.106186666666667,0.888253333333333,1.03850207520007,0.368517898299836,0,"4: Chr + Passive NC (Reg)","Normal"
2010.5,0.00556666666666667,0.00271348272626658,0.003,0.00846,0.104653333333333,0.88978,1.03951113766269,0.364461228262068,0,"4: Chr + Passive NC (Reg)","Normal"
2011,0.00560666666666667,0.00278096154709783,0.003,0.00846,0.103166666666667,0.891226666666667,1.04317574955862,0.366553080672898,0,"4: Chr + Passive NC (Reg)","Normal"
2011.5,0.00558,0.00278733589280344,0.003,0.00846,0.10198,0.89244,1.04321190526104,0.359624780377942,0,"4: Chr + Passive NC (Reg)","Normal"
2012,0.00556666666666667,0.00283431355593084,0.00298,0.00866,0.100413333333333,0.89402,1.0442871106569,0.358081119724143,0,"4: Chr + Passive NC (Reg)","Normal"
2012.5,0.00554666666666667,0.00287290953484482,0.0028,0.00848,0.0988133333333333,0.89564,1.04641907215669,0.356003718473512,0,"4: Chr + Passive NC (Reg)","Normal"
2013,0.00553333333333333,0.00291598842688841,0.0028,0.00846,0.0972266666666667,0.89724,1.04540237140617,0.358299684201004,0,"4: Chr + Passive NC (Reg)","Normal"
2013.5,0.00558,0.00294798586998906,0.00298,0.00868,0.09574,0.89868,1.04308913199416,0.358781246406792,0,"4: Chr + Passive NC (Reg)","Normal"
2014,0.00556666666666667,0.00297302044640003,0.00298,0.00868,0.0942666666666667,0.900166666666667,1.04397781224559,0.35251797579246,0,"4: Chr + Passive NC (Reg)","Normal"
2014.5,0.00555333333333333,0.00301292999029795,0.0028,0.00868,0.0926933333333333,0.901753333333333,1.0458398131233,0.353343194094378,0,"4: Chr + Passive NC (Reg)","Normal"
2015,0.00553333333333333,0.00299854370783821,0.0028,0.00866,0.0914066666666667,0.90306,1.04575863513908,0.348557999649155,0,"4: Chr + Passive NC (Reg)","Normal"
2015.5,0.00550666666666667,0.00297517699657004,0.0028,0.00864,0.0900133333333333,0.90448,1.05040113467665,0.346943743780576,0,"4: Chr + Passive NC (Reg)","Normal"
2016,0.00551333333333333,0.00303891238862642,0.00278,0.00866,0.0886133333333333,0.905873333333333,1.0537501495156,0.350072608799983,0,"4: Chr + Passive NC (Reg)","Normal"
2016.5,0.00548666666666667,0.00304933382587233,0.00276,0.00866,0.0872333333333333,0.90728,1.05237273566943,0.348875208716292,0,"4: Chr + Passive NC (Reg)","Normal"
2017,0.00548,0.0030677859027037,0.00276,0.00866,0.08592,0.9086,1.05530972172651,0.348696008445359,0,"4: Chr + Passive NC (Reg)","Normal"
2017.5,0.00545333333333333,0.00310458318967445,0.00256,0.00866,0.08468,0.909866666666667,1.05617791451943,0.34218506659118,0,"4: Chr + Passive NC (Reg)","Normal"
2018,0.00543333333333333,0.00309886890748014,0.00256,0.00866,0.0832866666666667,0.91128,1.05702390944628,0.333281801897092,0,"4: Chr + Passive NC (Reg)","Normal"
2018.5,0.00544,0.00317203296064973,0.00238,0.00868,0.0821266666666667,0.912433333333333,1.05901557680876,0.33390146813247,0,"4: Chr + Passive NC (Reg)","Normal"
2019,0.0054,0.0031709891853794,0.0022,0.00868,0.0807,0.9139,1.0638554043113,0.328447814747713,0,"4: Chr + Passive NC (Reg)","Normal"
2019.5,0.00538666666666667,0.0031262772102618,0.0022,0.0085,0.0794466666666667,0.915166666666667,1.06470968622683,0.330013859510896,0,"4: Chr + Passive NC (Reg)","Normal"
2020,0.00540666666666667,0.00311104077643538,0.0022,0.00868,0.0783,0.916293333333333,1.06892909837593,0.321543536514565,0,"4: Chr + Passive NC (Reg)","Normal"
2020.5,0.00534666666666667,0.00311921003851421,0.0022,0.0083,0.0771,0.917553333333333,1.06975522730603,0.316395297211683,0,"4: Chr + Passive NC (Reg)","Normal"
2021,0.00529333333333333,0.00310316116168695,0.00218,0.00828,0.07588,0.918826666666667,1.07026875120008,0.316595700763089,0,"4: Chr + Passive NC (Reg)","Normal"
2021.5,0.00523333333333333,0.00307159773467786,0.00218,0.00828,0.0747533333333333,0.920013333333333,1.07542027598664,0.313154042089335,0,"4: Chr + Passive NC (Reg)","Normal"
2022,0.00522666666666667,0.00306559701485229,0.00218,0.00826,0.0735933333333333,0.92118,1.07705936982174,0.310141591337475,0,"4: Chr + Passive NC (Reg)","Normal"
2022.5,0.00520666666666667,0.00308208766387591,0.00218,0.00808,0.0723666666666667,0.922426666666667,1.07630981822786,0.305980174896559,0,"4: Chr + Passive NC (Reg)","Normal"
2023,0.00517333333333333,0.00306424692141516,0.00218,0.00806,0.0712933333333333,0.923533333333333,1.07436355197201,0.298186736563341,0,"4: Chr + Passive NC (Reg)","Normal"
2023.5,0.00514666666666667,0.0030476371099629,0.00218,0.00782,0.0702333333333333,0.92462,1.07490971544972,0.295569463770256,0,"4: Chr + Passive NC (Reg)","Normal"
2024,0.00508666666666667,0.00300605519179072,0.00218,0.00766,0.0691933333333333,0.92572,1.07583079744989,0.291393165975972,0,"4: Chr + Passive NC (Reg)","Normal"
2024.5,0.00504,0.00302239913838727,0.00218,0.00766,0.06806,0.9269,1.0746602970526,0.28893430380768,0,"4: Chr + Passive NC (Reg)","Normal"
2025,0.00504,0.00301280027835258,0.00218,0.00782,0.0668866666666667,0.928073333333333,1.07577555296965,0.292723829103796,0,"4: Chr + Passive NC (Reg)","Normal"
2025.5,0.00499333333333333,0.00304290393667235,0.002,0.00764,0.0658666666666667,0.92914,1.07482668781076,0.291312617387719,0,"4: Chr + Passive NC (Reg)","Normal"
2026,0.00497333333333333,0.00305748751183999,0.002,0.00764,0.06486,0.930166666666667,1.07347222064268,0.289562029370267,0,"4: Chr + Passive NC (Reg)","Normal"
2026.5,0.00496,0.00307443294463133,0.002,0.00762,0.0636666666666667,0.931373333333333,1.07158736900496,0.287877670922751,0,"4: Chr + Passive NC (Reg)","Normal"
2027,0.00491333333333333,0.00305926893828928,0.002,0.0076,0.0625733333333333,0.932513333333333,1.07420001493146,0.276542930069703,0,"4: Chr + Passive NC (Reg)","Normal"
2027.5,0.00487333333333333,0.00313180936282167,0.002,0.00742,0.0616933333333333,0.933433333333333,1.0764292951086,0.275249348563977,0,"4: Chr + Passive NC (Reg)","Normal"
2028,0.00484666666666667,0.00311865724126678,0.002,0.00742,0.06086,0.934293333333333,1.07544873749223,0.271447596719128,0,"4: Chr + Passive NC (Reg)","Normal"
2028.5,0.00478666666666667,0.00314212023007235,0.002,0.0074,0.0599666666666667,0.935246666666667,1.07288112264233,0.270578953307915,0,"4: Chr + Passive NC (Reg)","Normal"
2029,0.00477333333333333,0.00314641923827523,0.00198,0.00742,0.05908,0.936146666666667,1.07017010207487,0.258945553363252,0,"4: Chr + Passive NC (Reg)","Normal"
2029.5,0.00471333333333333,0.00306962126534263,0.00198,0.00742,0.05808,0.937206666666667,1.07145599148224,0.254885006872132,0,"4: Chr + Passive NC (Reg)","Normal"
2030,0.00466666666666667,0.00304374240304464,0.00198,0.00742,0.05702,0.938313333333333,1.07326222434754,0.25227630914899,0,"4: Chr + Passive NC (Reg)","Normal"
2030.5,0.00464666666666667,0.00300330086603957,0.00198,0.00742,0.0562066666666667,0.939146666666667,1.07668982163497,0.248558761609097,0,"4: Chr + Passive NC (Reg)","Normal"
2031,0.0046,0.00297715439234549,0.00198,0.00722,0.0552933333333333,0.940106666666667,1.07720478328297,0.242979733927418,0,"4: Chr + Passive NC (Reg)","Normal"
2031.5,0.00458666666666667,0.00298822209087073,0.0018,0.0072,0.0545666666666667,0.940846666666667,1.07750332932894,0.240060959291375,0,"4: Chr + Passive NC (Reg)","Normal"
2032,0.00454666666666667,0.00301990332493509,0.00178,0.0072,0.0536466666666667,0.941806666666667,1.07990255280808,0.241163763538483,0,"4: Chr + Passive NC (Reg)","Normal"
2032.5,0.0045,0.00298536660949764,0.00178,0.0072,0.0528266666666667,0.942673333333333,1.0794805591459,0.242638258733291,0,"4: Chr + Passive NC (Reg)","Normal"
2033,0.00448666666666667,0.0029397083286393,0.00178,0.0072,0.0519466666666667,0.943566666666667,1.08382110131933,0.248487630995421,0,"4: Chr + Passive NC (Reg)","Normal"
2033.5,0.00444,0.00290701885454664,0.00176,0.00702,0.0511466666666667,0.944413333333333,1.08600869939853,0.248111892297349,0,"4: Chr + Passive NC (Reg)","Normal"
2034,0.00440666666666667,0.00289993261911416,0.00176,0.00702,0.0503,0.945293333333333,1.08688429537194,0.242075667955051,0,"4: Chr + Passive NC (Reg)","Normal"
2034.5,0.00434,0.00288212086659376,0.00158,0.00702,0.0494866666666667,0.946173333333333,1.09204180400353,0.236477322314091,0,"4: Chr + Passive NC (Reg)","Normal"
2035,0.00431333333333333,0.00286990728353582,0.00158,0.00702,0.0487933333333333,0.946893333333333,1.0929374530705,0.230244589510842,0,"4: Chr + Passive NC (Reg)","Normal"
2035.5,0.00424666666666667,0.0028067324643501,0.0014,0.00702,0.0480733333333333,0.94768,1.09445612969076,0.226493529170949,0,"4: Chr + Passive NC (Reg)","Normal"
2036,0.00423333333333333,0.00278868815201618,0.00158,0.00702,0.04736,0.948406666666667,1.09247799997177,0.229683863658128,0,"4: Chr + Passive NC (Reg)","Normal"
2036.5,0.00419333333333333,0.00273948564683143,0.00158,0.00662,0.0467733333333333,0.949033333333333,1.0946381210657,0.229304977908426,0,"4: Chr + Passive NC (Reg)","Normal"
2037,0.00413333333333333,0.00268858805828011,0.00158,0.00662,0.04612,0.949746666666667,1.09741246016429,0.227077789534062,0,"4: Chr + Passive NC (Reg)","Normal"
2037.5,0.00411333333333333,0.00270207242728592,0.00158,0.0066,0.04538,0.950506666666667,1.0973307252343,0.223640948644951,0,"4: Chr + Passive NC (Reg)","Normal"
2038,0.00403333333333333,0.00268589333155763,0.00158,0.00642,0.0447133333333333,0.951253333333333,1.10283619084578,0.220107766710453,0,"4: Chr + Passive NC (Reg)","Normal"
2038.5,0.00399333333333333,0.00268507154381448,0.00158,0.00642,0.0439866666666667,0.95202,1.10142490392277,0.224306843744844,0,"4: Chr + Passive NC (Reg)","Normal"
2039,0.00398666666666667,0.00272406052559895,0.00158,0.00642,0.04334,0.952673333333333,1.10205315327099,0.226048701797186,0,"4: Chr + Passive NC (Reg)","Normal"
2039.5,0.00396,0.00267267140026474,0.00158,0.00624,0.0426533333333333,0.953386666666667,1.10279268374349,0.222211294190237,0,"4: Chr + Passive NC (Reg)","Normal"
2040,0.00394666666666667,0.00269862459646459,0.00158,0.0062,0.0420533333333333,0.954,1.10309679076996,0.222385821116346,0,"4: Chr + Passive NC (Reg)","Normal"
2040.5,0.00392,0.00268872486121402,0.00158,0.0062,0.04126,0.95482,1.10252555156946,0.220651583276636,0,"4: Chr + Passive NC (Reg)","Normal"
2041,0.00390666666666667,0.0026954538141782,0.00158,0.00622,0.04068,0.955413333333333,1.10417878298591,0.216304541352425,0,"4: Chr + Passive NC (Reg)","Normal"
2041.5,0.00386,0.00268951989049706,0.00158,0.00622,0.0400333333333333,0.956106666666667,1.10623218279026,0.206520989152659,0,"4: Chr + Passive NC (Reg)","Normal"
2042,0.00381333333333333,0.00267758683600884,0.00156,0.00622,0.03944,0.956746666666667,1.11248847106485,0.208456903842848,0,"4: Chr + Passive NC (Reg)","Normal"
2042.5,0.0038,0.0026817390137616,0.00156,0.00622,0.0388533333333333,0.957346666666667,1.1149485971217,0.200681119948492,0,"4: Chr + Passive NC (Reg)","Normal"
2043,0.00378666666666667,0.00269862459646459,0.00156,0.0062,0.03828,0.957933333333333,1.11647488364735,0.197761155317381,0,"4: Chr + Passive NC (Reg)","Normal"
2043.5,0.00377333333333333,0.00268057293584185,0.00156,0.0062,0.0376533333333333,0.958573333333333,1.11584869266896,0.196407057860692,0,"4: Chr + Passive NC (Reg)","Normal"
2044,0.00371333333333333,0.00265781000505839,0.00138,0.0062,0.0370066666666667,0.95928,1.11904842086673,0.193569728789455,0,"4: Chr + Passive NC (Reg)","Normal"
2044.5,0.00372,0.00270712979447568,0.00138,0.0062,0.03646,0.95982,1.1186101345298,0.193629323714641,0,"4: Chr + Passive NC (Reg)","Normal"
2045,0.00370666666666667,0.00267799890980552,0.00138,0.00602,0.0359466666666667,0.960346666666667,1.1155725624425,0.196325282281048,0,"4: Chr + Passive NC (Reg)","Normal"
2045.5,0.0037,0.00269290254891094,0.00138,0.00602,0.03542,0.96088,1.11602950506802,0.193302917428085,0,"4: Chr + Passive NC (Reg)","Normal"
2046,0.00368666666666667,0.00268620143714494,0.00138,0.00602,0.0348666666666667,0.961446666666667,1.11794160752522,0.186509249883583,0,"4: Chr + Passive NC (Reg)","Normal"
2046.5,0.00366,0.00266116386256996,0.00138,0.00602,0.0343666666666667,0.961973333333333,1.11691606626382,0.186661980353822,0,"4: Chr + Passive NC (Reg)","Normal"
2047,0.00364,0.00267885719329511,0.00138,0.00602,0.03376,0.9626,1.11634230901264,0.185619228471063,0,"4: Chr + Passive NC (Reg)","Normal"
2047.5,0.00362666666666667,0.00268365850817606,0.00138,0.00602,0.03314,0.963233333333333,1.11839882608758,0.177771751873586,0,"4: Chr + Passive NC (Reg)","Normal"
2048,0.00361333333333333,0.00266674712522299,0.00138,0.00604,0.0326133333333333,0.963773333333333,1.11948420523304,0.178422441843536,0,"4: Chr + Passive NC (Reg)","Normal"
2048.5,0.00356666666666667,0.00264553408118524,0.0012,0.00604,0.0321,0.964333333333333,1.11784853040679,0.177096447670231,0,"4: Chr + Passive NC (Reg)","Normal"
2049,0.00354666666666667,0.00264806153347264,0.0012,0.00604,0.0316266666666667,0.964826666666667,1.11857969793903,0.174996312146686,0,"4: Chr + Passive NC (Reg)","Normal"
2049.5,0.00350666666666667,0.00258362660552596,0.0012,0.00604,0.0311,0.965393333333333,1.1200801351124,0.174623508013601,0,"4: Chr + Passive NC (Reg)","Normal"
2050,0.00347333333333333,0.00251148168018106,0.0012,0.00584,0.03068,0.965846666666667,1.12046769918128,0.175703606014982,0,"4: Chr + Passive NC (Reg)","Normal"
2050.5,0.00344,0.00251801783017981,0.0012,0.00582,0.0302333333333333,0.966326666666667,1.11935856487876,0.178012447114145,0,"4: Chr + Passive NC (Reg)","Normal"
2051,0.00341333333333333,0.00248522993223805,0.0012,0.00582,0.0297333333333333,0.966853333333333,1.11949651340311,0.165664160552092,0,"4: Chr + Passive NC (Reg)","Normal"
2051.5,0.00339333333333333,0.0024727387208537,0.0012,0.00582,0.0292733333333333,0.967333333333333,1.1217701300559,0.154540989642153,0,"4: Chr + Passive NC (Reg)","Normal"
2052,0.00335333333333333,0.00248841915381181,0.0012,0.00582,0.0288733333333333,0.967773333333333,1.13058190054574,0.142783430774198,0,"4: Chr + Passive NC (Reg)","Normal"
2052.5,0.00332,0.00245039053889445,0.0012,0.00562,0.0284133333333333,0.968266666666667,1.13439551447471,0.141473085099328,0,"4: Chr + Passive NC (Reg)","Normal"
2053,0.00329333333333333,0.00245046559029002,0.0012,0.00562,0.02794,0.968766666666667,1.13738409530534,0.142706122994193,0,"4: Chr + Passive NC (Reg)","Normal"
2053.5,0.00326666666666667,0.00245305345729925,0.0012,0.00562,0.0275266666666667,0.969206666666667,1.14034729883017,0.143848954007543,0,"4: Chr + Passive NC (Reg)","Normal"
2054,0.00323333333333333,0.00241665675780767,0.0012,0.00562,0.0272066666666667,0.96956,1.14037440326862,0.137085562134726,0,"4: Chr + Passive NC (Reg)","Normal"
2054.5,0.00322666666666667,0.00239351614580514,0.0012,0.00546,0.0268933333333333,0.96988,1.13848014625273,0.132748071093127,0,"4: Chr + Passive NC (Reg)","Normal"
2055,0.00319333333333333,0.00235444309739067,0.0012,0.00546,0.0264333333333333,0.970373333333333,1.13898656496084,0.122815483008023,0,"4: Chr + Passive NC (Reg)","Normal"
2055.5,0.00317333333333333,0.00235634628526708,0.00118,0.00546,0.0260866666666667,0.97074,1.13585611446736,0.121005959198499,0,"4: Chr + Passive NC (Reg)","Normal"
2056,0.00316,0.00231838231353764,0.001,0.00546,0.0256933333333333,0.971146666666667,1.13596831887722,0.117761023101177,0,"4: Chr + Passive NC (Reg)","Normal"
2056.5,0.00313333333333333,0.00227631482783079,0.001,0.00564,0.0253533333333333,0.971513333333333,1.13583836478309,0.115176277213362,0,"4: Chr + Passive NC (Reg)","Normal"
2057,0.00312666666666667,0.00227822273945607,0.001,0.00564,0.0248933333333333,0.97198,1.13365651509328,0.113429168113311,0,"4: Chr + Passive NC (Reg)","Normal"
2057.5,0.00309333333333333,0.0022747388381107,0.001,0.00528,0.0245333333333333,0.972373333333333,1.1293308847713,0.117699579382444,0,"4: Chr + Passive NC (Reg)","Normal"
2058,0.0031,0.00231084400165827,0.001,0.00546,0.02414,0.97276,1.13253454362253,0.113678309928523,0,"4: Chr + Passive NC (Reg)","Normal"
2058.5,0.00308,0.00229758493895746,0.001,0.00546,0.0238133333333333,0.973106666666667,1.1348259297973,0.114374487389406,0,"4: Chr + Passive NC (Reg)","Normal"
2059,0.00305333333333333,0.00225170178299442,0.001,0.00528,0.02346,0.973486666666667,1.13480229785388,0.112404366733011,0,"4: Chr + Passive NC (Reg)","Normal"
2059.5,0.00304666666666667,0.00223000438121316,0.001,0.00528,0.02318,0.973773333333333,1.13588807617291,0.107799324716205,0,"4: Chr + Passive NC (Reg)","Normal"
2060,0.003,0.00214893718718876,0.001,0.00528,0.0227933333333333,0.974206666666667,1.13676906658777,0.101526180775295,0,"4: Chr + Passive NC (Reg)","Normal"
2060.5,0.00297333333333333,0.00215004945144947,0.001,0.00526,0.0224866666666667,0.97454,1.1351349234588,0.0989872580529535,0,"4: Chr + Passive NC (Reg)","Normal"
2061,0.00295333333333333,0.00219509379790687,0.001,0.00526,0.02224,0.974806666666667,1.13466182211356,0.0966425726114632,0,"4: Chr + Passive NC (Reg)","Normal"
2061.5,0.00293333333333333,0.00218163705273931,0.001,0.00524,0.02184,0.975226666666667,1.13381449387916,0.0973978135391179,0,"4: Chr + Passive NC (Reg)","Normal"
2062,0.00292666666666667,0.00217476646916452,0.001,0.00506,0.02152,0.975553333333333,1.1343039259113,0.0973978135391179,0,"4: Chr + Passive NC (Reg)","Normal"
2062.5,0.00287333333333333,0.00214346373461489,0.001,0.00504,0.0211666666666667,0.97596,1.13623403717118,0.0976179300308193,0,"4: Chr + Passive NC (Reg)","Normal"
2063,0.00285333333333333,0.00215658307855567,0.00098,0.005,0.02086,0.976286666666667,1.13660906381214,0.0982458724850029,0,"4: Chr + Passive NC (Reg)","Normal"
2063.5,0.00282666666666667,0.0021371804392435,8e-04,0.00482,0.0206,0.976573333333333,1.1345378749079,0.097846143487713,0,"4: Chr + Passive NC (Reg)","Normal"
2064,0.0028,0.00209827515371308,8e-04,0.00482,0.0202933333333333,0.976906666666667,1.13553559770407,0.098187998916491,0,"4: Chr + Passive NC (Reg)","Normal"
2064.5,0.00278,0.00205466668158458,8e-04,0.00482,0.0200066666666667,0.977213333333333,1.13759019267889,0.0916672289063593,0,"4: Chr + Passive NC (Reg)","Normal"
2065,0.00275333333333333,0.00204006986583089,8e-04,0.00482,0.0197066666666667,0.97754,1.13894950055796,0.0920984643375948,0,"4: Chr + Passive NC (Reg)","Normal"
2065.5,0.00272666666666667,0.00201544610161268,8e-04,0.00482,0.0194133333333333,0.97786,1.13821461412746,0.0924310455626245,0,"4: Chr + Passive NC (Reg)","Normal"
2066,0.00271333333333333,0.00201968473697793,8e-04,0.00482,0.0191333333333333,0.978153333333333,1.13656605055364,0.0878365289681079,0,"4: Chr + Passive NC (Reg)","Normal"
2066.5,0.0027,0.00201768047092661,8e-04,0.0048,0.0188266666666667,0.978473333333333,1.13713481307474,0.0883737029389203,0,"4: Chr + Passive NC (Reg)","Normal"
2067,0.00268,0.00200660976739891,8e-04,0.0048,0.0184733333333333,0.978846666666667,1.13513207908132,0.0889594785246959,0,"4: Chr + Passive NC (Reg)","Normal"
2067.5,0.00266,0.00200561281373566,8e-04,0.00462,0.01832,0.97902,1.13336920026825,0.0856968836316662,0,"4: Chr + Passive NC (Reg)","Normal"
2068,0.00263333333333333,0.0020048791060523,8e-04,0.00462,0.01808,0.979286666666667,1.13390399856134,0.0840711180928572,0,"4: Chr + Passive NC (Reg)","Normal"
2068.5,0.00261333333333333,0.00198263727764628,8e-04,0.0046,0.0176933333333333,0.979693333333333,1.13286213547912,0.0821548982418548,0,"4: Chr + Passive NC (Reg)","Normal"
2069,0.00259333333333333,0.00197465550611141,8e-04,0.00442,0.0174866666666667,0.97992,1.13286649291126,0.0813342695951392,0,"4: Chr + Passive NC (Reg)","Normal"
2069.5,0.00256666666666667,0.0019575377449716,8e-04,0.0044,0.0171666666666667,0.980266666666667,1.13103436140079,0.0808033994990517,0,"4: Chr + Passive NC (Reg)","Normal"
2070,0.00254666666666667,0.00193688931792321,0.00078,0.0044,0.0169133333333333,0.98054,1.13089546191999,0.0807092907092907,0,"4: Chr + Passive NC (Reg)","Normal"
2070.5,0.00253333333333333,0.00190920336037426,0.00078,0.0044,0.0166666666666667,0.9808,1.13173659482144,0.0801367882763232,0,"4: Chr + Passive NC (Reg)","Normal"
2071,0.00251333333333333,0.00191090037152256,0.00078,0.0044,0.0164266666666667,0.98106,1.13171416602841,0.0782137113532462,0,"4: Chr + Passive NC (Reg)","Normal"
2071.5,0.00249333333333333,0.00190515332595629,0.00078,0.00422,0.0161333333333333,0.981373333333333,1.13630373163478,0.0783580114975464,0,"4: Chr + Passive NC (Reg)","Normal"
2072,0.00248666666666667,0.00190584099154611,0.00078,0.00422,0.01598,0.981533333333333,1.13380296622713,0.0770354743855356,0,"4: Chr + Passive NC (Reg)","Normal"
2072.5,0.00244666666666667,0.00185820330971341,0.00078,0.00422,0.0157666666666667,0.981786666666667,1.1378890956915,0.0787132671920862,0,"4: Chr + Passive NC (Reg)","Normal"
2073,0.00240666666666667,0.00184090182797179,0.00078,0.00422,0.01552,0.982073333333333,1.1416215586026,0.0791955334638262,0,"4: Chr + Passive NC (Reg)","Normal"
2073.5,0.0024,0.00182397822128559,0.00078,0.00422,0.0152466666666667,0.982353333333333,1.14159163234376,0.0757910947652698,0,"4: Chr + Passive NC (Reg)","Normal"
2074,0.00239333333333333,0.00182358747099442,0.00078,0.00422,0.0149933333333333,0.982613333333333,1.14185615635473,0.0757910947652698,0,"4: Chr + Passive NC (Reg)","Normal"
2074.5,0.00237333333333333,0.00180858743381323,0.00078,0.00422,0.0147866666666667,0.98284,1.14204926677897,0.0767391935074862,0,"4: Chr + Passive NC (Reg)","Normal"
2075,0.00235333333333333,0.00177933217486386,0.00078,0.0042,0.01458,0.983066666666667,1.14684990189306,0.0758914233914234,0,"4: Chr + Passive NC (Reg)","Normal"
2075.5,0.00235333333333333,0.00177933217486386,0.00078,0.0042,0.01438,0.983266666666667,1.14784519013742,0.0758914233914234,0,"4: Chr + Passive NC (Reg)","Normal"
2076,0.00232666666666667,0.00176516744020334,0.00078,0.0042,0.0141866666666667,0.983486666666667,1.14898587441243,0.0696708846708847,0,"4: Chr + Passive NC (Reg)","Normal"
2076.5,0.00233333333333333,0.00178138522878499,0.00078,0.0042,0.0139866666666667,0.98368,1.14906776814713,0.069544622044622,0,"4: Chr + Passive NC (Reg)","Normal"
2077,0.00232,0.00175271218401653,0.00078,0.00402,0.0137866666666667,0.983893333333333,1.14887729811903,0.0696667221667222,0,"4: Chr + Passive NC (Reg)","Normal"
2077.5,0.0023,0.00174810241947247,0.00078,0.00402,0.01362,0.98408,1.14746160638909,0.0688453505558769,0,"4: Chr + Passive NC (Reg)","Normal"
2078,0.00228666666666667,0.00174093382261149,0.00078,0.00402,0.0134733333333333,0.98424,1.1443491937815,0.0676404151404151,0,"4: Chr + Passive NC (Reg)","Normal"
2078.5,0.00226666666666667,0.00173351015897351,0.00078,0.004,0.0132733333333333,0.98446,1.14349423593218,0.0677991452991453,0,"4: Chr + Passive NC (Reg)","Normal"
2079,0.00224,0.00171033370407951,0.00078,0.004,0.01308,0.98468,1.14273132306392,0.0685483001117676,0,"4: Chr + Passive NC (Reg)","Normal"
2079.5,0.00222666666666667,0.00172185411960346,6e-04,0.00402,0.01292,0.984853333333333,1.14686379711831,0.0706417486022749,0,"4: Chr + Passive NC (Reg)","Normal"
1980,0.00501333333333333,0.000181437427863947,0.0048,0.0052,0.3182,0.676786666666667,0.358611275911607,0.0273613485280152,0,"5: Chr + Active NC (Reg)","Normal"
1980.5,0.00497333333333333,0.000322632847092463,0.0046,0.0052,0.31182,0.683206666666667,0.394827028119966,0.0409921755646393,0,"5: Chr + Active NC (Reg)","Normal"
1981,0.00492666666666667,0.000408473468798946,0.0044,0.0052,0.305813333333333,0.68926,0.452682840612302,0.0632497735758605,0,"5: Chr + Active NC (Reg)","Normal"
1981.5,0.00489333333333333,0.000494754089619684,0.00418,0.0056,0.300513333333333,0.694593333333333,0.497010319576227,0.0839701988832424,0,"5: Chr + Active NC (Reg)","Normal"
1982,0.00489333333333333,0.000579496412373729,0.00418,0.00542,0.29546,0.699646666666667,0.525180406479159,0.0997373776466811,0,"5: Chr + Active NC (Reg)","Normal"
1982.5,0.00492,0.000648818554945356,0.0042,0.0058,0.29014,0.70494,0.55130395402631,0.116382034404031,0,"5: Chr + Active NC (Reg)","Normal"
1983,0.00482666666666667,0.000676162260333162,0.00418,0.00562,0.28542,0.709753333333333,0.567908373663588,0.120468751986321,0,"5: Chr + Active NC (Reg)","Normal"
1983.5,0.00478666666666667,0.000664225415276208,0.00418,0.00562,0.280953333333333,0.71426,0.585190376691047,0.128687949857693,0,"5: Chr + Active NC (Reg)","Normal"
1984,0.00478,0.000663012976416413,0.004,0.0058,0.27594,0.71928,0.62143568400673,0.144884786492877,0,"5: Chr + Active NC (Reg)","Normal"
1984.5,0.00473333333333333,0.000705316428539571,0.004,0.00582,0.27196,0.723306666666667,0.639786001136811,0.153564893251458,0,"5: Chr + Active NC (Reg)","Normal"
1985,0.00473333333333333,0.000693483626504538,0.004,0.0058,0.268006666666667,0.72726,0.659055872912462,0.161260688323039,0,"5: Chr + Active NC (Reg)","Normal"
1985.5,0.0048,0.000755668235906883,0.004,0.0058,0.264226666666667,0.730973333333333,0.680254237473938,0.178966500401088,0,"5: Chr + Active NC (Reg)","Normal"
1986,0.00481333333333333,0.000796428810738733,0.0038,0.00562,0.260706666666667,0.73448,0.696509083112429,0.184908665374553,0,"5: Chr + Active NC (Reg)","Normal"
1986.5,0.00477333333333333,0.000780332967540066,0.00378,0.0058,0.257106666666667,0.73812,0.730404051655602,0.201979058374119,0,"5: Chr + Active NC (Reg)","Normal"
1987,0.00482666666666667,0.000851341065140994,0.0038,0.006,0.253926666666667,0.741246666666667,0.754640357888246,0.218366844677258,0,"5: Chr + Active NC (Reg)","Normal"
1987.5,0.00481333333333333,0.00085650989218006,0.0038,0.00582,0.250653333333333,0.744533333333333,0.768680557883273,0.224742645109515,0,"5: Chr + Active NC (Reg)","Normal"
1988,0.00482,0.000890331205323285,0.00378,0.006,0.24744,0.74774,0.787697565533441,0.226134535661547,0,"5: Chr + Active NC (Reg)","Normal"
1988.5,0.00478,0.00090263980672783,0.00378,0.006,0.244733333333333,0.750486666666667,0.798553562004516,0.234096329736533,0,"5: Chr + Active NC (Reg)","Normal"
1989,0.00476666666666667,0.000962874050321022,0.00378,0.00584,0.241553333333333,0.75368,0.82063011639355,0.247472595807582,0,"5: Chr + Active NC (Reg)","Normal"
1989.5,0.0048,0.000995160704402162,0.00378,0.00604,0.2385,0.7567,0.82667774051573,0.254322632633184,0,"5: Chr + Active NC (Reg)","Normal"
1990,0.00481333333333333,0.00100197506106116,0.00376,0.00586,0.235746666666667,0.75944,0.844785356976227,0.270442939852154,0,"5: Chr + Active NC (Reg)","Normal"
1990.5,0.00478666666666667,0.00105298699383962,0.00354,0.00586,0.233133333333333,0.76208,0.848270306492999,0.274318669122156,0,"5: Chr + Active NC (Reg)","Normal"
1991,0.00482,0.00107299130696739,0.00356,0.00586,0.23068,0.7645,0.858139096621465,0.285870158408205,0,"5: Chr + Active NC (Reg)","Normal"
1991.5,0.00484,0.00111342899995062,0.0034,0.00604,0.228406666666667,0.766753333333333,0.866018914514107,0.286506614428278,0,"5: Chr + Active NC (Reg)","Normal"
1992,0.00484666666666667,0.00113585250782847,0.00358,0.00606,0.226026666666667,0.769126666666667,0.875613298421446,0.288677707594852,0,"5: Chr + Active NC (Reg)","Normal"
1992.5,0.00484,0.00119700776363685,0.0034,0.0059,0.22372,0.77144,0.886988986493382,0.292258992183484,0,"5: Chr + Active NC (Reg)","Normal"
1993,0.00485333333333333,0.0011743621403901,0.0034,0.00604,0.221533333333333,0.773613333333333,0.893574660056951,0.295476480597501,0,"5: Chr + Active NC (Reg)","Normal"
1993.5,0.00488,0.00119838972418595,0.00358,0.00604,0.219613333333333,0.775506666666667,0.905043905709306,0.298378045565377,0,"5: Chr + Active NC (Reg)","Normal"
1994,0.00489333333333333,0.00117177535016929,0.00358,0.00604,0.21768,0.777426666666667,0.913037378234923,0.308823757889045,0,"5: Chr + Active NC (Reg)","Normal"
1994.5,0.00486666666666667,0.00115111140697344,0.00358,0.00606,0.215446666666667,0.779686666666667,0.920213054174575,0.312535174335203,0,"5: Chr + Active NC (Reg)","Normal"
1995,0.00488666666666667,0.0011419080624063,0.00358,0.00624,0.21388,0.781233333333333,0.923278762465749,0.316187810793712,0,"5: Chr + Active NC (Reg)","Normal"
1995.5,0.00486,0.00119210043548179,0.00338,0.0064,0.211853333333333,0.783286666666667,0.925759890062063,0.318999041731147,0,"5: Chr + Active NC (Reg)","Normal"
1996,0.00487333333333333,0.00118319652762696,0.00338,0.00642,0.210213333333333,0.784913333333333,0.935077925339368,0.324975474758816,0,"5: Chr + Active NC (Reg)","Normal"
1996.5,0.00486666666666667,0.00125762044965971,0.00338,0.00662,0.208226666666667,0.786906666666667,0.94270542172869,0.329800433542177,0,"5: Chr + Active NC (Reg)","Normal"
1997,0.00484,0.0012986996148668,0.00338,0.00642,0.206386666666667,0.788773333333333,0.948895619547685,0.336189451562876,0,"5: Chr + Active NC (Reg)","Normal"
1997.5,0.00484666666666667,0.00133254574440037,0.0034,0.0066,0.204553333333333,0.7906,0.952971864090966,0.33744325323621,0,"5: Chr + Active NC (Reg)","Normal"
1998,0.00484666666666667,0.00137633529729304,0.0032,0.0066,0.202713333333333,0.79244,0.956711719177685,0.332869397144014,0,"5: Chr + Active NC (Reg)","Normal"
1998.5,0.00480666666666667,0.00142730354245299,0.00318,0.0066,0.201,0.794193333333333,0.962124017804339,0.324987617547589,0,"5: Chr + Active NC (Reg)","Normal"
1999,0.00483333333333333,0.0014317419660928,0.00318,0.00662,0.19906,0.796106666666667,0.96072080729461,0.321558013043072,0,"5: Chr + Active NC (Reg)","Normal"
1999.5,0.00482,0.00144351104530968,0.003,0.00664,0.197293333333333,0.797886666666667,0.963559423767887,0.330351357420243,0,"5: Chr + Active NC (Reg)","Normal"
2000,0.00485333333333333,0.00146775299372023,0.00298,0.00684,0.195606666666667,0.79954,0.969403296083656,0.33479282794766,0,"5: Chr + Active NC (Reg)","Normal"
2000.5,0.00485333333333333,0.00148921023580849,0.0028,0.00686,0.194133333333333,0.801013333333333,0.972744038684574,0.331864341616832,0,"5: Chr + Active NC (Reg)","Normal"
2001,0.00486,0.00146889590251106,0.0028,0.00684,0.192513333333333,0.802626666666667,0.976022730660308,0.332244691385415,0,"5: Chr + Active NC (Reg)","Normal"
2001.5,0.00488,0.00151916492487337,0.0028,0.00686,0.19072,0.8044,0.982787913658862,0.339761760963984,0,"5: Chr + Active NC (Reg)","Normal"
2002,0.00487333333333333,0.00160386028571442,0.00278,0.0072,0.18904,0.806086666666667,0.988209489475958,0.340498666322089,0,"5: Chr + Active NC (Reg)","Normal"
2002.5,0.00484666666666667,0.00159800162559439,0.00278,0.00702,0.187233333333333,0.80792,0.992819359906066,0.341092651132626,0,"5: Chr + Active NC (Reg)","Normal"
2003,0.00487333333333333,0.00162606640517015,0.00278,0.00722,0.185673333333333,0.809453333333333,0.993083424145372,0.341110373976491,0,"5: Chr + Active NC (Reg)","Normal"
2003.5,0.00488666666666667,0.00164897739122815,0.00278,0.00722,0.184033333333333,0.81108,0.996262764703245,0.342706323507224,0,"5: Chr + Active NC (Reg)","Normal"
2004,0.00488,0.00166223779368616,0.00278,0.00722,0.18238,0.81274,0.998754698084715,0.341131164252995,0,"5: Chr + Active NC (Reg)","Normal"
2004.5,0.00486,0.00167673739024991,0.00278,0.00722,0.18102,0.81412,1.00079726580051,0.337561145230803,0,"5: Chr + Active NC (Reg)","Normal"
2005,0.00487333333333333,0.00171281847445571,0.00258,0.00722,0.179433333333333,0.815693333333333,1.00002759190807,0.338107429345599,0,"5: Chr + Active NC (Reg)","Normal"
2005.5,0.00490666666666667,0.00171704102602631,0.00276,0.00706,0.17792,0.817173333333333,1.00508246099763,0.339976608279856,0,"5: Chr + Active NC (Reg)","Normal"
2006,0.00485333333333333,0.00173796022599093,0.00276,0.00704,0.17624,0.818906666666667,1.00971087784544,0.344593849041333,0,"5: Chr + Active NC (Reg)","Normal"
2006.5,0.00484,0.00171516561983042,0.00278,0.00704,0.17468,0.82048,1.00991188379274,0.338427461930475,0,"5: Chr + Active NC (Reg)","Normal"
2007,0.00484666666666667,0.0017480498164868,0.0026,0.00706,0.17334,0.821813333333333,1.01071077447408,0.340266360190976,0,"5: Chr + Active NC (Reg)","Normal"
2007.5,0.00488,0.00170564984076754,0.0026,0.00684,0.171646666666667,0.823473333333333,1.00770748255841,0.345874027681469,0,"5: Chr + Active NC (Reg)","Normal"
2008,0.00488666666666667,0.00169109907810099,0.0026,0.00682,0.170106666666667,0.825006666666667,1.005024457539,0.341794982401729,0,"5: Chr + Active NC (Reg)","Normal"
2008.5,0.00486666666666667,0.00166946890859986,0.00258,0.00682,0.168533333333333,0.8266,1.0072092170576,0.339850505533334,0,"5: Chr + Active NC (Reg)","Normal"
2009,0.00488666666666667,0.0016747070424886,0.0026,0.00682,0.166966666666667,0.828146666666667,1.00932074429648,0.343270270502765,0,"5: Chr + Active NC (Reg)","Normal"
2009.5,0.00488,0.00170403173031814,0.0026,0.007,0.16534,0.82978,1.00934637098108,0.341530382693617,0,"5: Chr + Active NC (Reg)","Normal"
2010,0.00486,0.00171657236656518,0.00258,0.00682,0.16398,0.83116,1.01236482287969,0.342543620960108,0,"5: Chr + Active NC (Reg)","Normal"
2010.5,0.00488,0.00169510451310379,0.00258,0.00682,0.162393333333333,0.832726666666667,1.01128115631345,0.337267138948079,0,"5: Chr + Active NC (Reg)","Normal"
2011,0.00488666666666667,0.00175906192346225,0.00258,0.007,0.160746666666667,0.834366666666667,1.01323642082312,0.34016521717699,0,"5: Chr + Active NC (Reg)","Normal"
2011.5,0.00492,0.00178159169438939,0.00258,0.0072,0.159226666666667,0.835853333333333,1.01198534570921,0.341675510230231,0,"5: Chr + Active NC (Reg)","Normal"
2012,0.00492,0.00178081732494593,0.00258,0.0072,0.157586666666667,0.837493333333333,1.0132319900178,0.338365116060102,0,"5: Chr + Active NC (Reg)","Normal"
2012.5,0.00491333333333333,0.00176062945901573,0.00258,0.00702,0.155806666666667,0.83928,1.01274341483159,0.339487812008084,0,"5: Chr + Active NC (Reg)","Normal"
2013,0.00489333333333333,0.0017567472554526,0.0026,0.00684,0.153973333333333,0.841133333333333,1.01429985894127,0.343770106673134,0,"5: Chr + Active NC (Reg)","Normal"
2013.5,0.00486666666666667,0.00180293502729402,0.00258,0.00684,0.152026666666667,0.843106666666667,1.01822801027267,0.340373074300594,0,"5: Chr + Active NC (Reg)","Normal"
2014,0.00485333333333333,0.00181938476401783,0.00258,0.00684,0.15016,0.844986666666667,1.01734732468783,0.337295396805925,0,"5: Chr + Active NC (Reg)","Normal"
2014.5,0.00484,0.00184308586811396,0.00258,0.00684,0.148373333333333,0.846786666666667,1.01901488076222,0.341697644012749,0,"5: Chr + Active NC (Reg)","Normal"
2015,0.00482666666666667,0.00185154796995851,0.00256,0.00684,0.146553333333333,0.84862,1.02190144484873,0.339185760608535,0,"5: Chr + Active NC (Reg)","Normal"
2015.5,0.00479333333333333,0.0018394027016536,0.00256,0.00682,0.14502,0.850186666666667,1.02249206085311,0.337224750154005,0,"5: Chr + Active NC (Reg)","Normal"
2016,0.00478,0.00182801946718677,0.00256,0.007,0.143086666666667,0.852133333333333,1.02477655048127,0.332625659065662,0,"5: Chr + Active NC (Reg)","Normal"
2016.5,0.00474,0.00183088446687236,0.00238,0.00682,0.141253333333333,0.854006666666667,1.0257099241149,0.33018519156234,0,"5: Chr + Active NC (Reg)","Normal"
2017,0.00474,0.00183389542062602,0.00256,0.00682,0.139393333333333,0.855866666666667,1.02917694219512,0.328231624121273,0,"5: Chr + Active NC (Reg)","Normal"
2017.5,0.0047,0.00183960265574783,0.00236,0.00682,0.137526666666667,0.857773333333333,1.03085312233155,0.330363738854232,0,"5: Chr + Active NC (Reg)","Normal"
2018,0.00469333333333333,0.00181619787265696,0.00254,0.0068,0.135713333333333,0.859593333333333,1.02927785036124,0.326789741152408,0,"5: Chr + Active NC (Reg)","Normal"
2018.5,0.00468666666666667,0.00179323120676603,0.00254,0.00662,0.133966666666667,0.861346666666667,1.02863229596581,0.326844309447084,0,"5: Chr + Active NC (Reg)","Normal"
2019,0.00472,0.00182140529300299,0.00254,0.00662,0.13232,0.86296,1.02825520519149,0.324825107585978,0,"5: Chr + Active NC (Reg)","Normal"
2019.5,0.0047,0.00182681180730538,0.00254,0.00662,0.130673333333333,0.864626666666667,1.02541359867326,0.319004518870758,0,"5: Chr + Active NC (Reg)","Normal"
2020,0.00469333333333333,0.00184856576899467,0.00254,0.0066,0.128673333333333,0.866633333333333,1.02372615662497,0.316726562196255,0,"5: Chr + Active NC (Reg)","Normal"
2020.5,0.00465333333333333,0.00183448448707895,0.00218,0.00642,0.12694,0.868406666666667,1.02773604570102,0.318402242697484,0,"5: Chr + Active NC (Reg)","Normal"
2021,0.00464666666666667,0.00182222549294165,0.00218,0.0066,0.125493333333333,0.86986,1.02491225912843,0.319452192971646,0,"5: Chr + Active NC (Reg)","Normal"
2021.5,0.00463333333333333,0.00180121287361932,0.00218,0.00662,0.12376,0.871606666666667,1.02589297402361,0.314557122026228,0,"5: Chr + Active NC (Reg)","Normal"
2022,0.00463333333333333,0.00180809164654308,0.00218,0.00662,0.12234,0.873026666666667,1.02551632885467,0.307236948087563,0,"5: Chr + Active NC (Reg)","Normal"
2022.5,0.00462,0.00181134356687001,0.00218,0.00644,0.120746666666667,0.874633333333333,1.0245878506277,0.309513165220386,0,"5: Chr + Active NC (Reg)","Normal"
2023,0.00455333333333333,0.00179323120676603,0.00218,0.00644,0.119366666666667,0.87608,1.02677894180073,0.318760179730726,0,"5: Chr + Active NC (Reg)","Normal"
2023.5,0.00452666666666667,0.00178999775251898,0.00218,0.00644,0.117826666666667,0.877646666666667,1.03102761699996,0.317332752840866,0,"5: Chr + Active NC (Reg)","Normal"
2024,0.00449333333333333,0.00181999115824554,0.00218,0.00642,0.11618,0.879326666666667,1.03144636425801,0.308910334792644,0,"5: Chr + Active NC (Reg)","Normal"
2024.5,0.00445333333333333,0.00179265423197065,0.00218,0.0064,0.114733333333333,0.880813333333333,1.03407307199181,0.304212509845077,0,"5: Chr + Active NC (Reg)","Normal"
2025,0.00440666666666667,0.00172485548286852,0.0022,0.0064,0.113246666666667,0.882346666666667,1.03525120546499,0.30622776829936,0,"5: Chr + Active NC (Reg)","Normal"
2025.5,0.00437333333333333,0.00171301978436012,0.0022,0.0064,0.11152,0.884106666666667,1.03595021158039,0.30197658072204,0,"5: Chr + Active NC (Reg)","Normal"
2026,0.00435333333333333,0.00171056218492803,0.0022,0.0064,0.109866666666667,0.88578,1.03557817104054,0.295667115084489,0,"5: Chr + Active NC (Reg)","Normal"
2026.5,0.00437333333333333,0.00171140864209279,0.0022,0.00642,0.10838,0.887246666666667,1.03598951727236,0.296225141532008,0,"5: Chr + Active NC (Reg)","Normal"
2027,0.00434666666666667,0.00170834328564525,0.0022,0.0064,0.106886666666667,0.888766666666667,1.03610480296351,0.294526920271581,0,"5: Chr + Active NC (Reg)","Normal"
2027.5,0.00432666666666667,0.00171603659902562,0.0022,0.00622,0.105433333333333,0.89024,1.03629863358945,0.290390765622813,0,"5: Chr + Active NC (Reg)","Normal"
2028,0.00433333333333333,0.00171350283163553,0.00218,0.00622,0.10388,0.891786666666667,1.03059238446425,0.292068186783453,0,"5: Chr + Active NC (Reg)","Normal"
2028.5,0.00427333333333333,0.00168766995738428,0.00218,0.00622,0.10258,0.893146666666667,1.03063484085505,0.293003413025697,0,"5: Chr + Active NC (Reg)","Normal"
2029,0.00426666666666667,0.00169162915421859,0.00218,0.00622,0.10114,0.894593333333333,1.03246723523828,0.297722333360516,0,"5: Chr + Active NC (Reg)","Normal"
2029.5,0.00426666666666667,0.00168017514139066,0.0022,0.00622,0.09976,0.895973333333333,1.03281729123218,0.302450577204702,0,"5: Chr + Active NC (Reg)","Normal"
2030,0.00424,0.00163782867193754,0.0022,0.00622,0.09834,0.89742,1.03520992784245,0.292807653638052,0,"5: Chr + Active NC (Reg)","Normal"
2030.5,0.00421333333333333,0.00165419703061393,0.00218,0.00622,0.0969933333333333,0.898793333333333,1.03539443422496,0.295388319433821,0,"5: Chr + Active NC (Reg)","Normal"
2031,0.00417333333333333,0.00162712637182398,0.00218,0.0062,0.09566,0.900166666666667,1.03655052378273,0.291715010052528,0,"5: Chr + Active NC (Reg)","Normal"
2031.5,0.00416,0.00158910080841662,0.00218,0.0062,0.0944066666666667,0.901433333333333,1.03620779836786,0.292336506484116,0,"5: Chr + Active NC (Reg)","Normal"
2032,0.00413333333333333,0.00157246420568512,0.00218,0.00622,0.0930466666666667,0.90282,1.03733987226253,0.2857689536173,0,"5: Chr + Active NC (Reg)","Normal"
2032.5,0.0041,0.00155430436818711,0.00216,0.00604,0.0916466666666667,0.904253333333333,1.03654451402828,0.273160535861432,0,"5: Chr + Active NC (Reg)","Normal"
2033,0.00407333333333333,0.00156026817618293,0.00216,0.00622,0.09046,0.905466666666667,1.03795369883573,0.271290862783143,0,"5: Chr + Active NC (Reg)","Normal"
2033.5,0.004,0.00154115943814814,0.00216,0.00602,0.0888733333333333,0.907126666666667,1.04015342222939,0.277017245434017,0,"5: Chr + Active NC (Reg)","Normal"
2034,0.00398666666666667,0.00155712673798921,0.002,0.00602,0.0877333333333333,0.90828,1.04279468057857,0.27828858294868,0,"5: Chr + Active NC (Reg)","Normal"
2034.5,0.00400666666666667,0.0015986919940858,0.002,0.00622,0.0865466666666667,0.909446666666667,1.0384539516318,0.275693048439377,0,"5: Chr + Active NC (Reg)","Normal"
2035,0.00396,0.00158736389587613,0.002,0.0062,0.0853666666666667,0.910673333333333,1.03807987336111,0.274282243164967,0,"5: Chr + Active NC (Reg)","Normal"
2035.5,0.00392666666666667,0.00160213937430944,0.002,0.00602,0.08414,0.911933333333333,1.03931832687733,0.276793078832033,0,"5: Chr + Active NC (Reg)","Normal"
2036,0.00388666666666667,0.00159021432806883,0.002,0.006,0.0829733333333333,0.91314,1.04039408141122,0.269504773012872,0,"5: Chr + Active NC (Reg)","Normal"
2036.5,0.00384,0.00156196163138889,0.002,0.00564,0.0818466666666667,0.914313333333333,1.04339509179821,0.264087011209773,0,"5: Chr + Active NC (Reg)","Normal"
2037,0.00383333333333333,0.001568731825466,0.002,0.00582,0.0807333333333333,0.915433333333333,1.04560757230214,0.259845326269359,0,"5: Chr + Active NC (Reg)","Normal"
2037.5,0.0038,0.00157742697519377,0.00198,0.00564,0.0794933333333333,0.916706666666667,1.04595035894541,0.2602440533405,0,"5: Chr + Active NC (Reg)","Normal"
2038,0.00376666666666667,0.00157224489917713,0.00198,0.0058,0.0783733333333333,0.91786,1.04656572536212,0.255972586752912,0,"5: Chr + Active NC (Reg)","Normal"
2038.5,0.00372,0.00154883716113868,0.00198,0.0058,0.0772133333333333,0.919066666666667,1.04644937145605,0.245698496750595,0,"5: Chr + Active NC (Reg)","Normal"
2039,0.00367333333333333,0.00151724190177629,0.00198,0.0058,0.0762266666666667,0.9201,1.04913350995225,0.244289616970972,0,"5: Chr + Active NC (Reg)","Normal"
2039.5,0.00366,0.00151420856760451,0.00198,0.00564,0.0751266666666667,0.921213333333333,1.04855196830725,0.245317579880273,0,"5: Chr + Active NC (Reg)","Normal"
2040,0.00361333333333333,0.00149844363702254,0.00198,0.00546,0.07404,0.922346666666667,1.04733799461542,0.246645067713695,0,"5: Chr + Active NC (Reg)","Normal"
2040.5,0.00357333333333333,0.00149733863521441,0.00198,0.00526,0.0730266666666667,0.9234,1.04673100929042,0.247967697541734,0,"5: Chr + Active NC (Reg)","Normal"
2041,0.00355333333333333,0.00149267945454575,0.00198,0.00524,0.0720733333333333,0.924373333333333,1.04744912189501,0.246547288281034,0,"5: Chr + Active NC (Reg)","Normal"
2041.5,0.00350666666666667,0.00148902498377255,0.0018,0.00524,0.0710866666666667,0.925406666666667,1.04817227414054,0.24129542570719,0,"5: Chr + Active NC (Reg)","Normal"
2042,0.0035,0.00148811382582808,0.0018,0.00526,0.0701933333333333,0.926306666666667,1.04926022099741,0.245359170828104,0,"5: Chr + Active NC (Reg)","Normal"
2042.5,0.00345333333333333,0.00144311285513077,0.0018,0.00524,0.0694666666666667,0.92708,1.05153212937343,0.245684724918471,0,"5: Chr + Active NC (Reg)","Normal"
2043,0.00341333333333333,0.00142773834493901,0.0018,0.00504,0.0685533333333333,0.928033333333333,1.05360674080386,0.243646312713392,0,"5: Chr + Active NC (Reg)","Normal"
2043.5,0.00337333333333333,0.00138637043697049,0.0018,0.00502,0.06768,0.928946666666667,1.0563200668348,0.24247839876555,0,"5: Chr + Active NC (Reg)","Normal"
2044,0.00332666666666667,0.00136607500509314,0.0018,0.00502,0.0667133333333333,0.92996,1.05810527534816,0.232515481391514,0,"5: Chr + Active NC (Reg)","Normal"
2044.5,0.00330666666666667,0.0013713656252659,0.0018,0.00502,0.0658333333333333,0.93086,1.05831315251357,0.223741620316894,0,"5: Chr + Active NC (Reg)","Normal"
2045,0.00324,0.00132498536101217,0.0018,0.005,0.06496,0.9318,1.06268547702394,0.218322236158621,0,"5: Chr + Active NC (Reg)","Normal"
2045.5,0.00319333333333333,0.00127304504168585,0.00198,0.0048,0.0640266666666667,0.93278,1.06253732205988,0.220585507484461,0,"5: Chr + Active NC (Reg)","Normal"
2046,0.00316666666666667,0.00127261157856003,0.0018,0.0048,0.0632533333333333,0.93358,1.06455630608353,0.21636665859456,0,"5: Chr + Active NC (Reg)","Normal"
2046.5,0.00312,0.00127208761355173,0.0018,0.00482,0.0622666666666667,0.934613333333333,1.06518140091697,0.211757676319101,0,"5: Chr + Active NC (Reg)","Normal"
2047,0.00308666666666667,0.00127434454641926,0.0018,0.00464,0.0614533333333333,0.93546,1.06545055380571,0.214316540444462,0,"5: Chr + Active NC (Reg)","Normal"
2047.5,0.00307333333333333,0.00125888109414488,0.0018,0.00464,0.0604466666666667,0.93648,1.06685881025688,0.214309533562455,0,"5: Chr + Active NC (Reg)","Normal"
2048,0.00305333333333333,0.0012648383659401,0.0018,0.00464,0.0595066666666667,0.93744,1.07020163074301,0.198790548190528,0,"5: Chr + Active NC (Reg)","Normal"
2048.5,0.00303333333333333,0.00126500193085128,0.00178,0.00464,0.0586866666666667,0.93828,1.07207299037448,0.200347088268808,0,"5: Chr + Active NC (Reg)","Normal"
2049,0.00296,0.00121983605455815,0.00178,0.00462,0.0579,0.93914,1.07745956111682,0.197199567920476,0,"5: Chr + Active NC (Reg)","Normal"
2049.5,0.00294,0.00121502093071229,0.00178,0.00462,0.05706,0.94,1.07794518221498,0.197967915070402,0,"5: Chr + Active NC (Reg)","Normal"
2050,0.00289333333333333,0.00118814063179387,0.0016,0.00462,0.0561866666666667,0.94092,1.0771601535367,0.196568298690448,0,"5: Chr + Active NC (Reg)","Normal"
2050.5,0.00287333333333333,0.00116676190087495,0.0016,0.00444,0.0553133333333333,0.941813333333333,1.08061545233331,0.196710560394771,0,"5: Chr + Active NC (Reg)","Normal"
2051,0.00285333333333333,0.00117670883321275,0.0016,0.00444,0.05454,0.942606666666667,1.08128632500658,0.192380584814795,0,"5: Chr + Active NC (Reg)","Normal"
2051.5,0.00282,0.00118304108419638,0.00158,0.00444,0.0537,0.94348,1.08451791260244,0.184171807724439,0,"5: Chr + Active NC (Reg)","Normal"
2052,0.00281333333333333,0.00118604917422431,0.00158,0.00444,0.0528933333333333,0.944293333333333,1.08109571184906,0.17951812807076,0,"5: Chr + Active NC (Reg)","Normal"
2052.5,0.00278666666666667,0.00120222016841065,0.00156,0.00444,0.0521066666666667,0.945106666666667,1.0809652293573,0.181655516825795,0,"5: Chr + Active NC (Reg)","Normal"
2053,0.00278666666666667,0.00121250192558207,0.00156,0.00444,0.0514533333333333,0.94576,1.0857699818112,0.170920336972969,0,"5: Chr + Active NC (Reg)","Normal"
2053.5,0.00278,0.00121524795256231,0.00156,0.00444,0.0506666666666667,0.946553333333333,1.0846416491246,0.160741626794258,0,"5: Chr + Active NC (Reg)","Normal"
2054,0.00276666666666667,0.00118506025842231,0.00158,0.00426,0.0497933333333333,0.94744,1.08426416686975,0.17280659885923,0,"5: Chr + Active NC (Reg)","Normal"
2054.5,0.00277333333333333,0.00119739180155736,0.00158,0.00428,0.0490466666666667,0.94818,1.08218973703863,0.161843635896267,0,"5: Chr + Active NC (Reg)","Normal"
2055,0.00276666666666667,0.00121267254963724,0.00158,0.00426,0.0481266666666667,0.949106666666667,1.08220649148782,0.160782619751918,0,"5: Chr + Active NC (Reg)","Normal"
2055.5,0.00272,0.00120527575897486,0.00158,0.00426,0.0474266666666667,0.949853333333333,1.084612727202,0.156057977110609,0,"5: Chr + Active NC (Reg)","Normal"
2056,0.0027,0.00119741100022017,0.0014,0.00426,0.0468733333333333,0.950426666666667,1.08397655173597,0.153245865850222,0,"5: Chr + Active NC (Reg)","Normal"
2056.5,0.00266,0.00119325691657979,0.0014,0.00408,0.04616,0.95118,1.08703206456611,0.149515353443239,0,"5: Chr + Active NC (Reg)","Normal"
2057,0.00262,0.00119348807832481,0.00138,0.00408,0.0455466666666667,0.951833333333333,1.08812158579434,0.147174981396984,0,"5: Chr + Active NC (Reg)","Normal"
2057.5,0.0026,0.00118263294798309,0.00138,0.0039,0.045,0.9524,1.08832792353998,0.143862027294556,0,"5: Chr + Active NC (Reg)","Normal"
2058,0.00256666666666667,0.00118622360319697,0.00138,0.00372,0.0444333333333333,0.953,1.08710316935968,0.145899444068815,0,"5: Chr + Active NC (Reg)","Normal"
2058.5,0.00254,0.00118862424096385,0.00138,0.00372,0.0437866666666667,0.953673333333333,1.08543588839664,0.143927766508902,0,"5: Chr + Active NC (Reg)","Normal"
2059,0.00252,0.00120068945710945,0.00136,0.00372,0.04306,0.95442,1.08513138485088,0.137531755112891,0,"5: Chr + Active NC (Reg)","Normal"
2059.5,0.0025,0.00119279445869339,0.00136,0.00372,0.04234,0.95516,1.08393134536378,0.136012925358767,0,"5: Chr + Active NC (Reg)","Normal"
2060,0.00249333333333333,0.00117412721314331,0.00136,0.00372,0.0417333333333333,0.955773333333333,1.08230187169277,0.13498665278077,0,"5: Chr + Active NC (Reg)","Normal"
2060.5,0.00248,0.00117279506984898,0.00136,0.00374,0.04114,0.95638,1.08396567140872,0.133090604384722,0,"5: Chr + Active NC (Reg)","Normal"
2061,0.00247333333333333,0.00117969409633156,0.00136,0.00374,0.0405066666666667,0.95702,1.08754966284971,0.132738519106166,0,"5: Chr + Active NC (Reg)","Normal"
2061.5,0.00245333333333333,0.00118837278875674,0.00136,0.00374,0.0399533333333333,0.957593333333333,1.09116487884928,0.13380754267519,0,"5: Chr + Active NC (Reg)","Normal"
2062,0.00243333333333333,0.00120239225148733,0.00136,0.00374,0.0394066666666667,0.95816,1.09433384733525,0.129836176350882,0,"5: Chr + Active NC (Reg)","Normal"
2062.5,0.00242,0.00118769553744012,0.00136,0.00356,0.0387866666666667,0.958793333333333,1.09513990661242,0.134910872896167,0,"5: Chr + Active NC (Reg)","Normal"
2063,0.00242,0.00118653363583403,0.00136,0.00356,0.0382133333333333,0.959366666666667,1.09865894292984,0.134086697071991,0,"5: Chr + Active NC (Reg)","Normal"
2063.5,0.0024,0.00116855348246424,0.00136,0.00354,0.0376866666666667,0.959913333333333,1.09676414294045,0.137910771146065,0,"5: Chr + Active NC (Reg)","Normal"
2064,0.00238666666666667,0.00117553607238199,0.00118,0.00354,0.0371266666666667,0.960486666666667,1.09257700347057,0.130926644161938,0,"5: Chr + Active NC (Reg)","Normal"
2064.5,0.00238666666666667,0.00117553607238199,0.00118,0.00354,0.0366933333333333,0.96092,1.09408299257874,0.128148866384161,0,"5: Chr + Active NC (Reg)","Normal"
2065,0.00237333333333333,0.00118348792903051,0.00118,0.00354,0.0361866666666667,0.96144,1.09483421999027,0.128611829347123,0,"5: Chr + Active NC (Reg)","Normal"
2065.5,0.00236666666666667,0.0011698315037331,0.00118,0.00352,0.0356466666666667,0.961986666666667,1.09397991830137,0.128974148187703,0,"5: Chr + Active NC (Reg)","Normal"
2066,0.00234666666666667,0.00116255762432881,0.00118,0.00352,0.0351333333333333,0.96252,1.09374843253099,0.127899487554219,0,"5: Chr + Active NC (Reg)","Normal"
2066.5,0.00234,0.00116162787085401,0.00118,0.00352,0.03448,0.96318,1.09244534892192,0.120113162767894,0,"5: Chr + Active NC (Reg)","Normal"
2067,0.0023,0.00117179496853155,0.00118,0.00352,0.03396,0.96374,1.09458647539924,0.120280565082355,0,"5: Chr + Active NC (Reg)","Normal"
2067.5,0.00228666666666667,0.0011752426993174,0.00118,0.00352,0.0334,0.964313333333333,1.09706059451366,0.116587754624839,0,"5: Chr + Active NC (Reg)","Normal"
2068,0.00227333333333333,0.0011773533537304,0.00118,0.00352,0.0328333333333333,0.964893333333333,1.09415946976756,0.115451390988475,0,"5: Chr + Active NC (Reg)","Normal"
2068.5,0.00224666666666667,0.00118692106274824,0.00118,0.00352,0.03234,0.965413333333333,1.09744366804645,0.106502978290063,0,"5: Chr + Active NC (Reg)","Normal"
2069,0.00222666666666667,0.00116705740583133,0.00118,0.00352,0.03182,0.965953333333333,1.10329830205824,0.103769292223043,0,"5: Chr + Active NC (Reg)","Normal"
2069.5,0.00222,0.00116778599834517,0.00118,0.00352,0.0313266666666667,0.966453333333333,1.1038313069675,0.102623047163755,0,"5: Chr + Active NC (Reg)","Normal"
2070,0.00222,0.00116778599834517,0.00118,0.00352,0.0308066666666667,0.966973333333333,1.10496277127654,0.102623047163755,0,"5: Chr + Active NC (Reg)","Normal"
2070.5,0.00222,0.00116778599834517,0.00118,0.00352,0.0304666666666667,0.967313333333333,1.10468201592564,0.100662262850029,0,"5: Chr + Active NC (Reg)","Normal"
2071,0.00218,0.00118187460680349,0.00118,0.00352,0.0300533333333333,0.967766666666667,1.10581187254106,0.099922724610491,0,"5: Chr + Active NC (Reg)","Normal"
2071.5,0.00217333333333333,0.00117295187111579,0.00118,0.00354,0.0296066666666667,0.96822,1.10430131485596,0.101196053401936,0,"5: Chr + Active NC (Reg)","Normal"
2072,0.00215333333333333,0.00118226356047913,0.00116,0.00354,0.02914,0.968706666666667,1.10177752980085,0.0996472318531142,0,"5: Chr + Active NC (Reg)","Normal"
2072.5,0.00213333333333333,0.00115827854827856,0.00116,0.00352,0.0286733333333333,0.969193333333333,1.10259217935719,0.0988777356488354,0,"5: Chr + Active NC (Reg)","Normal"
2073,0.00211333333333333,0.00115392384059134,0.00116,0.00334,0.0283666666666667,0.96952,1.10439963544854,0.100130159695377,0,"5: Chr + Active NC (Reg)","Normal"
2073.5,0.00210666666666667,0.00113591322317099,0.00116,0.00334,0.02798,0.969913333333333,1.10656069199761,0.0951210552732292,0,"5: Chr + Active NC (Reg)","Normal"
2074,0.0021,0.00113714706536836,0.00116,0.00334,0.02754,0.97036,1.10454966711914,0.0931104732626472,0,"5: Chr + Active NC (Reg)","Normal"
2074.5,0.00208666666666667,0.00113585250782847,0.00116,0.00334,0.02714,0.970773333333333,1.10296558104521,0.0888115314637054,0,"5: Chr + Active NC (Reg)","Normal"
2075,0.00208,0.0011321021033519,0.00116,0.00334,0.0266866666666667,0.971233333333333,1.10172878990345,0.0822035259426564,0,"5: Chr + Active NC (Reg)","Normal"
2075.5,0.00206,0.00112052943151733,0.00116,0.00334,0.0263466666666667,0.971593333333333,1.10294568812696,0.0776831670744714,0,"5: Chr + Active NC (Reg)","Normal"
2076,0.00202666666666667,0.00110638689165363,0.00116,0.00332,0.02592,0.972053333333333,1.10471579363297,0.0765339941861681,0,"5: Chr + Active NC (Reg)","Normal"
2076.5,0.00202666666666667,0.00110638689165363,0.00116,0.00332,0.0255933333333333,0.97238,1.10455534813918,0.0765339941861681,0,"5: Chr + Active NC (Reg)","Normal"
2077,0.00201333333333333,0.00110538909777113,0.00116,0.00332,0.02522,0.972766666666667,1.10241460103518,0.0717720894242633,0,"5: Chr + Active NC (Reg)","Normal"
2077.5,0.00200666666666667,0.00110856643473898,0.00116,0.00332,0.0247466666666667,0.973246666666667,1.09907456331417,0.0729625656147395,0,"5: Chr + Active NC (Reg)","Normal"
2078,0.00199333333333333,0.00110856643473898,0.00116,0.00332,0.0244266666666667,0.97358,1.10270573605483,0.0736359662881402,0,"5: Chr + Active NC (Reg)","Normal"
2078.5,0.00197333333333333,0.00110138888284945,0.00098,0.00332,0.0240266666666667,0.974,1.10497551189337,0.0738994708994709,0,"5: Chr + Active NC (Reg)","Normal"
2079,0.00196,0.00108837113345491,0.00098,0.0033,0.0236666666666667,0.974373333333333,1.10499564265539,0.0746510341510341,0,"5: Chr + Active NC (Reg)","Normal"
2079.5,0.00194666666666667,0.00106729866334668,0.00098,0.00312,0.02326,0.974793333333333,1.10493162043487,0.0767325637325637,0,"5: Chr + Active NC (Reg)","Normal"
1980,0.00509333333333333,0.000335213090573674,0.00478,0.0056,0,0.994906666666667,0.382776478639928,0.0526448453632362,0,"1: Chr + Nones (Free)","Bimodal"
1980.5,0.00523333333333333,0.000426964694763762,0.00478,0.0058,0,0.994766666666667,0.436668819820896,0.0906082190894785,0,"1: Chr + Nones (Free)","Bimodal"
1981,0.00539333333333333,0.000531707291353204,0.00478,0.006,0,0.994606666666667,0.489643115238744,0.129103167630737,0,"1: Chr + Nones (Free)","Bimodal"
1981.5,0.00539333333333333,0.000576513500355329,0.0046,0.00604,0,0.994606666666667,0.531961715163565,0.153420125509081,0,"1: Chr + Nones (Free)","Bimodal"
1982,0.00562666666666667,0.00059823495172989,0.00498,0.0064,0,0.994373333333333,0.590107795922747,0.20244416257341,0,"1: Chr + Nones (Free)","Bimodal"
1982.5,0.00578666666666667,0.000714255500181994,0.00498,0.00664,0,0.994213333333333,0.628964306874349,0.236042277383883,0,"1: Chr + Nones (Free)","Bimodal"
1983,0.00604,0.000839375794348355,0.0048,0.00684,0,0.99396,0.674516764896864,0.278265277785033,0,"1: Chr + Nones (Free)","Bimodal"
1983.5,0.00618,0.000852339579405233,0.00518,0.00722,0,0.99382,0.708223027972205,0.308216556525918,0,"1: Chr + Nones (Free)","Bimodal"
1984,0.00628666666666667,0.000963733162859618,0.00496,0.0074,0,0.993713333333333,0.746981744559619,0.333055783920395,0,"1: Chr + Nones (Free)","Bimodal"
1984.5,0.00649333333333333,0.00110389071589704,0.00516,0.00782,0,0.993506666666667,0.77353003777562,0.358783432365747,0,"1: Chr + Nones (Free)","Bimodal"
1985,0.00660666666666667,0.00113560961399695,0.00516,0.00804,0,0.993393333333333,0.795000086508588,0.370804320550787,0,"1: Chr + Nones (Free)","Bimodal"
1985.5,0.00681333333333333,0.00126046880532419,0.005,0.00804,0,0.993186666666667,0.823124891593072,0.391750665694996,0,"1: Chr + Nones (Free)","Bimodal"
1986,0.00708,0.00131684052395013,0.00518,0.00864,0,0.99292,0.862652346409283,0.426088839439406,0,"1: Chr + Nones (Free)","Bimodal"
1986.5,0.00726,0.00134333604289393,0.0052,0.00862,0,0.99274,0.88561093820422,0.448550720129545,0,"1: Chr + Nones (Free)","Bimodal"
1987,0.00754,0.00147825619542431,0.00558,0.00884,0,0.99246,0.910119567372915,0.472944751588903,0,"1: Chr + Nones (Free)","Bimodal"
1987.5,0.00779333333333333,0.00157522485167462,0.0056,0.00942,0,0.992206666666667,0.928042868077879,0.491066376478615,0,"1: Chr + Nones (Free)","Bimodal"
1988,0.00816,0.00167694303154117,0.006,0.01002,0,0.99184,0.945605219204255,0.506435574742529,0,"1: Chr + Nones (Free)","Bimodal"
1988.5,0.00848666666666667,0.00187151668778124,0.006,0.01082,0,0.991513333333333,0.964927162061679,0.522983607535393,0,"1: Chr + Nones (Free)","Bimodal"
1989,0.00888,0.00193807583211661,0.00654,0.0118,0,0.99112,0.982529397500342,0.543519608277547,0,"1: Chr + Nones (Free)","Bimodal"
1989.5,0.00932,0.00218937874986144,0.00656,0.0122,0,0.99068,0.99576134846802,0.560130150550859,0,"1: Chr + Nones (Free)","Bimodal"
1990,0.00963333333333333,0.00231044604341678,0.00638,0.01244,0,0.990366666666667,1.0031602826152,0.570858828548906,0,"1: Chr + Nones (Free)","Bimodal"
1990.5,0.01004,0.00251363180032124,0.00658,0.01322,0,0.98996,1.01721198859489,0.58239284816902,0,"1: Chr + Nones (Free)","Bimodal"
1991,0.0104533333333333,0.0027387051223391,0.00658,0.01388,0,0.989546666666667,1.02554485278855,0.593307180132545,0,"1: Chr + Nones (Free)","Bimodal"
1991.5,0.0109333333333333,0.00294938138848007,0.00712,0.01504,0,0.989066666666667,1.03171440198075,0.608876108565696,0,"1: Chr + Nones (Free)","Bimodal"
1992,0.0113133333333333,0.00318777117395074,0.0073,0.01528,0,0.988686666666667,1.03876377313791,0.608770384080607,0,"1: Chr + Nones (Free)","Bimodal"
1992.5,0.0118066666666667,0.0035097827158734,0.00732,0.01556,0,0.988193333333333,1.04305884163262,0.611792118267701,0,"1: Chr + Nones (Free)","Bimodal"
1993,0.01236,0.0037919697365299,0.00716,0.01652,0,0.98764,1.04533489178301,0.624287107831182,0,"1: Chr + Nones (Free)","Bimodal"
1993.5,0.0128266666666667,0.00403321838916673,0.00718,0.01734,0,0.987173333333333,1.04977940075239,0.62581701929173,0,"1: Chr + Nones (Free)","Bimodal"
1994,0.0132933333333333,0.00426039769337877,0.0072,0.01816,0,0.986706666666667,1.05161583304812,0.632227558035414,0,"1: Chr + Nones (Free)","Bimodal"
1994.5,0.01386,0.00443439534423415,0.00758,0.01806,0,0.98614,1.05669312976018,0.630872282557072,0,"1: Chr + Nones (Free)","Bimodal"
1995,0.0144466666666667,0.00477975135216318,0.0076,0.01888,0,0.985553333333333,1.05742600504926,0.634541681642382,0,"1: Chr + Nones (Free)","Bimodal"
1995.5,0.0150133333333333,0.00513162831812694,0.008,0.01988,0,0.984986666666667,1.05986940900537,0.636349297629505,0,"1: Chr + Nones (Free)","Bimodal"
1996,0.0154733333333333,0.00539002484373606,0.00838,0.02034,0,0.984526666666667,1.06182026582367,0.635652321224417,0,"1: Chr + Nones (Free)","Bimodal"
1996.5,0.0161133333333333,0.00575324396249229,0.00854,0.02082,0,0.983886666666667,1.06258752994988,0.634665987878555,0,"1: Chr + Nones (Free)","Bimodal"
1997,0.0165866666666667,0.00586513564139432,0.00894,0.0225,0,0.983413333333333,1.06157438682076,0.63464253702408,0,"1: Chr + Nones (Free)","Bimodal"
1997.5,0.0173333333333333,0.00629029538988067,0.00938,0.02288,0,0.982666666666667,1.06144454799975,0.641700014683277,0,"1: Chr + Nones (Free)","Bimodal"
1998,0.0179266666666667,0.00654121855848626,0.01,0.0235,0,0.982073333333333,1.06124905209187,0.642880157447898,0,"1: Chr + Nones (Free)","Bimodal"
1998.5,0.0185666666666667,0.00696059516546331,0.01036,0.0246,0,0.981433333333333,1.05980342525272,0.64393358434887,0,"1: Chr + Nones (Free)","Bimodal"
1999,0.0192,0.00696493681432834,0.01134,0.02524,0,0.9808,1.05904611530776,0.648592195689342,0,"1: Chr + Nones (Free)","Bimodal"
1999.5,0.01982,0.00741189165672533,0.011,0.026,0,0.98018,1.05902400267375,0.649573775956259,0,"1: Chr + Nones (Free)","Bimodal"
2000,0.02038,0.00773159215436118,0.01158,0.02668,0,0.97962,1.06049139272018,0.646157241377553,0,"1: Chr + Nones (Free)","Bimodal"
2000.5,0.0209733333333333,0.00806332409135952,0.01176,0.02784,0,0.979026666666667,1.05798068590725,0.641771958531712,0,"1: Chr + Nones (Free)","Bimodal"
2001,0.0215,0.00815230028887553,0.01234,0.02862,0,0.9785,1.0575967445577,0.641141198927126,0,"1: Chr + Nones (Free)","Bimodal"
2001.5,0.0220666666666667,0.00853897083895394,0.01252,0.02948,0,0.977933333333333,1.05610976508177,0.637281260822397,0,"1: Chr + Nones (Free)","Bimodal"
2002,0.0226266666666667,0.00870366285689174,0.01306,0.02942,0,0.977373333333333,1.05401550759694,0.634098343233024,0,"1: Chr + Nones (Free)","Bimodal"
2002.5,0.0231733333333333,0.00900355996003931,0.01348,0.03098,0,0.976826666666667,1.0517383073978,0.632300153888733,0,"1: Chr + Nones (Free)","Bimodal"
2003,0.0236666666666667,0.0091872975777216,0.01352,0.032,0,0.976333333333333,1.05024437325609,0.629207427272741,0,"1: Chr + Nones (Free)","Bimodal"
2003.5,0.0241333333333333,0.00945119344163817,0.01394,0.03244,0,0.975866666666667,1.05126927804036,0.622047907891654,0,"1: Chr + Nones (Free)","Bimodal"
2004,0.02454,0.0097525452027168,0.014,0.03364,0,0.97546,1.04949905292439,0.61931664195744,0,"1: Chr + Nones (Free)","Bimodal"
2004.5,0.025,0.00999627516835042,0.0142,0.03412,0,0.975,1.04953535601407,0.616079564348665,0,"1: Chr + Nones (Free)","Bimodal"
2005,0.0254666666666667,0.0101602787544346,0.01456,0.03478,0,0.974533333333333,1.0481611694387,0.614499479870907,0,"1: Chr + Nones (Free)","Bimodal"
2005.5,0.0259333333333333,0.0103368551655058,0.01474,0.03536,0,0.974066666666667,1.04660981380378,0.613127091422451,0,"1: Chr + Nones (Free)","Bimodal"
2006,0.0264,0.0106068292899531,0.01498,0.03654,0,0.9736,1.044258165403,0.610100624459252,0,"1: Chr + Nones (Free)","Bimodal"
2006.5,0.0268733333333333,0.0108446692238497,0.0152,0.0372,0,0.973126666666667,1.0419215421543,0.608627655284092,0,"1: Chr + Nones (Free)","Bimodal"
2007,0.0271933333333333,0.0108310515722583,0.01554,0.03708,0,0.972806666666667,1.04025356070235,0.608743314043899,0,"1: Chr + Nones (Free)","Bimodal"
2007.5,0.0275066666666667,0.0110660379270224,0.01576,0.0376,0,0.972493333333333,1.04053685034436,0.60717333056818,0,"1: Chr + Nones (Free)","Bimodal"
2008,0.0277533333333333,0.0112390554681473,0.01576,0.03788,0,0.972246666666667,1.04081678856964,0.601167369451875,0,"1: Chr + Nones (Free)","Bimodal"
2008.5,0.0280466666666667,0.0113439862036458,0.01612,0.03898,0,0.971953333333333,1.03947058906296,0.597939870721197,0,"1: Chr + Nones (Free)","Bimodal"
2009,0.0284866666666667,0.0115378457719572,0.0167,0.0401,0,0.971513333333333,1.03867209353318,0.597529629600735,0,"1: Chr + Nones (Free)","Bimodal"
2009.5,0.0289133333333333,0.0114880067396644,0.01726,0.0406,0,0.971086666666667,1.03646891698373,0.592839805204079,0,"1: Chr + Nones (Free)","Bimodal"
2010,0.0291066666666667,0.0114972540449758,0.0171,0.04076,0,0.970893333333333,1.03634108538767,0.587592622266758,0,"1: Chr + Nones (Free)","Bimodal"
2010.5,0.02936,0.0115204645500204,0.0173,0.0408,0,0.97064,1.03562642990557,0.584010060072731,0,"1: Chr + Nones (Free)","Bimodal"
2011,0.02974,0.011732906862678,0.0175,0.04178,0,0.97026,1.03303734010422,0.577426982367161,0,"1: Chr + Nones (Free)","Bimodal"
2011.5,0.0299466666666667,0.011781216298467,0.0177,0.0421,0,0.970053333333333,1.03066725083986,0.568381950895468,0,"1: Chr + Nones (Free)","Bimodal"
2012,0.0302133333333333,0.0119494259949671,0.01734,0.04288,0,0.969786666666667,1.03026098985334,0.560523302673195,0,"1: Chr + Nones (Free)","Bimodal"
2012.5,0.0303933333333333,0.0120026989302071,0.01734,0.04264,0,0.969606666666667,1.02812308075551,0.557125058281086,0,"1: Chr + Nones (Free)","Bimodal"
2013,0.03048,0.0118280321620964,0.0174,0.04234,0,0.96952,1.02633149542035,0.557671227040939,0,"1: Chr + Nones (Free)","Bimodal"
2013.5,0.0306,0.0117522705069687,0.01754,0.04252,0,0.9694,1.02570855757816,0.554455760448649,0,"1: Chr + Nones (Free)","Bimodal"
2014,0.0306666666666667,0.0118168008195618,0.01754,0.0424,0,0.969333333333333,1.02509118678822,0.551544962478146,0,"1: Chr + Nones (Free)","Bimodal"
2014.5,0.03076,0.0117929727760456,0.01758,0.04206,0,0.96924,1.02503215204382,0.547746779338859,0,"1: Chr + Nones (Free)","Bimodal"
2015,0.03092,0.0117801235284197,0.01794,0.04184,0,0.96908,1.02447679390212,0.545464967684149,0,"1: Chr + Nones (Free)","Bimodal"
2015.5,0.03098,0.0119382722714632,0.01816,0.0428,0,0.96902,1.02405463166119,0.542397405666771,0,"1: Chr + Nones (Free)","Bimodal"
2016,0.03088,0.0119568880739845,0.01812,0.04204,0,0.96912,1.02437008619192,0.535005197492514,0,"1: Chr + Nones (Free)","Bimodal"
2016.5,0.0309466666666667,0.0119536961051682,0.01796,0.04214,0,0.969053333333333,1.02253458963844,0.532236703913163,0,"1: Chr + Nones (Free)","Bimodal"
2017,0.0311,0.0119858249611781,0.01796,0.04238,0,0.9689,1.0207882654545,0.532978396527133,0,"1: Chr + Nones (Free)","Bimodal"
2017.5,0.0310666666666667,0.0120138234556276,0.01794,0.04298,0,0.968933333333333,1.01923640037167,0.531178825587319,0,"1: Chr + Nones (Free)","Bimodal"
2018,0.0310266666666667,0.0120597058731599,0.01828,0.04368,0,0.968973333333333,1.01805446777304,0.527471155661984,0,"1: Chr + Nones (Free)","Bimodal"
2018.5,0.0310333333333333,0.0119717003468765,0.01836,0.0435,0,0.968966666666667,1.01672926501722,0.52203919825624,0,"1: Chr + Nones (Free)","Bimodal"
2019,0.0311066666666667,0.0120365802605149,0.01812,0.04332,0,0.968893333333333,1.01480026868353,0.516921629133699,0,"1: Chr + Nones (Free)","Bimodal"
2019.5,0.03106,0.0119791946076636,0.01794,0.04396,0,0.96894,1.01320619920666,0.513049045276746,0,"1: Chr + Nones (Free)","Bimodal"
2020,0.03098,0.0119410448338551,0.01796,0.04378,0,0.96902,1.01409076043838,0.507742705290151,0,"1: Chr + Nones (Free)","Bimodal"
2020.5,0.0309133333333333,0.0120453949802356,0.01796,0.04382,0,0.969086666666667,1.01413157438382,0.50110493515934,0,"1: Chr + Nones (Free)","Bimodal"
2021,0.03082,0.0120347026953522,0.01776,0.04364,0,0.96918,1.01397921845003,0.49691181764912,0,"1: Chr + Nones (Free)","Bimodal"
2021.5,0.03066,0.0118870720851949,0.01792,0.0434,0,0.96934,1.01335619462334,0.491481198690138,0,"1: Chr + Nones (Free)","Bimodal"
2022,0.0305866666666667,0.0118422893095868,0.01772,0.04286,0,0.969413333333333,1.01314734194029,0.488527004176492,0,"1: Chr + Nones (Free)","Bimodal"
2022.5,0.0305133333333333,0.0118621604513981,0.0177,0.04286,0,0.969486666666667,1.01161274907418,0.484434044442785,0,"1: Chr + Nones (Free)","Bimodal"
2023,0.0304133333333333,0.011875321653236,0.01772,0.04282,0,0.969586666666667,1.01169342881969,0.480672976934055,0,"1: Chr + Nones (Free)","Bimodal"
2023.5,0.0303333333333333,0.0117568859744446,0.01756,0.04274,0,0.969666666666667,1.01067085411455,0.477637591258512,0,"1: Chr + Nones (Free)","Bimodal"
2024,0.0301733333333333,0.0117299185208486,0.01718,0.04206,0,0.969826666666667,1.01097760543262,0.471327384313045,0,"1: Chr + Nones (Free)","Bimodal"
2024.5,0.0299466666666667,0.011725119904786,0.01674,0.04206,0,0.970053333333333,1.01134146780382,0.469344060011906,0,"1: Chr + Nones (Free)","Bimodal"
2025,0.0300533333333333,0.0118661423105124,0.01676,0.04222,0,0.969946666666667,1.0110241618568,0.465401061978561,0,"1: Chr + Nones (Free)","Bimodal"
2025.5,0.0299666666666667,0.011834733606644,0.01658,0.0426,0,0.970033333333333,1.01062098367855,0.461420517624327,0,"1: Chr + Nones (Free)","Bimodal"
2026,0.0298933333333333,0.0118891121832434,0.01656,0.04258,0,0.970106666666667,1.00954150185574,0.455460763404238,0,"1: Chr + Nones (Free)","Bimodal"
2026.5,0.0297933333333333,0.0118716681956297,0.0162,0.0429,0,0.970206666666667,1.01101387020471,0.451395723628315,0,"1: Chr + Nones (Free)","Bimodal"
2027,0.0295666666666667,0.0117354850430394,0.01656,0.04278,0,0.970433333333333,1.01144236080767,0.446756769521844,0,"1: Chr + Nones (Free)","Bimodal"
2027.5,0.0294,0.011624943455554,0.01638,0.04202,0,0.9706,1.01121033858001,0.444373476782613,0,"1: Chr + Nones (Free)","Bimodal"
2028,0.0291866666666667,0.0115473159542435,0.01658,0.04092,0,0.970813333333333,1.01017526525201,0.438897931799513,0,"1: Chr + Nones (Free)","Bimodal"
2028.5,0.0290466666666667,0.0114827226536318,0.01658,0.04054,0,0.970953333333333,1.00955802504594,0.434412195390549,0,"1: Chr + Nones (Free)","Bimodal"
2029,0.02894,0.0115097739574556,0.01636,0.04112,0,0.97106,1.00891271070263,0.429803915482245,0,"1: Chr + Nones (Free)","Bimodal"
2029.5,0.02886,0.0114914240886936,0.01632,0.04056,0,0.97114,1.00746894945837,0.425931733862545,0,"1: Chr + Nones (Free)","Bimodal"
2030,0.0288333333333333,0.0115042520874655,0.01614,0.04046,0,0.971166666666667,1.00653479863924,0.423597139245931,0,"1: Chr + Nones (Free)","Bimodal"
2030.5,0.0286666666666667,0.0114599552666074,0.01596,0.0408,0,0.971333333333333,1.00543244496778,0.419902020482104,0,"1: Chr + Nones (Free)","Bimodal"
2031,0.02856,0.0113629039513188,0.01614,0.04044,0,0.97144,1.00468311536656,0.415381483980232,0,"1: Chr + Nones (Free)","Bimodal"
2031.5,0.02844,0.0112635389795937,0.01614,0.0406,0,0.97156,1.00465517517011,0.408850552962874,0,"1: Chr + Nones (Free)","Bimodal"
2032,0.02826,0.0111957073054348,0.01594,0.04022,0,0.97174,1.00393375702292,0.402222453087138,0,"1: Chr + Nones (Free)","Bimodal"
2032.5,0.0280933333333333,0.0110762539831321,0.01576,0.0403,0,0.971906666666667,1.00256426858555,0.398511053613972,0,"1: Chr + Nones (Free)","Bimodal"
2033,0.02796,0.0110550222632693,0.0158,0.0398,0,0.97204,1.00232266662147,0.394283696793411,0,"1: Chr + Nones (Free)","Bimodal"
2033.5,0.02784,0.0110452860907985,0.01578,0.03956,0,0.97216,1.00203438862737,0.389862701713258,0,"1: Chr + Nones (Free)","Bimodal"
2034,0.0275866666666667,0.0109374312477314,0.01576,0.03906,0,0.972413333333333,1.00302352239222,0.382230597921927,0,"1: Chr + Nones (Free)","Bimodal"
2034.5,0.02738,0.0108194397203399,0.01558,0.0384,0,0.97262,1.00324850569887,0.379248884365207,0,"1: Chr + Nones (Free)","Bimodal"
2035,0.02728,0.0107418100317694,0.01578,0.0387,0,0.97272,1.00359124914928,0.376666119141012,0,"1: Chr + Nones (Free)","Bimodal"
2035.5,0.0271,0.0107092934182065,0.01558,0.03884,0,0.9729,1.0033305561442,0.371697461620202,0,"1: Chr + Nones (Free)","Bimodal"
2036,0.0269733333333333,0.0106616597444182,0.0154,0.03874,0,0.973026666666667,1.00387579160288,0.369488166743235,0,"1: Chr + Nones (Free)","Bimodal"
2036.5,0.0267866666666667,0.0105928972082414,0.01538,0.0387,0,0.973213333333333,1.00356867414558,0.366533171254442,0,"1: Chr + Nones (Free)","Bimodal"
2037,0.02664,0.0105048297594898,0.01518,0.03816,0,0.97336,1.00276113085198,0.36240602816413,0,"1: Chr + Nones (Free)","Bimodal"
2037.5,0.02646,0.0105042717090682,0.01516,0.03792,0,0.97354,1.00308188177433,0.359870520896184,0,"1: Chr + Nones (Free)","Bimodal"
2038,0.0262466666666667,0.0105991129535588,0.01498,0.0375,0,0.973753333333333,1.0030417716076,0.355683622732284,0,"1: Chr + Nones (Free)","Bimodal"
2038.5,0.02616,0.0106389525022357,0.0146,0.03752,0,0.97384,1.00280018794301,0.353171801296951,0,"1: Chr + Nones (Free)","Bimodal"
2039,0.0259133333333333,0.0105346303580908,0.01438,0.03746,0,0.974086666666667,1.00299306005594,0.349702903345109,0,"1: Chr + Nones (Free)","Bimodal"
2039.5,0.0257666666666667,0.0103779718081413,0.01436,0.03744,0,0.974233333333333,1.00196907769234,0.34719871782121,0,"1: Chr + Nones (Free)","Bimodal"
2040,0.02562,0.0103104031828587,0.01438,0.0374,0,0.97438,1.00112740535676,0.344759360299057,0,"1: Chr + Nones (Free)","Bimodal"
2040.5,0.0254666666666667,0.0102984877809663,0.01438,0.0372,0,0.974533333333333,1.00073849842456,0.345555377504234,0,"1: Chr + Nones (Free)","Bimodal"
2041,0.0252133333333333,0.0102577719343662,0.01418,0.03662,0,0.974786666666667,1.00201924236849,0.340690774666436,0,"1: Chr + Nones (Free)","Bimodal"
2041.5,0.0250466666666667,0.0102116476205575,0.01376,0.03664,0,0.974953333333333,1.00180738107864,0.336111265816182,0,"1: Chr + Nones (Free)","Bimodal"
2042,0.02488,0.0101537966400207,0.01394,0.03666,0,0.97512,1.00131358147213,0.332404714314218,0,"1: Chr + Nones (Free)","Bimodal"
2042.5,0.0246666666666667,0.00993278560551155,0.01378,0.03632,0,0.975333333333333,1.00210896242223,0.32971254994847,0,"1: Chr + Nones (Free)","Bimodal"
2043,0.02444,0.00985318432687171,0.0136,0.03594,0,0.97556,1.00279597770339,0.325769058908877,0,"1: Chr + Nones (Free)","Bimodal"
2043.5,0.0242333333333333,0.00984543770881523,0.01378,0.03596,0,0.975766666666667,1.00284790080993,0.322553784468079,0,"1: Chr + Nones (Free)","Bimodal"
2044,0.0240266666666667,0.00979580956621102,0.01378,0.0356,0,0.975973333333333,1.00268725752763,0.319237079777052,0,"1: Chr + Nones (Free)","Bimodal"
2044.5,0.02378,0.00974082769265174,0.01394,0.03448,0,0.97622,1.00190001778266,0.316533610114159,0,"1: Chr + Nones (Free)","Bimodal"
2045,0.0236333333333333,0.00964230382162405,0.01376,0.03412,0,0.976366666666667,1.00200589841802,0.312876605298433,0,"1: Chr + Nones (Free)","Bimodal"
2045.5,0.02352,0.00947455394273488,0.01358,0.03372,0,0.97648,1.00176309519285,0.309650200318156,0,"1: Chr + Nones (Free)","Bimodal"
2046,0.0233066666666667,0.00943752354035277,0.01338,0.03372,0,0.976693333333333,1.00242249578457,0.30612054233932,0,"1: Chr + Nones (Free)","Bimodal"
2046.5,0.0231866666666667,0.00940974305535577,0.0132,0.03374,0,0.976813333333333,1.00135633238643,0.306339933640625,0,"1: Chr + Nones (Free)","Bimodal"
2047,0.0230333333333333,0.00936657053985934,0.0132,0.0339,0,0.976966666666667,1.00085601181013,0.303625752433439,0,"1: Chr + Nones (Free)","Bimodal"
2047.5,0.0228133333333333,0.00923903761719553,0.01318,0.03374,0,0.977186666666667,1.00109841211398,0.302746595289306,0,"1: Chr + Nones (Free)","Bimodal"
2048,0.02262,0.00918880128011904,0.01296,0.0335,0,0.97738,1.00177176576379,0.30149971966682,0,"1: Chr + Nones (Free)","Bimodal"
2048.5,0.02238,0.0092163797215834,0.01258,0.03308,0,0.97762,1.00283047819899,0.296518890525531,0,"1: Chr + Nones (Free)","Bimodal"
2049,0.02228,0.00921102787330267,0.01238,0.03288,0,0.97772,1.00327807851011,0.296176812631017,0,"1: Chr + Nones (Free)","Bimodal"
2049.5,0.0221333333333333,0.0091915003215427,0.0122,0.03282,0,0.977866666666667,1.0027536697021,0.29584661698519,0,"1: Chr + Nones (Free)","Bimodal"
2050,0.0220066666666667,0.00912268613396573,0.01238,0.0329,0,0.977993333333333,1.00243644900493,0.294113034472925,0,"1: Chr + Nones (Free)","Bimodal"
2050.5,0.0218866666666667,0.00897024711662579,0.01272,0.0329,0,0.978113333333333,1.00265708715963,0.293073514148871,0,"1: Chr + Nones (Free)","Bimodal"
2051,0.0216466666666667,0.0088320237589219,0.01254,0.03284,0,0.978353333333333,1.00300712379423,0.284262187357707,0,"1: Chr + Nones (Free)","Bimodal"
2051.5,0.02146,0.00882272145049947,0.01254,0.03264,0,0.97854,1.00247760526055,0.281407018458044,0,"1: Chr + Nones (Free)","Bimodal"
2052,0.02134,0.0088141187679298,0.01252,0.03242,0,0.97866,1.00175521332024,0.280049834058948,0,"1: Chr + Nones (Free)","Bimodal"
2052.5,0.0211266666666667,0.00869474408551762,0.0125,0.0322,0,0.978873333333333,1.00200439490477,0.273146570819131,0,"1: Chr + Nones (Free)","Bimodal"
2053,0.0209333333333333,0.00862079816023669,0.01232,0.03182,0,0.979066666666667,1.00180593355522,0.271536627135476,0,"1: Chr + Nones (Free)","Bimodal"
2053.5,0.0208066666666667,0.00855593898727796,0.01248,0.03162,0,0.979193333333333,1.00175182825058,0.271835518993517,0,"1: Chr + Nones (Free)","Bimodal"
2054,0.02072,0.00857142003283647,0.01248,0.03146,0,0.97928,1.00224260257728,0.270200440940338,0,"1: Chr + Nones (Free)","Bimodal"
2054.5,0.02056,0.00855608676263017,0.01248,0.03122,0,0.97944,1.00246715982306,0.267615597510329,0,"1: Chr + Nones (Free)","Bimodal"
2055,0.0204533333333333,0.00856551761156458,0.01228,0.03084,0,0.979546666666667,1.00233355675823,0.260947595769518,0,"1: Chr + Nones (Free)","Bimodal"
2055.5,0.0202533333333333,0.00850815970755106,0.01228,0.03064,0,0.979746666666667,1.00215095941804,0.258238930259219,0,"1: Chr + Nones (Free)","Bimodal"
2056,0.0200733333333333,0.00844070324465727,0.01228,0.03002,0,0.979926666666667,1.00133344957288,0.258837298514709,0,"1: Chr + Nones (Free)","Bimodal"
2056.5,0.01978,0.00837341441501119,0.01212,0.03002,0,0.98022,1.00216965512728,0.256028905431843,0,"1: Chr + Nones (Free)","Bimodal"
2057,0.01954,0.00830673179436102,0.01194,0.02966,0,0.98046,1.0028255964763,0.252454448102785,0,"1: Chr + Nones (Free)","Bimodal"
2057.5,0.0194333333333333,0.00829026572234729,0.01174,0.02944,0,0.980566666666667,1.00263341767948,0.251849968697335,0,"1: Chr + Nones (Free)","Bimodal"
2058,0.0192733333333333,0.00824913509921237,0.01136,0.0294,0,0.980726666666667,1.00282303566459,0.248246753118212,0,"1: Chr + Nones (Free)","Bimodal"
2058.5,0.01908,0.00824413689257088,0.01134,0.02902,0,0.98092,1.00388771165954,0.246574684349832,0,"1: Chr + Nones (Free)","Bimodal"
2059,0.0189066666666667,0.00824951130562345,0.01098,0.0292,0,0.981093333333333,1.00461463631359,0.245515405253526,0,"1: Chr + Nones (Free)","Bimodal"
2059.5,0.0187466666666667,0.00823213775115693,0.01096,0.02882,0,0.981253333333333,1.00521542703389,0.243347711097621,0,"1: Chr + Nones (Free)","Bimodal"
2060,0.0186066666666667,0.00816966353645305,0.01078,0.02882,0,0.981393333333333,1.00566515963102,0.239700380049075,0,"1: Chr + Nones (Free)","Bimodal"
2060.5,0.0184666666666667,0.00813393628818359,0.01078,0.02864,0,0.981533333333333,1.00560733502966,0.236459548371795,0,"1: Chr + Nones (Free)","Bimodal"
2061,0.0182733333333333,0.00809009327482708,0.01058,0.02824,0,0.981726666666667,1.00583166027874,0.23519402780777,0,"1: Chr + Nones (Free)","Bimodal"
2061.5,0.01818,0.00800678160837037,0.01036,0.02786,0,0.98182,1.00590297315738,0.233103878455864,0,"1: Chr + Nones (Free)","Bimodal"
2062,0.0180066666666667,0.00792890536139038,0.01018,0.0273,0,0.981993333333333,1.00543740268784,0.231318581688277,0,"1: Chr + Nones (Free)","Bimodal"
2062.5,0.0178466666666667,0.00784235772664342,0.01018,0.02726,0,0.982153333333333,1.00575967648159,0.228872903468055,0,"1: Chr + Nones (Free)","Bimodal"
2063,0.0177266666666667,0.0077394615037363,0.01016,0.0269,0,0.982273333333333,1.00474812929636,0.2282485516532,0,"1: Chr + Nones (Free)","Bimodal"
2063.5,0.0175733333333333,0.00774413830977466,0.01016,0.0269,0,0.982426666666667,1.00496494286514,0.22642111806583,0,"1: Chr + Nones (Free)","Bimodal"
2064,0.0174,0.00760925026892745,0.00998,0.02672,0,0.9826,1.00584946144449,0.226619235583904,0,"1: Chr + Nones (Free)","Bimodal"
2064.5,0.0172533333333333,0.00759199820742927,0.00998,0.02672,0,0.982746666666667,1.00559062622979,0.221035253581009,0,"1: Chr + Nones (Free)","Bimodal"
2065,0.0171266666666667,0.00767862834973365,0.01008,0.02648,0,0.982873333333333,1.00598440261001,0.221075190319996,0,"1: Chr + Nones (Free)","Bimodal"
2065.5,0.0169066666666667,0.00767561896115105,0.00988,0.02628,0,0.983093333333333,1.00576661127605,0.218000757626602,0,"1: Chr + Nones (Free)","Bimodal"
2066,0.0168,0.00758873938920302,0.00988,0.02626,0,0.9832,1.00495891919556,0.215857027945416,0,"1: Chr + Nones (Free)","Bimodal"
2066.5,0.0166933333333333,0.0075066376757775,0.00988,0.02604,0,0.983306666666667,1.0047787203061,0.213082312057458,0,"1: Chr + Nones (Free)","Bimodal"
2067,0.0164666666666667,0.00736484348375645,0.0095,0.02562,0,0.983533333333333,1.00631732742231,0.207691956918522,0,"1: Chr + Nones (Free)","Bimodal"
2067.5,0.0163466666666667,0.00736514313053951,0.00932,0.02546,0,0.983653333333333,1.00681115517753,0.203916075217475,0,"1: Chr + Nones (Free)","Bimodal"
2068,0.0162,0.00732383920424631,0.00914,0.02542,0,0.9838,1.00807480022513,0.204799198001381,0,"1: Chr + Nones (Free)","Bimodal"
2068.5,0.0161266666666667,0.00725600504378286,0.00898,0.02542,0,0.983873333333333,1.00754524766736,0.205973042174584,0,"1: Chr + Nones (Free)","Bimodal"
2069,0.01598,0.00722187290637699,0.00898,0.0256,0,0.98402,1.00708278650744,0.20401336285471,0,"1: Chr + Nones (Free)","Bimodal"
2069.5,0.01586,0.00718564661261457,0.00898,0.02546,0,0.98414,1.00704035282616,0.19854106578986,0,"1: Chr + Nones (Free)","Bimodal"
2070,0.01574,0.00712744090070928,0.00898,0.02524,0,0.98426,1.00668489900431,0.197459101983848,0,"1: Chr + Nones (Free)","Bimodal"
2070.5,0.0155933333333333,0.00706999162723659,0.0088,0.0252,0,0.984406666666667,1.00678446750546,0.195075630388497,0,"1: Chr + Nones (Free)","Bimodal"
2071,0.0155066666666667,0.00696092212150152,0.00898,0.025,0,0.984493333333333,1.00595145182834,0.190242518808074,0,"1: Chr + Nones (Free)","Bimodal"
2071.5,0.01536,0.00678891591569264,0.00896,0.02428,0,0.98464,1.00455095998176,0.191306018711375,0,"1: Chr + Nones (Free)","Bimodal"
2072,0.01518,0.00670549954424956,0.00896,0.0237,0,0.98482,1.00433713604077,0.191564158109073,0,"1: Chr + Nones (Free)","Bimodal"
2072.5,0.0150066666666667,0.00668719483136567,0.00878,0.02354,0,0.984993333333333,1.0041785027076,0.188766802569212,0,"1: Chr + Nones (Free)","Bimodal"
2073,0.0149466666666667,0.0066771733299474,0.00858,0.02336,0,0.985053333333333,1.00432570933179,0.186698983676186,0,"1: Chr + Nones (Free)","Bimodal"
2073.5,0.0148066666666667,0.00654817338749087,0.00858,0.0233,0,0.985193333333333,1.00376468002609,0.188272835015255,0,"1: Chr + Nones (Free)","Bimodal"
2074,0.01464,0.00645416732523019,0.00856,0.0233,0,0.98536,1.00327785638732,0.187761691784268,0,"1: Chr + Nones (Free)","Bimodal"
2074.5,0.0144533333333333,0.00639675204940829,0.00852,0.02308,0,0.985546666666667,1.00370210145482,0.184210363587363,0,"1: Chr + Nones (Free)","Bimodal"
2075,0.0143333333333333,0.00641728986375108,0.00834,0.02308,0,0.985666666666667,1.0046486631293,0.183476661856346,0,"1: Chr + Nones (Free)","Bimodal"
2075.5,0.0142333333333333,0.00630732105180755,0.00834,0.02288,0,0.985766666666667,1.00383755184436,0.180256996136627,0,"1: Chr + Nones (Free)","Bimodal"
2076,0.0140533333333333,0.00619341882820863,0.00814,0.0227,0,0.985946666666667,1.00383484234802,0.179796029230358,0,"1: Chr + Nones (Free)","Bimodal"
2076.5,0.0139533333333333,0.00614933320373638,0.00812,0.02232,0,0.986046666666667,1.00464919590926,0.178977421033404,0,"1: Chr + Nones (Free)","Bimodal"
2077,0.0138266666666667,0.00619560096071138,0.00792,0.0223,0,0.986173333333333,1.00514190230991,0.177409149088594,0,"1: Chr + Nones (Free)","Bimodal"
2077.5,0.0137133333333333,0.00617730737755388,0.00792,0.02194,0,0.986286666666667,1.00602122944287,0.175959442295736,0,"1: Chr + Nones (Free)","Bimodal"
2078,0.0135466666666667,0.00612534212040062,0.00774,0.02154,0,0.986453333333333,1.00764573095303,0.175937254069551,0,"1: Chr + Nones (Free)","Bimodal"
2078.5,0.0134066666666667,0.00606754698677988,0.00774,0.02134,0,0.986593333333333,1.00904645347624,0.171174458636233,0,"1: Chr + Nones (Free)","Bimodal"
2079,0.0133,0.00599442269516222,0.00772,0.02128,0,0.9867,1.00920124136589,0.168730877315815,0,"1: Chr + Nones (Free)","Bimodal"
2079.5,0.0131333333333333,0.0059130092305796,0.00754,0.02102,0,0.986866666666667,1.00864369071653,0.166958244122141,0,"1: Chr + Nones (Free)","Bimodal"
1980,0.00508,0.000299885035443182,0.0046,0.0054,0.31496,0.67996,0.362757670936815,0.0390603186400288,0,"2: Chr + Passive NC (Free)","Bimodal"
1980.5,0.00526666666666667,0.000427771557898753,0.0046,0.00562,0.305793333333333,0.68894,0.419615279390007,0.0876530304495697,0,"2: Chr + Passive NC (Free)","Bimodal"
1981,0.00534,0.000543678403926946,0.0046,0.006,0.29728,0.69738,0.472823028406686,0.125862122442921,0,"2: Chr + Passive NC (Free)","Bimodal"
1981.5,0.00541333333333333,0.000567956611585496,0.0046,0.006,0.288926666666667,0.70566,0.543473791332662,0.168929138497562,0,"2: Chr + Passive NC (Free)","Bimodal"
1982,0.00553333333333333,0.000691491807283521,0.00458,0.00606,0.280873333333333,0.713593333333333,0.592530427981172,0.199087767286668,0,"2: Chr + Passive NC (Free)","Bimodal"
1982.5,0.00558,0.000827709760891982,0.0044,0.0066,0.273086666666667,0.721333333333333,0.636396737206994,0.223596119917717,0,"2: Chr + Passive NC (Free)","Bimodal"
1983,0.0057,0.00088629410546348,0.0044,0.0068,0.26538,0.72892,0.669902278050504,0.253232731734845,0,"2: Chr + Passive NC (Free)","Bimodal"
1983.5,0.00586666666666667,0.00091324859074939,0.00458,0.00702,0.2584,0.735733333333333,0.706945889616019,0.284869931778894,0,"2: Chr + Passive NC (Free)","Bimodal"
1984,0.00595333333333333,0.000946402747734568,0.00476,0.00702,0.251726666666667,0.74232,0.742783442396611,0.312003814918737,0,"2: Chr + Passive NC (Free)","Bimodal"
1984.5,0.00605333333333333,0.000943848809244703,0.00478,0.0072,0.245646666666667,0.7483,0.771092351143637,0.332715810995961,0,"2: Chr + Passive NC (Free)","Bimodal"
1985,0.00616,0.00102169568314911,0.00478,0.0074,0.239293333333333,0.754546666666667,0.795786365636626,0.34874326957255,0,"2: Chr + Passive NC (Free)","Bimodal"
1985.5,0.00628666666666667,0.00098636683856965,0.00498,0.0074,0.233193333333333,0.76052,0.832945027435048,0.377183268531078,0,"2: Chr + Passive NC (Free)","Bimodal"
1986,0.00644666666666667,0.00109881859233022,0.005,0.00762,0.227286666666667,0.766266666666667,0.856762700101969,0.393854684497815,0,"2: Chr + Passive NC (Free)","Bimodal"
1986.5,0.00662666666666667,0.00113591322317099,0.0052,0.008,0.22176,0.771613333333333,0.87621849180856,0.416964020992757,0,"2: Chr + Passive NC (Free)","Bimodal"
1987,0.00674,0.00120590501141331,0.00538,0.008,0.216713333333333,0.776546666666667,0.900358177843921,0.435303312566618,0,"2: Chr + Passive NC (Free)","Bimodal"
1987.5,0.00694,0.00129843407013324,0.0052,0.0084,0.211853333333333,0.781206666666667,0.915321200377535,0.453531866999696,0,"2: Chr + Passive NC (Free)","Bimodal"
1988,0.00722666666666667,0.00143717475081071,0.00518,0.00864,0.207133333333333,0.78564,0.926663008206974,0.473608104767667,0,"2: Chr + Passive NC (Free)","Bimodal"
1988.5,0.0074,0.00155807130995232,0.00536,0.00884,0.202526666666667,0.790073333333333,0.945422080977509,0.482432407500708,0,"2: Chr + Passive NC (Free)","Bimodal"
1989,0.00762,0.00169327269327569,0.00516,0.0094,0.198113333333333,0.794266666666667,0.955708872227944,0.487780347131943,0,"2: Chr + Passive NC (Free)","Bimodal"
1989.5,0.00783333333333333,0.00180427334371779,0.00516,0.00946,0.193786666666667,0.79838,0.969346007815709,0.5061235510713,0,"2: Chr + Passive NC (Free)","Bimodal"
1990,0.00808,0.0019036081891847,0.00536,0.01022,0.189406666666667,0.802513333333333,0.978618988060684,0.518351279065447,0,"2: Chr + Passive NC (Free)","Bimodal"
1990.5,0.00823333333333333,0.00196527322542559,0.0054,0.01044,0.185426666666667,0.80634,0.985149544088047,0.522952930292319,0,"2: Chr + Passive NC (Free)","Bimodal"
1991,0.00848,0.00209208689738426,0.00578,0.0108,0.181666666666667,0.809853333333333,0.992082882133269,0.533725167332603,0,"2: Chr + Passive NC (Free)","Bimodal"
1991.5,0.00868,0.00228916488311108,0.0056,0.0112,0.17804,0.81328,1.0001482127624,0.535432230550103,0,"2: Chr + Passive NC (Free)","Bimodal"
1992,0.00893333333333333,0.00235845263903575,0.00578,0.0114,0.1744,0.816666666666667,1.00505179723399,0.542494989156777,0,"2: Chr + Passive NC (Free)","Bimodal"
1992.5,0.00918666666666667,0.00250733177774266,0.00614,0.01144,0.17108,0.819733333333333,1.01585406371143,0.553994019664252,0,"2: Chr + Passive NC (Free)","Bimodal"
1993,0.00944,0.00268502873547842,0.00596,0.01164,0.167826666666667,0.822733333333333,1.02109659487076,0.555299733069857,0,"2: Chr + Passive NC (Free)","Bimodal"
1993.5,0.00968,0.00269384995614212,0.00638,0.0117,0.16484,0.82548,1.02929638675453,0.558007104102448,0,"2: Chr + Passive NC (Free)","Bimodal"
1994,0.00995333333333333,0.00283995305125513,0.00638,0.0123,0.161846666666667,0.8282,1.03050248046744,0.562529433038646,0,"2: Chr + Passive NC (Free)","Bimodal"
1994.5,0.0102266666666667,0.00303575626359463,0.0068,0.01308,0.159033333333333,0.83074,1.03155237203043,0.561880163254833,0,"2: Chr + Passive NC (Free)","Bimodal"
1995,0.01058,0.00314668955768023,0.007,0.01382,0.156173333333333,0.833246666666667,1.03370243903899,0.572194784100424,0,"2: Chr + Passive NC (Free)","Bimodal"
1995.5,0.0109133333333333,0.00337482907187428,0.00718,0.0144,0.15362,0.835466666666667,1.03492404363397,0.572363034797441,0,"2: Chr + Passive NC (Free)","Bimodal"
1996,0.0112133333333333,0.00348115451849084,0.0074,0.01422,0.150973333333333,0.837813333333333,1.03663268198837,0.580211377554684,0,"2: Chr + Passive NC (Free)","Bimodal"
1996.5,0.01148,0.00367980509228972,0.00758,0.01482,0.14838,0.84014,1.03968050600987,0.581395773475067,0,"2: Chr + Passive NC (Free)","Bimodal"
1997,0.0117266666666667,0.00390277826181805,0.00756,0.01488,0.145953333333333,0.84232,1.04244221073484,0.576138819512245,0,"2: Chr + Passive NC (Free)","Bimodal"
1997.5,0.0120266666666667,0.00405538665475195,0.00756,0.01526,0.143613333333333,0.84436,1.04349288439028,0.576469337053864,0,"2: Chr + Passive NC (Free)","Bimodal"
1998,0.0122933333333333,0.00422528785661573,0.00758,0.01566,0.141533333333333,0.846173333333333,1.04485023835635,0.580430496363405,0,"2: Chr + Passive NC (Free)","Bimodal"
1998.5,0.0125533333333333,0.0044317610209855,0.00758,0.01604,0.1392,0.848246666666667,1.04769247516056,0.578713300942445,0,"2: Chr + Passive NC (Free)","Bimodal"
1999,0.0128333333333333,0.004610358152991,0.00794,0.01682,0.136993333333333,0.850173333333333,1.04854137490777,0.581215933882824,0,"2: Chr + Passive NC (Free)","Bimodal"
1999.5,0.01306,0.00476832942624997,0.00794,0.01724,0.134886666666667,0.852053333333333,1.0489241279728,0.572634142830065,0,"2: Chr + Passive NC (Free)","Bimodal"
2000,0.0133066666666667,0.00486840151726759,0.00796,0.01782,0.132873333333333,0.85382,1.04953101243929,0.57071711517824,0,"2: Chr + Passive NC (Free)","Bimodal"
2000.5,0.0135933333333333,0.00501294416440103,0.00798,0.01824,0.131073333333333,0.855333333333333,1.04992467814999,0.572295330992976,0,"2: Chr + Passive NC (Free)","Bimodal"
2001,0.01388,0.00515808037000668,0.008,0.01922,0.129213333333333,0.856906666666667,1.04624800030666,0.573279629242379,0,"2: Chr + Passive NC (Free)","Bimodal"
2001.5,0.0141933333333333,0.00529657881338858,0.00798,0.01982,0.127426666666667,0.85838,1.04555413069295,0.568647581878694,0,"2: Chr + Passive NC (Free)","Bimodal"
2002,0.0144933333333333,0.0055067941317245,0.00798,0.0202,0.12568,0.859826666666667,1.0453533420004,0.566871572319194,0,"2: Chr + Passive NC (Free)","Bimodal"
2002.5,0.01472,0.00559990147696584,0.00836,0.02026,0.123753333333333,0.861526666666667,1.04307256687579,0.562216367074104,0,"2: Chr + Passive NC (Free)","Bimodal"
2003,0.0148933333333333,0.00567431802576056,0.0087,0.02032,0.122133333333333,0.862973333333333,1.04240361851912,0.561683855462406,0,"2: Chr + Passive NC (Free)","Bimodal"
2003.5,0.0151866666666667,0.00578963004793519,0.00924,0.02056,0.120506666666667,0.864306666666667,1.04080156164264,0.559679263454911,0,"2: Chr + Passive NC (Free)","Bimodal"
2004,0.0154,0.00581104774219494,0.00944,0.02074,0.1188,0.8658,1.04368010829685,0.56192926864072,0,"2: Chr + Passive NC (Free)","Bimodal"
2004.5,0.0156,0.00598619100585846,0.0096,0.021,0.117106666666667,0.867293333333333,1.04481592738986,0.555582490849475,0,"2: Chr + Passive NC (Free)","Bimodal"
2005,0.01584,0.00615532289973483,0.0096,0.02108,0.115553333333333,0.868606666666667,1.04335264801877,0.557337729291069,0,"2: Chr + Passive NC (Free)","Bimodal"
2005.5,0.0160066666666667,0.00634925645026757,0.0096,0.02162,0.114206666666667,0.869786666666667,1.04100273217266,0.549176695602967,0,"2: Chr + Passive NC (Free)","Bimodal"
2006,0.0162333333333333,0.00641078473508043,0.0096,0.02152,0.112566666666667,0.8712,1.04148319956692,0.547596190901796,0,"2: Chr + Passive NC (Free)","Bimodal"
2006.5,0.0165266666666667,0.00670429267185473,0.0096,0.02174,0.110993333333333,0.87248,1.03887164782264,0.548690297840178,0,"2: Chr + Passive NC (Free)","Bimodal"
2007,0.01672,0.0068393587116196,0.0096,0.0221,0.10958,0.8737,1.03785239027535,0.541533954055158,0,"2: Chr + Passive NC (Free)","Bimodal"
2007.5,0.01688,0.00691437283664527,0.00978,0.02246,0.108186666666667,0.874933333333333,1.03641312796067,0.531637995509213,0,"2: Chr + Passive NC (Free)","Bimodal"
2008,0.017,0.00698273733500374,0.00978,0.0237,0.10692,0.87608,1.03605783909678,0.528487731778665,0,"2: Chr + Passive NC (Free)","Bimodal"
2008.5,0.01712,0.00696366926664186,0.00978,0.0239,0.105446666666667,0.877433333333333,1.03675463119332,0.528521795844201,0,"2: Chr + Passive NC (Free)","Bimodal"
2009,0.0172866666666667,0.00707432138006931,0.00978,0.02428,0.10416,0.878553333333333,1.03584739855884,0.523097530463331,0,"2: Chr + Passive NC (Free)","Bimodal"
2009.5,0.0174666666666667,0.00714757414036077,0.00994,0.02524,0.102913333333333,0.87962,1.03553488125208,0.523344309174538,0,"2: Chr + Passive NC (Free)","Bimodal"
2010,0.0176,0.00719118234007982,0.00994,0.0254,0.101513333333333,0.880886666666667,1.03395608915516,0.521865038643929,0,"2: Chr + Passive NC (Free)","Bimodal"
2010.5,0.0176733333333333,0.00716725953174589,0.01012,0.02522,0.100213333333333,0.882113333333333,1.03388656666573,0.516120698135749,0,"2: Chr + Passive NC (Free)","Bimodal"
2011,0.01784,0.00717089904429342,0.01012,0.0254,0.0987866666666667,0.883373333333333,1.03404363716054,0.513137979426881,0,"2: Chr + Passive NC (Free)","Bimodal"
2011.5,0.0179133333333333,0.00725166964523882,0.01012,0.02524,0.0973866666666667,0.8847,1.03422051004208,0.509774510122249,0,"2: Chr + Passive NC (Free)","Bimodal"
2012,0.0179466666666667,0.00727734952382761,0.01012,0.02508,0.0957066666666667,0.886346666666667,1.033469020438,0.505995031889203,0,"2: Chr + Passive NC (Free)","Bimodal"
2012.5,0.0179733333333333,0.00732171702743865,0.01012,0.02502,0.09422,0.887806666666667,1.0317150925528,0.504692674444454,0,"2: Chr + Passive NC (Free)","Bimodal"
2013,0.018,0.00742502757454534,0.00992,0.02508,0.0927,0.8893,1.03229081869793,0.500704804027215,0,"2: Chr + Passive NC (Free)","Bimodal"
2013.5,0.0180066666666667,0.00746772057422562,0.0099,0.02452,0.09124,0.890753333333333,1.03221771495879,0.497874495457382,0,"2: Chr + Passive NC (Free)","Bimodal"
2014,0.0180533333333333,0.00745134717434664,0.00992,0.02438,0.0896533333333333,0.892293333333333,1.03122405893167,0.498400216301357,0,"2: Chr + Passive NC (Free)","Bimodal"
2014.5,0.0180333333333333,0.00735448881616706,0.01012,0.02452,0.0882933333333333,0.893673333333333,1.02970319789789,0.496117922273192,0,"2: Chr + Passive NC (Free)","Bimodal"
2015,0.0180733333333333,0.00736243650324862,0.01014,0.0249,0.0870266666666667,0.8949,1.02962611318773,0.492968494616023,0,"2: Chr + Passive NC (Free)","Bimodal"
2015.5,0.0180933333333333,0.00732642516832912,0.01012,0.02492,0.0857666666666667,0.89614,1.02872318553463,0.486664843051666,0,"2: Chr + Passive NC (Free)","Bimodal"
2016,0.01808,0.00733825122454136,0.0103,0.02544,0.08442,0.8975,1.02825054393815,0.483632261547761,0,"2: Chr + Passive NC (Free)","Bimodal"
2016.5,0.0180333333333333,0.0073655457617081,0.0103,0.02542,0.0830866666666667,0.89888,1.02732575114691,0.483603425910234,0,"2: Chr + Passive NC (Free)","Bimodal"
2017,0.0180533333333333,0.00738814209921283,0.0101,0.02546,0.0818666666666667,0.90008,1.0279637280654,0.4833790932335,0,"2: Chr + Passive NC (Free)","Bimodal"
2017.5,0.0180333333333333,0.0074053258250203,0.01006,0.02562,0.0806133333333333,0.901353333333333,1.02767669655307,0.481065115123135,0,"2: Chr + Passive NC (Free)","Bimodal"
2018,0.01806,0.00740198482235304,0.01004,0.02548,0.07914,0.9028,1.02786593200836,0.478115061810157,0,"2: Chr + Passive NC (Free)","Bimodal"
2018.5,0.01796,0.00746474934332163,0.00968,0.02546,0.0780866666666667,0.903953333333333,1.02886414677454,0.472838113917146,0,"2: Chr + Passive NC (Free)","Bimodal"
2019,0.018,0.00739114101592179,0.00968,0.02518,0.0770133333333333,0.904986666666667,1.02676703962022,0.471346793071198,0,"2: Chr + Passive NC (Free)","Bimodal"
2019.5,0.01794,0.00732593880061421,0.0095,0.02536,0.0757533333333333,0.906306666666667,1.02654920706858,0.465680786366353,0,"2: Chr + Passive NC (Free)","Bimodal"
2020,0.0179533333333333,0.00741418646376932,0.0095,0.02538,0.0745,0.907546666666667,1.02568300269313,0.464914007882714,0,"2: Chr + Passive NC (Free)","Bimodal"
2020.5,0.0178933333333333,0.00738063324698069,0.0095,0.02486,0.07332,0.908786666666667,1.02417918676445,0.460839749279696,0,"2: Chr + Passive NC (Free)","Bimodal"
2021,0.01788,0.00726153778716897,0.0097,0.02466,0.0721933333333333,0.909926666666667,1.0230549756626,0.460298006444994,0,"2: Chr + Passive NC (Free)","Bimodal"
2021.5,0.0178733333333333,0.0072125337904346,0.00972,0.02484,0.0711666666666667,0.91096,1.02187781470836,0.454211696903331,0,"2: Chr + Passive NC (Free)","Bimodal"
2022,0.0178533333333333,0.00728757721119958,0.0099,0.02472,0.07014,0.912006666666667,1.02184120794052,0.452178036332645,0,"2: Chr + Passive NC (Free)","Bimodal"
2022.5,0.0178333333333333,0.00728855187988308,0.0099,0.02504,0.0691133333333333,0.913053333333333,1.02009906775465,0.448183288658709,0,"2: Chr + Passive NC (Free)","Bimodal"
2023,0.0177866666666667,0.00731987060999895,0.01008,0.02508,0.06808,0.914133333333333,1.02014438789401,0.442566598997114,0,"2: Chr + Passive NC (Free)","Bimodal"
2023.5,0.01778,0.007323528450516,0.01006,0.02528,0.06694,0.91528,1.02074375815154,0.439983732019473,0,"2: Chr + Passive NC (Free)","Bimodal"
2024,0.0177733333333333,0.00731587472476844,0.01008,0.02532,0.06576,0.916466666666667,1.02112368563394,0.434632933117738,0,"2: Chr + Passive NC (Free)","Bimodal"
2024.5,0.01766,0.00726392123609128,0.0101,0.0249,0.0647533333333333,0.917586666666667,1.01999568868219,0.428887239364924,0,"2: Chr + Passive NC (Free)","Bimodal"
2025,0.0175933333333333,0.00718705413409672,0.00974,0.0249,0.0638933333333333,0.918513333333333,1.01908610241557,0.42299140853278,0,"2: Chr + Passive NC (Free)","Bimodal"
2025.5,0.01756,0.00726453833642437,0.00938,0.0251,0.06292,0.91952,1.0186797403647,0.423351971954891,0,"2: Chr + Passive NC (Free)","Bimodal"
2026,0.0175,0.0072554854396875,0.00936,0.0247,0.0619333333333333,0.920566666666667,1.01816816686002,0.420885879569463,0,"2: Chr + Passive NC (Free)","Bimodal"
2026.5,0.0174866666666667,0.00728487963279887,0.00932,0.02474,0.0609533333333333,0.92156,1.01942017833146,0.416285804937116,0,"2: Chr + Passive NC (Free)","Bimodal"
2027,0.01742,0.00714680541124542,0.00932,0.0245,0.06004,0.92254,1.01830681247469,0.414553580201194,0,"2: Chr + Passive NC (Free)","Bimodal"
2027.5,0.01728,0.00717824298932497,0.00932,0.02434,0.0591333333333333,0.923586666666667,1.02036457937826,0.406726889679336,0,"2: Chr + Passive NC (Free)","Bimodal"
2028,0.0172466666666667,0.00722632798120553,0.00898,0.0247,0.0582533333333333,0.9245,1.01971600291051,0.403578736594728,0,"2: Chr + Passive NC (Free)","Bimodal"
2028.5,0.01712,0.00720107271702363,0.0088,0.02504,0.0573533333333333,0.925526666666667,1.01876752010003,0.400964954289896,0,"2: Chr + Passive NC (Free)","Bimodal"
2029,0.01714,0.00723004268599981,0.00882,0.0256,0.0565266666666667,0.926333333333333,1.0175660755024,0.400412840162496,0,"2: Chr + Passive NC (Free)","Bimodal"
2029.5,0.0170333333333333,0.00716102156714092,0.00864,0.0252,0.0556466666666667,0.92732,1.01797884089887,0.397040815303613,0,"2: Chr + Passive NC (Free)","Bimodal"
2030,0.0169466666666667,0.00719577142749696,0.00844,0.025,0.0548266666666667,0.928226666666667,1.01903446412055,0.390396840587894,0,"2: Chr + Passive NC (Free)","Bimodal"
2030.5,0.01692,0.00723908929307433,0.00844,0.025,0.0541266666666667,0.928953333333333,1.01806528243497,0.387293237583051,0,"2: Chr + Passive NC (Free)","Bimodal"
2031,0.0168533333333333,0.00727715998664756,0.00842,0.02492,0.0532333333333333,0.929913333333333,1.01723560869805,0.383078321086767,0,"2: Chr + Passive NC (Free)","Bimodal"
2031.5,0.0167533333333333,0.00718920327144538,0.00842,0.02404,0.05236,0.930886666666667,1.01652809434813,0.379431725083767,0,"2: Chr + Passive NC (Free)","Bimodal"
2032,0.01672,0.00718688460633866,0.0084,0.02442,0.05152,0.93176,1.01678505206751,0.377224137913622,0,"2: Chr + Passive NC (Free)","Bimodal"
2032.5,0.0166466666666667,0.00719725682097884,0.0082,0.02442,0.0507066666666667,0.932646666666667,1.01655346341384,0.375700189721261,0,"2: Chr + Passive NC (Free)","Bimodal"
2033,0.01656,0.00719356033858253,0.00838,0.02462,0.04996,0.93348,1.01484446141137,0.373439315709069,0,"2: Chr + Passive NC (Free)","Bimodal"
2033.5,0.0165533333333333,0.00727351043327694,0.0082,0.02464,0.0491333333333333,0.934313333333333,1.01337546515596,0.372366664848462,0,"2: Chr + Passive NC (Free)","Bimodal"
2034,0.0163533333333333,0.00726383262250832,0.0082,0.02466,0.0483733333333333,0.935273333333333,1.01473701036699,0.363808578790469,0,"2: Chr + Passive NC (Free)","Bimodal"
2034.5,0.0162933333333333,0.00714437002040808,0.0082,0.0245,0.04774,0.935966666666667,1.01338586530226,0.361313705800704,0,"2: Chr + Passive NC (Free)","Bimodal"
2035,0.0161933333333333,0.00704830296685973,0.0082,0.02394,0.0470666666666667,0.93674,1.01212297815705,0.358417685923229,0,"2: Chr + Passive NC (Free)","Bimodal"
2035.5,0.0161533333333333,0.00692893649267622,0.00838,0.02358,0.0464066666666667,0.93744,1.01145993821643,0.356463884806495,0,"2: Chr + Passive NC (Free)","Bimodal"
2036,0.0159866666666667,0.00681538489480732,0.00838,0.02336,0.0456066666666667,0.938406666666667,1.0107220325265,0.356618928739135,0,"2: Chr + Passive NC (Free)","Bimodal"
2036.5,0.0158533333333333,0.00673619832072156,0.00838,0.0235,0.04492,0.939226666666667,1.01072572932183,0.35502587522559,0,"2: Chr + Passive NC (Free)","Bimodal"
2037,0.01576,0.00666610572352715,0.00856,0.0235,0.0441866666666667,0.940053333333333,1.01150250030894,0.354838625128534,0,"2: Chr + Passive NC (Free)","Bimodal"
2037.5,0.0156733333333333,0.00670326391591714,0.00856,0.02348,0.04352,0.940806666666667,1.01157233716913,0.351412438748457,0,"2: Chr + Passive NC (Free)","Bimodal"
2038,0.0155333333333333,0.00659201885947531,0.00856,0.02306,0.0428133333333333,0.941653333333333,1.01174072937375,0.346962111907864,0,"2: Chr + Passive NC (Free)","Bimodal"
2038.5,0.0155066666666667,0.00659670415792056,0.00856,0.02288,0.0421533333333333,0.94234,1.01118159012433,0.34541855428578,0,"2: Chr + Passive NC (Free)","Bimodal"
2039,0.0154,0.0065411166398828,0.00838,0.02264,0.0415066666666667,0.943093333333333,1.01083179330926,0.340727671839578,0,"2: Chr + Passive NC (Free)","Bimodal"
2039.5,0.0152866666666667,0.00643967943801303,0.00838,0.02226,0.04086,0.943853333333333,1.01119006210039,0.334623472467952,0,"2: Chr + Passive NC (Free)","Bimodal"
2040,0.0152333333333333,0.00641594636948377,0.00838,0.02204,0.0402133333333333,0.944553333333333,1.01082600731074,0.331540772415678,0,"2: Chr + Passive NC (Free)","Bimodal"
2040.5,0.0151733333333333,0.00643776215848298,0.00836,0.02202,0.0396866666666667,0.94514,1.01041816351318,0.328791402742041,0,"2: Chr + Passive NC (Free)","Bimodal"
2041,0.0151066666666667,0.0063958463532759,0.00836,0.02178,0.0389933333333333,0.9459,1.00998009096518,0.325570844305011,0,"2: Chr + Passive NC (Free)","Bimodal"
2041.5,0.01502,0.0063300814397986,0.00836,0.02124,0.0383866666666667,0.946593333333333,1.00922889959019,0.325849435798545,0,"2: Chr + Passive NC (Free)","Bimodal"
2042,0.01492,0.00630502809750637,0.00836,0.0212,0.0378066666666667,0.947273333333333,1.00857851380464,0.321786054760012,0,"2: Chr + Passive NC (Free)","Bimodal"
2042.5,0.01484,0.00621952431932063,0.00854,0.02118,0.03724,0.94792,1.00814999163749,0.318479699112099,0,"2: Chr + Passive NC (Free)","Bimodal"
2043,0.0146866666666667,0.00618645535707302,0.00854,0.02132,0.0366533333333333,0.94866,1.00918950697693,0.312502524101249,0,"2: Chr + Passive NC (Free)","Bimodal"
2043.5,0.0145933333333333,0.00611148908618634,0.00836,0.02126,0.0361466666666667,0.94926,1.00996532921004,0.309050106531483,0,"2: Chr + Passive NC (Free)","Bimodal"
2044,0.01448,0.0060111620312147,0.00836,0.02086,0.0355733333333333,0.949946666666667,1.01040189316318,0.305448083376916,0,"2: Chr + Passive NC (Free)","Bimodal"
2044.5,0.0143933333333333,0.00599850172864072,0.00852,0.02086,0.0350133333333333,0.950593333333333,1.00995819826823,0.303153976738964,0,"2: Chr + Passive NC (Free)","Bimodal"
2045,0.01426,0.00590222634791897,0.00852,0.0203,0.0345266666666667,0.951213333333333,1.01094852057752,0.299869309637726,0,"2: Chr + Passive NC (Free)","Bimodal"
2045.5,0.0141933333333333,0.00593539548305165,0.00852,0.02048,0.03398,0.951826666666667,1.01146436981207,0.299502489914667,0,"2: Chr + Passive NC (Free)","Bimodal"
2046,0.0141133333333333,0.00594867318346521,0.0085,0.02034,0.0335533333333333,0.952333333333333,1.01090546072335,0.296563550857863,0,"2: Chr + Passive NC (Free)","Bimodal"
2046.5,0.0139333333333333,0.00589829509752363,0.00832,0.02032,0.0330733333333333,0.952993333333333,1.012228437886,0.28868735348073,0,"2: Chr + Passive NC (Free)","Bimodal"
2047,0.0137933333333333,0.00587442929485324,0.00814,0.01994,0.03252,0.953686666666667,1.01274289549898,0.282946166809561,0,"2: Chr + Passive NC (Free)","Bimodal"
2047.5,0.0136866666666667,0.00587447625447306,0.00814,0.01998,0.0320266666666667,0.954286666666667,1.01269750402896,0.279437910592216,0,"2: Chr + Passive NC (Free)","Bimodal"
2048,0.0136133333333333,0.00581435401774592,0.00814,0.01974,0.03154,0.954846666666667,1.01299185639568,0.279032091304993,0,"2: Chr + Passive NC (Free)","Bimodal"
2048.5,0.0134866666666667,0.0057728695627483,0.00798,0.01954,0.0311333333333333,0.95538,1.01242491588461,0.27312690073162,0,"2: Chr + Passive NC (Free)","Bimodal"
2049,0.0134133333333333,0.00579225007398163,0.00798,0.01938,0.03068,0.955906666666667,1.01265448105772,0.268663625744553,0,"2: Chr + Passive NC (Free)","Bimodal"
2049.5,0.0133466666666667,0.00568505198674155,0.00798,0.01934,0.0302866666666667,0.956366666666667,1.01032693322192,0.267766945696413,0,"2: Chr + Passive NC (Free)","Bimodal"
2050,0.0132066666666667,0.00564940847274775,0.00742,0.01932,0.0297933333333333,0.957,1.01201895278382,0.264443011222822,0,"2: Chr + Passive NC (Free)","Bimodal"
2050.5,0.01314,0.00564224215642365,0.00724,0.01942,0.02948,0.95738,1.01157677634714,0.26112923390312,0,"2: Chr + Passive NC (Free)","Bimodal"
2051,0.01308,0.00565065757540507,0.00706,0.01924,0.0290533333333333,0.957866666666667,1.01234236307988,0.260694352840539,0,"2: Chr + Passive NC (Free)","Bimodal"
2051.5,0.0130066666666667,0.00562837229691175,0.00688,0.01922,0.0286066666666667,0.958386666666667,1.0106325632653,0.257055755824009,0,"2: Chr + Passive NC (Free)","Bimodal"
2052,0.01292,0.00554544858419948,0.00688,0.01882,0.0282,0.95888,1.01064631592694,0.257323375901765,0,"2: Chr + Passive NC (Free)","Bimodal"
2052.5,0.0128,0.00550736184418262,0.00688,0.01826,0.0278066666666667,0.959393333333333,1.00930556712648,0.255719427009805,0,"2: Chr + Passive NC (Free)","Bimodal"
2053,0.0127066666666667,0.00551004933536542,0.0067,0.01828,0.02742,0.959873333333333,1.00785050550733,0.253768441031519,0,"2: Chr + Passive NC (Free)","Bimodal"
2053.5,0.01264,0.00547405164200251,0.0067,0.01864,0.0270066666666667,0.960353333333333,1.00772303284819,0.253628232388414,0,"2: Chr + Passive NC (Free)","Bimodal"
2054,0.0125533333333333,0.00546857690202244,0.0067,0.01844,0.0265666666666667,0.96088,1.00852898947459,0.251146662033232,0,"2: Chr + Passive NC (Free)","Bimodal"
2054.5,0.0124466666666667,0.00540464253392768,0.00652,0.01842,0.0262133333333333,0.96134,1.00890641251224,0.246846072529736,0,"2: Chr + Passive NC (Free)","Bimodal"
2055,0.0124,0.00542586398650021,0.00652,0.01842,0.0258333333333333,0.961766666666667,1.00969170558922,0.241841475683049,0,"2: Chr + Passive NC (Free)","Bimodal"
2055.5,0.0123266666666667,0.00537054118722482,0.00652,0.0182,0.0254666666666667,0.962206666666667,1.00828454339826,0.240232290285307,0,"2: Chr + Passive NC (Free)","Bimodal"
2056,0.0122533333333333,0.00538271392472257,0.00652,0.018,0.02518,0.962566666666667,1.00910700914566,0.235266053674903,0,"2: Chr + Passive NC (Free)","Bimodal"
2056.5,0.01214,0.005381231752342,0.00652,0.01784,0.02484,0.96302,1.00879181726656,0.233274241177134,0,"2: Chr + Passive NC (Free)","Bimodal"
2057,0.0120266666666667,0.00528386831476865,0.00652,0.01784,0.0244333333333333,0.96354,1.01025529960081,0.229663360742365,0,"2: Chr + Passive NC (Free)","Bimodal"
2057.5,0.0119533333333333,0.00527288008282154,0.00632,0.01786,0.0241733333333333,0.963873333333333,1.00871689349143,0.225628751306823,0,"2: Chr + Passive NC (Free)","Bimodal"
2058,0.01188,0.00522608840338546,0.00614,0.0175,0.0238533333333333,0.964266666666667,1.00841582527382,0.223761281322258,0,"2: Chr + Passive NC (Free)","Bimodal"
2058.5,0.0117866666666667,0.00522380052777889,0.00612,0.0173,0.0235533333333333,0.96466,1.01014295019643,0.221305660872257,0,"2: Chr + Passive NC (Free)","Bimodal"
2059,0.0115666666666667,0.00511147008567805,0.00612,0.0169,0.0231866666666667,0.965246666666667,1.0106084623589,0.218524114551508,0,"2: Chr + Passive NC (Free)","Bimodal"
2059.5,0.0114533333333333,0.00505635369052425,0.00612,0.01704,0.02278,0.965766666666667,1.01091584846309,0.218756726478424,0,"2: Chr + Passive NC (Free)","Bimodal"
2060,0.01138,0.0050493700528912,0.00594,0.01704,0.0224733333333333,0.966146666666667,1.012279751656,0.216364079079807,0,"2: Chr + Passive NC (Free)","Bimodal"
2060.5,0.0112866666666667,0.00505273796268323,0.00558,0.01686,0.0221266666666667,0.966586666666667,1.01384491975599,0.216140352806831,0,"2: Chr + Passive NC (Free)","Bimodal"
2061,0.0112066666666667,0.00503490802801548,0.00578,0.0167,0.0218333333333333,0.96696,1.01217183708929,0.217416445329411,0,"2: Chr + Passive NC (Free)","Bimodal"
2061.5,0.0111066666666667,0.00503031728164566,0.00578,0.01654,0.02144,0.967453333333333,1.01192209106327,0.213927882793184,0,"2: Chr + Passive NC (Free)","Bimodal"
2062,0.0109666666666667,0.0049661150661835,0.0056,0.01636,0.0211266666666667,0.967906666666667,1.01211124350086,0.216071238743368,0,"2: Chr + Passive NC (Free)","Bimodal"
2062.5,0.01088,0.00491629240734141,0.00558,0.016,0.02082,0.9683,1.01362417598773,0.213134751267161,0,"2: Chr + Passive NC (Free)","Bimodal"
2063,0.01082,0.0049002040773829,0.00558,0.01594,0.02048,0.9687,1.01401811894646,0.210044715197567,0,"2: Chr + Passive NC (Free)","Bimodal"
2063.5,0.01072,0.00485588160964583,0.0054,0.01586,0.0202266666666667,0.969053333333333,1.01469235580048,0.209482056173681,0,"2: Chr + Passive NC (Free)","Bimodal"
2064,0.0106666666666667,0.00479635877215877,0.00558,0.01586,0.01994,0.969393333333333,1.01379640873868,0.207783694203157,0,"2: Chr + Passive NC (Free)","Bimodal"
2064.5,0.0105733333333333,0.0047464638985491,0.0054,0.01584,0.0196066666666667,0.96982,1.01415787723332,0.20175818138851,0,"2: Chr + Passive NC (Free)","Bimodal"
2065,0.0104466666666667,0.00467264477522123,0.00538,0.0158,0.0193266666666667,0.970226666666667,1.0159146888111,0.196622360230949,0,"2: Chr + Passive NC (Free)","Bimodal"
2065.5,0.0103333333333333,0.00457800840099057,0.00538,0.01562,0.01904,0.970626666666667,1.0154239422141,0.195023586832813,0,"2: Chr + Passive NC (Free)","Bimodal"
2066,0.0102466666666667,0.0045119560200025,0.00538,0.01546,0.0187266666666667,0.971026666666667,1.01524917236993,0.194480537472666,0,"2: Chr + Passive NC (Free)","Bimodal"
2066.5,0.01016,0.00446979132429676,0.00538,0.01544,0.0184533333333333,0.971386666666667,1.01638666809066,0.193148531882158,0,"2: Chr + Passive NC (Free)","Bimodal"
2067,0.0100866666666667,0.00442584364319651,0.0052,0.01508,0.01824,0.971673333333333,1.01642552815115,0.192692080096933,0,"2: Chr + Passive NC (Free)","Bimodal"
2067.5,0.0100533333333333,0.00442249214602007,0.0052,0.0149,0.0179866666666667,0.97196,1.01671174232233,0.190178380446178,0,"2: Chr + Passive NC (Free)","Bimodal"
2068,0.00994666666666667,0.00435048418497047,0.0052,0.0147,0.01776,0.972293333333333,1.01643572201971,0.187533788016559,0,"2: Chr + Passive NC (Free)","Bimodal"
2068.5,0.00978666666666667,0.00422894242370223,0.0052,0.01466,0.0174866666666667,0.972726666666667,1.01668504624784,0.189011331434101,0,"2: Chr + Passive NC (Free)","Bimodal"
2069,0.00968,0.00413883208580425,0.00518,0.01464,0.0171733333333333,0.973146666666667,1.01631778675135,0.187629815278306,0,"2: Chr + Passive NC (Free)","Bimodal"
2069.5,0.00954,0.00407926633024904,0.005,0.01446,0.0168933333333333,0.973566666666667,1.01693405573318,0.185457003372504,0,"2: Chr + Passive NC (Free)","Bimodal"
2070,0.00949333333333333,0.00410810245090436,0.00498,0.0141,0.0166666666666667,0.97384,1.01544651114323,0.186481893268935,0,"2: Chr + Passive NC (Free)","Bimodal"
2070.5,0.00946666666666667,0.00406815499427827,0.0048,0.01408,0.01642,0.974113333333333,1.01421065401935,0.186004363202065,0,"2: Chr + Passive NC (Free)","Bimodal"
2071,0.00935333333333333,0.00401159812795722,0.0048,0.01368,0.0161533333333333,0.974493333333333,1.01436702150007,0.184923408318264,0,"2: Chr + Passive NC (Free)","Bimodal"
2071.5,0.0093,0.00400852539745839,0.0048,0.0135,0.0159066666666667,0.974793333333333,1.01476782569586,0.184984624576529,0,"2: Chr + Passive NC (Free)","Bimodal"
2072,0.00918666666666667,0.00397888680787542,0.0048,0.01332,0.0156666666666667,0.975146666666667,1.01422228738726,0.183834709320089,0,"2: Chr + Passive NC (Free)","Bimodal"
2072.5,0.0091,0.00391909560292009,0.0048,0.01326,0.01544,0.97546,1.01316225284713,0.181336820157835,0,"2: Chr + Passive NC (Free)","Bimodal"
2073,0.00898,0.00387613387192747,0.00478,0.01328,0.0151933333333333,0.975826666666667,1.01501939433499,0.181664520817048,0,"2: Chr + Passive NC (Free)","Bimodal"
2073.5,0.00886666666666667,0.00383210874992665,0.00478,0.01308,0.0149533333333333,0.97618,1.01656690434737,0.181138209873876,0,"2: Chr + Passive NC (Free)","Bimodal"
2074,0.0088,0.00382550424893512,0.00458,0.0127,0.01472,0.97648,1.01830767353114,0.17777469795633,0,"2: Chr + Passive NC (Free)","Bimodal"
2074.5,0.00872666666666667,0.00376901462777313,0.0044,0.01252,0.0144,0.976873333333333,1.01801498366763,0.178959534672376,0,"2: Chr + Passive NC (Free)","Bimodal"
2075,0.00862666666666667,0.00374450708816706,0.0044,0.01234,0.0142,0.977173333333333,1.01871425546747,0.171739955758819,0,"2: Chr + Passive NC (Free)","Bimodal"
2075.5,0.00852666666666667,0.00371037067888272,0.00438,0.01232,0.0138533333333333,0.97762,1.02025144837085,0.169425946954232,0,"2: Chr + Passive NC (Free)","Bimodal"
2076,0.00841333333333333,0.00368180365594358,0.00438,0.01226,0.0136666666666667,0.97792,1.02017534050945,0.170288125588548,0,"2: Chr + Passive NC (Free)","Bimodal"
2076.5,0.00836,0.00367485397317199,0.00438,0.01226,0.01348,0.97816,1.02059962555659,0.168778870179517,0,"2: Chr + Passive NC (Free)","Bimodal"
2077,0.00828,0.00360903081841592,0.00438,0.0122,0.01326,0.97846,1.02138125796717,0.167007597273243,0,"2: Chr + Passive NC (Free)","Bimodal"
2077.5,0.00819333333333333,0.00359366620342085,0.00438,0.01188,0.0131066666666667,0.9787,1.02042632009926,0.162751756145342,0,"2: Chr + Passive NC (Free)","Bimodal"
2078,0.00809333333333333,0.00358800043567957,0.00436,0.01186,0.0129533333333333,0.978953333333333,1.02113924529013,0.162561442862898,0,"2: Chr + Passive NC (Free)","Bimodal"
2078.5,0.00797333333333333,0.00351145252717087,0.00434,0.01164,0.0127733333333333,0.979253333333333,1.02207579808311,0.160319316407042,0,"2: Chr + Passive NC (Free)","Bimodal"
2079,0.00792666666666667,0.0035562410737621,0.00434,0.01146,0.0126333333333333,0.97944,1.02280592435045,0.159466913996211,0,"2: Chr + Passive NC (Free)","Bimodal"
2079.5,0.00790666666666667,0.00353416168993083,0.00434,0.01162,0.0124333333333333,0.97966,1.0234293440095,0.158625587695444,0,"2: Chr + Passive NC (Free)","Bimodal"
1980,0.00505333333333333,0.000287358160913655,0.00478,0.0054,0.320753333333333,0.674193333333333,0.372207561559939,0.0430727384577959,0,"3: Chr + Active NC (Free)","Bimodal"
1980.5,0.00514,0.000345013742854717,0.00478,0.0056,0.316573333333333,0.678286666666667,0.441294402513528,0.085563955913781,0,"3: Chr + Active NC (Free)","Bimodal"
1981,0.00518,0.000490882386362945,0.0046,0.00582,0.313453333333333,0.681366666666667,0.49452885476063,0.121462012932465,0,"3: Chr + Active NC (Free)","Bimodal"
1981.5,0.00524666666666667,0.00056000821012044,0.00458,0.006,0.310253333333333,0.6845,0.534982794843154,0.151674480506814,0,"3: Chr + Active NC (Free)","Bimodal"
1982,0.00525333333333333,0.000664225415276208,0.00438,0.006,0.30708,0.687666666666667,0.591642154936376,0.185746837841742,0,"3: Chr + Active NC (Free)","Bimodal"
1982.5,0.00538666666666667,0.000674528358000704,0.00458,0.0062,0.303966666666667,0.690646666666667,0.640303834143672,0.219562641098728,0,"3: Chr + Active NC (Free)","Bimodal"
1983,0.00551333333333333,0.000674016951251756,0.0046,0.0064,0.3014,0.693086666666667,0.694573011273158,0.258751414703604,0,"3: Chr + Active NC (Free)","Bimodal"
1983.5,0.00565333333333333,0.000753718749947876,0.0048,0.00642,0.2989,0.695446666666667,0.735199673259774,0.294153589593306,0,"3: Chr + Active NC (Free)","Bimodal"
1984,0.00578,0.00082604166213709,0.0048,0.0066,0.29628,0.69794,0.765334910232858,0.31972635454413,0,"3: Chr + Active NC (Free)","Bimodal"
1984.5,0.006,0.000892883743446113,0.00498,0.00682,0.294006666666667,0.699993333333333,0.793999774932896,0.346328090423738,0,"3: Chr + Active NC (Free)","Bimodal"
1985,0.00618666666666667,0.000952576662978143,0.00498,0.00742,0.29164,0.702173333333333,0.810763085363249,0.368939042484111,0,"3: Chr + Active NC (Free)","Bimodal"
1985.5,0.0063,0.00094211793682986,0.0052,0.00762,0.290073333333333,0.703626666666667,0.831891727094562,0.388772942607586,0,"3: Chr + Active NC (Free)","Bimodal"
1986,0.00646666666666667,0.00105088905984026,0.00538,0.0078,0.28836,0.705173333333333,0.84602843595844,0.403536205652728,0,"3: Chr + Active NC (Free)","Bimodal"
1986.5,0.00656666666666667,0.0010841597201753,0.0052,0.0078,0.286606666666667,0.706826666666667,0.859552498813005,0.417119382495969,0,"3: Chr + Active NC (Free)","Bimodal"
1987,0.00668,0.00120068945710945,0.0052,0.00802,0.284153333333333,0.709166666666667,0.872440536358556,0.431144430316243,0,"3: Chr + Active NC (Free)","Bimodal"
1987.5,0.0069,0.00130648251106708,0.0052,0.00842,0.28214,0.71096,0.879620085726022,0.43762583478687,0,"3: Chr + Active NC (Free)","Bimodal"
1988,0.00706666666666667,0.00133114763380645,0.0052,0.00862,0.28002,0.712913333333333,0.900979832957268,0.452119510949186,0,"3: Chr + Active NC (Free)","Bimodal"
1988.5,0.00723333333333333,0.00146318814245807,0.0054,0.00884,0.278266666666667,0.7145,0.914976885777374,0.465119465011115,0,"3: Chr + Active NC (Free)","Bimodal"
1989,0.00739333333333333,0.00158395692499193,0.00538,0.0092,0.276593333333333,0.716013333333333,0.923567921635726,0.476422103616431,0,"3: Chr + Active NC (Free)","Bimodal"
1989.5,0.00751333333333333,0.00162028804023647,0.00558,0.00962,0.274946666666667,0.71754,0.932600991291905,0.486388760923263,0,"3: Chr + Active NC (Free)","Bimodal"
1990,0.00773333333333333,0.00167112048583007,0.0058,0.00966,0.273633333333333,0.718633333333333,0.936572953190817,0.492328738250515,0,"3: Chr + Active NC (Free)","Bimodal"
1990.5,0.00796,0.00186466230648913,0.00578,0.01008,0.27208,0.71996,0.943098646292719,0.50053559072922,0,"3: Chr + Active NC (Free)","Bimodal"
1991,0.00827333333333333,0.00195781957066129,0.0058,0.0105,0.270386666666667,0.72134,0.951755395520026,0.519630326612157,0,"3: Chr + Active NC (Free)","Bimodal"
1991.5,0.00842,0.00198987090206791,0.006,0.01086,0.269013333333333,0.722566666666667,0.954830192699789,0.523957748195512,0,"3: Chr + Active NC (Free)","Bimodal"
1992,0.00865333333333333,0.00212631027893364,0.006,0.01182,0.267273333333333,0.724073333333333,0.962662977291496,0.529417359638216,0,"3: Chr + Active NC (Free)","Bimodal"
1992.5,0.00896,0.00237306727166806,0.00618,0.01262,0.265606666666667,0.725433333333333,0.968781483860232,0.535365555810804,0,"3: Chr + Active NC (Free)","Bimodal"
1993,0.00902666666666667,0.00242329688979538,0.0062,0.0128,0.264326666666667,0.726646666666667,0.975805605367243,0.536297786417417,0,"3: Chr + Active NC (Free)","Bimodal"
1993.5,0.00912666666666667,0.00250102507719967,0.00636,0.01246,0.263226666666667,0.727646666666667,0.978513981386988,0.539265155754844,0,"3: Chr + Active NC (Free)","Bimodal"
1994,0.00927333333333333,0.00258509432007387,0.00618,0.01268,0.262013333333333,0.728713333333333,0.984915146295668,0.541027399886011,0,"3: Chr + Active NC (Free)","Bimodal"
1994.5,0.00959333333333333,0.0027535473463345,0.00616,0.0129,0.26044,0.729966666666667,0.986823964033278,0.548083111333888,0,"3: Chr + Active NC (Free)","Bimodal"
1995,0.00982666666666667,0.00283803396413947,0.00618,0.01328,0.259193333333333,0.73098,0.988611300895356,0.545145499546481,0,"3: Chr + Active NC (Free)","Bimodal"
1995.5,0.0100333333333333,0.00293895751319542,0.0062,0.01424,0.257933333333333,0.732033333333333,0.987873991318747,0.547572391041006,0,"3: Chr + Active NC (Free)","Bimodal"
1996,0.0102733333333333,0.00308566578445128,0.00638,0.01504,0.25664,0.733086666666667,0.991272404713768,0.555529573746678,0,"3: Chr + Active NC (Free)","Bimodal"
1996.5,0.0105,0.00318606881324911,0.00638,0.01508,0.255206666666667,0.734293333333333,0.995949918827227,0.557857146976506,0,"3: Chr + Active NC (Free)","Bimodal"
1997,0.0106533333333333,0.00324661450546973,0.00656,0.01528,0.254253333333333,0.735093333333333,0.995981707924485,0.562717179568575,0,"3: Chr + Active NC (Free)","Bimodal"
1997.5,0.0108533333333333,0.00335690059566788,0.00672,0.01534,0.253253333333333,0.735893333333333,0.998871873935195,0.566283312069511,0,"3: Chr + Active NC (Free)","Bimodal"
1998,0.01118,0.00354375604360003,0.00692,0.0154,0.251826666666667,0.736993333333333,0.996690337484203,0.570289166643187,0,"3: Chr + Active NC (Free)","Bimodal"
1998.5,0.0113666666666667,0.00359351267332304,0.00696,0.01596,0.250713333333333,0.73792,0.997209571726439,0.569885787664525,0,"3: Chr + Active NC (Free)","Bimodal"
1999,0.01158,0.00377700848601751,0.00696,0.01616,0.24936,0.73906,0.997712270162121,0.568023125389719,0,"3: Chr + Active NC (Free)","Bimodal"
1999.5,0.0117933333333333,0.00384366324311025,0.00698,0.0167,0.248346666666667,0.73986,0.998745824602014,0.563602073274144,0,"3: Chr + Active NC (Free)","Bimodal"
2000,0.01196,0.00394353246162144,0.00718,0.01672,0.246993333333333,0.741046666666667,1.00152332053562,0.563711227536234,0,"3: Chr + Active NC (Free)","Bimodal"
2000.5,0.01214,0.00418013363917702,0.00716,0.0171,0.245626666666667,0.742233333333333,1.00280109440423,0.566278042835563,0,"3: Chr + Active NC (Free)","Bimodal"
2001,0.0123533333333333,0.00430963102135553,0.00718,0.01734,0.244193333333333,0.743453333333333,1.00163642683063,0.562462206906237,0,"3: Chr + Active NC (Free)","Bimodal"
2001.5,0.0125466666666667,0.0044498534135743,0.00718,0.01792,0.242713333333333,0.74474,1.00139116723531,0.560198909530973,0,"3: Chr + Active NC (Free)","Bimodal"
2002,0.0126533333333333,0.00445357147136708,0.00736,0.01796,0.241206666666667,0.74614,1.0019057877506,0.554919845628461,0,"3: Chr + Active NC (Free)","Bimodal"
2002.5,0.01286,0.00459719554691246,0.00734,0.01892,0.2399,0.74724,1.00262383339389,0.558690246448193,0,"3: Chr + Active NC (Free)","Bimodal"
2003,0.0130466666666667,0.00470500345071758,0.00758,0.01896,0.238533333333333,0.74842,1.00113915922568,0.554258779937896,0,"3: Chr + Active NC (Free)","Bimodal"
2003.5,0.0131733333333333,0.00474471999343396,0.00774,0.01914,0.236893333333333,0.749933333333333,1.00286002473635,0.549291330464064,0,"3: Chr + Active NC (Free)","Bimodal"
2004,0.0133066666666667,0.00475372328364528,0.00776,0.01932,0.2356,0.751093333333333,1.00278110646733,0.543307402971221,0,"3: Chr + Active NC (Free)","Bimodal"
2004.5,0.0135,0.00476560956046114,0.0083,0.01952,0.234146666666667,0.752353333333333,1.00191757541001,0.544486289305283,0,"3: Chr + Active NC (Free)","Bimodal"
2005,0.01374,0.00480090508708227,0.0083,0.01974,0.23284,0.75342,0.999881483568483,0.539157676062082,0,"3: Chr + Active NC (Free)","Bimodal"
2005.5,0.0138733333333333,0.00486946384737781,0.00812,0.01996,0.23152,0.754606666666667,0.998725403461892,0.53307425729628,0,"3: Chr + Active NC (Free)","Bimodal"
2006,0.01408,0.00497014535276245,0.0083,0.0209,0.229873333333333,0.756046666666667,0.998408241366758,0.540323637307573,0,"3: Chr + Active NC (Free)","Bimodal"
2006.5,0.0142,0.00516540214410696,0.00828,0.0211,0.22832,0.75748,0.997810990060907,0.533288711555399,0,"3: Chr + Active NC (Free)","Bimodal"
2007,0.0143866666666667,0.00522406456456203,0.00848,0.02112,0.226886666666667,0.758726666666667,0.996895705732639,0.533118144171654,0,"3: Chr + Active NC (Free)","Bimodal"
2007.5,0.0145,0.00535517796478163,0.00848,0.02146,0.225426666666667,0.760073333333333,0.997502083280557,0.524779137504632,0,"3: Chr + Active NC (Free)","Bimodal"
2008,0.0146333333333333,0.00543553653941029,0.00866,0.02162,0.223953333333333,0.761413333333333,0.997236945552776,0.521856368735882,0,"3: Chr + Active NC (Free)","Bimodal"
2008.5,0.0148,0.00562065157592347,0.0088,0.02226,0.222646666666667,0.762553333333333,0.996259598042683,0.521251092488288,0,"3: Chr + Active NC (Free)","Bimodal"
2009,0.01496,0.00568662071641971,0.00916,0.02234,0.220853333333333,0.764186666666667,0.995278710417174,0.518512246997609,0,"3: Chr + Active NC (Free)","Bimodal"
2009.5,0.0150333333333333,0.00565443575241252,0.00916,0.02234,0.219193333333333,0.765773333333333,0.995650539218609,0.517952621274888,0,"3: Chr + Active NC (Free)","Bimodal"
2010,0.01508,0.00567282694229618,0.00916,0.02278,0.217393333333333,0.767526666666667,0.996249163134461,0.513068663462915,0,"3: Chr + Active NC (Free)","Bimodal"
2010.5,0.0152266666666667,0.00586061861706703,0.009,0.02306,0.215753333333333,0.76902,0.996082258164983,0.509306983798051,0,"3: Chr + Active NC (Free)","Bimodal"
2011,0.0153533333333333,0.00600980425025947,0.009,0.02414,0.21422,0.770426666666667,0.996635500308657,0.504595478484546,0,"3: Chr + Active NC (Free)","Bimodal"
2011.5,0.01544,0.00600744365852438,0.009,0.02396,0.212533333333333,0.772026666666667,0.995137601021986,0.502796726218855,0,"3: Chr + Active NC (Free)","Bimodal"
2012,0.0154866666666667,0.00597689420751414,0.00918,0.02448,0.2108,0.773713333333333,0.993956998452923,0.499727309735188,0,"3: Chr + Active NC (Free)","Bimodal"
2012.5,0.0155533333333333,0.00599693791595478,0.00898,0.02394,0.208533333333333,0.775913333333333,0.99252799619973,0.497973947462303,0,"3: Chr + Active NC (Free)","Bimodal"
2013,0.0156,0.00610912263016096,0.00878,0.0242,0.206066666666667,0.778333333333333,0.991656456835672,0.494473503205781,0,"3: Chr + Active NC (Free)","Bimodal"
2013.5,0.0156466666666667,0.00621559403399243,0.00878,0.02496,0.20432,0.780033333333333,0.989654554111105,0.487377118729091,0,"3: Chr + Active NC (Free)","Bimodal"
2014,0.0156533333333333,0.00625678849721249,0.00916,0.02496,0.202153333333333,0.782193333333333,0.989287582047728,0.485851774531151,0,"3: Chr + Active NC (Free)","Bimodal"
2014.5,0.0157266666666667,0.00630872047431082,0.00916,0.02518,0.200193333333333,0.78408,0.988576837409319,0.488648557089625,0,"3: Chr + Active NC (Free)","Bimodal"
2015,0.0157066666666667,0.0062410727047317,0.0088,0.02496,0.198113333333333,0.78618,0.987765471830729,0.485909596853532,0,"3: Chr + Active NC (Free)","Bimodal"
2015.5,0.0157733333333333,0.00629783396444192,0.00914,0.02568,0.1957,0.788526666666667,0.988090689791058,0.484388605360403,0,"3: Chr + Active NC (Free)","Bimodal"
2016,0.01578,0.0062621688431956,0.00936,0.02552,0.193566666666667,0.790653333333333,0.9872868188938,0.485782575199355,0,"3: Chr + Active NC (Free)","Bimodal"
2016.5,0.01578,0.00631917716162476,0.00898,0.02624,0.1918,0.79242,0.986618223978988,0.485227105606609,0,"3: Chr + Active NC (Free)","Bimodal"
2017,0.0158266666666667,0.0063397450907818,0.0088,0.02642,0.18978,0.794393333333333,0.985170112634843,0.483870206002492,0,"3: Chr + Active NC (Free)","Bimodal"
2017.5,0.0158533333333333,0.00636345890183965,0.00858,0.0259,0.187686666666667,0.79646,0.983886563056791,0.480414477453503,0,"3: Chr + Active NC (Free)","Bimodal"
2018,0.0159,0.0063608175575157,0.00858,0.02622,0.185813333333333,0.798286666666667,0.983663753825972,0.479245993573381,0,"3: Chr + Active NC (Free)","Bimodal"
2018.5,0.01598,0.00632048666829841,0.0086,0.02622,0.183846666666667,0.800173333333333,0.982481586532261,0.476917900614718,0,"3: Chr + Active NC (Free)","Bimodal"
2019,0.0159066666666667,0.0062538778774251,0.00878,0.02602,0.181946666666667,0.802146666666667,0.982237140651388,0.473254097508703,0,"3: Chr + Active NC (Free)","Bimodal"
2019.5,0.0158933333333333,0.00626071128124644,0.00858,0.02586,0.17988,0.804226666666667,0.982539298976402,0.469610761397303,0,"3: Chr + Active NC (Free)","Bimodal"
2020,0.016,0.00638316751982955,0.00896,0.02626,0.178226666666667,0.805773333333333,0.981667198161426,0.468811491961797,0,"3: Chr + Active NC (Free)","Bimodal"
2020.5,0.01598,0.0064108421094053,0.00914,0.02652,0.176386666666667,0.807633333333333,0.981454643345062,0.463023375714736,0,"3: Chr + Active NC (Free)","Bimodal"
2021,0.0159533333333333,0.00647002282857633,0.00932,0.02706,0.174513333333333,0.809533333333333,0.981049256934453,0.454610830060089,0,"3: Chr + Active NC (Free)","Bimodal"
2021.5,0.01598,0.00654414189206257,0.00932,0.02744,0.172553333333333,0.811466666666667,0.979936948234966,0.450847283755181,0,"3: Chr + Active NC (Free)","Bimodal"
2022,0.0159066666666667,0.00653831852966818,0.00932,0.02762,0.170713333333333,0.81338,0.979845203742422,0.447371571881128,0,"3: Chr + Active NC (Free)","Bimodal"
2022.5,0.0159333333333333,0.00652535285521461,0.0091,0.0276,0.1688,0.815266666666667,0.978747739456083,0.448150890718447,0,"3: Chr + Active NC (Free)","Bimodal"
2023,0.0158466666666667,0.0065522164364347,0.00836,0.0276,0.1671,0.817053333333333,0.978904870768584,0.445872141726391,0,"3: Chr + Active NC (Free)","Bimodal"
2023.5,0.01594,0.00654557497276885,0.0082,0.02744,0.165433333333333,0.818626666666667,0.976751904940735,0.447901205172721,0,"3: Chr + Active NC (Free)","Bimodal"
2024,0.0159133333333333,0.006513579096294,0.00838,0.0269,0.1638,0.820286666666667,0.975252759761345,0.443046915409554,0,"3: Chr + Active NC (Free)","Bimodal"
2024.5,0.0159333333333333,0.00651265787859904,0.00858,0.02636,0.162233333333333,0.821833333333333,0.973797746661998,0.440252561026085,0,"3: Chr + Active NC (Free)","Bimodal"
2025,0.0158866666666667,0.0064906688106231,0.00858,0.02622,0.1605,0.823613333333333,0.972418245170604,0.440607052511352,0,"3: Chr + Active NC (Free)","Bimodal"
2025.5,0.0159133333333333,0.00645956832834097,0.00876,0.0262,0.1585,0.825586666666667,0.971130603432947,0.439461738888404,0,"3: Chr + Active NC (Free)","Bimodal"
2026,0.0159466666666667,0.00654131344679304,0.00874,0.02676,0.156666666666667,0.827386666666667,0.971517068169865,0.436563279055125,0,"3: Chr + Active NC (Free)","Bimodal"
2026.5,0.0158733333333333,0.00647679855640346,0.00854,0.02656,0.154726666666667,0.8294,0.969730525376305,0.434100150794295,0,"3: Chr + Active NC (Free)","Bimodal"
2027,0.0158933333333333,0.00647323046427965,0.00834,0.02654,0.152913333333333,0.831193333333333,0.967471987578237,0.434992511515904,0,"3: Chr + Active NC (Free)","Bimodal"
2027.5,0.0157533333333333,0.00640790101377189,0.00816,0.02616,0.151013333333333,0.833233333333333,0.968680115295325,0.426969920981645,0,"3: Chr + Active NC (Free)","Bimodal"
2028,0.0156333333333333,0.00631933722699665,0.00834,0.0261,0.1493,0.835066666666667,0.96935151412886,0.422671822037726,0,"3: Chr + Active NC (Free)","Bimodal"
2028.5,0.0155866666666667,0.00632017750369093,0.00852,0.02662,0.147706666666667,0.836706666666667,0.969034633703742,0.419822768598363,0,"3: Chr + Active NC (Free)","Bimodal"
2029,0.0155266666666667,0.00624874792056078,0.00868,0.02608,0.145846666666667,0.838626666666667,0.969279083089881,0.419150998877726,0,"3: Chr + Active NC (Free)","Bimodal"
2029.5,0.0155,0.0061706200437345,0.00868,0.0264,0.143913333333333,0.840586666666667,0.969006470827945,0.418285714335919,0,"3: Chr + Active NC (Free)","Bimodal"
2030,0.0154133333333333,0.00611068782929765,0.0087,0.02622,0.142173333333333,0.842413333333333,0.967520643687462,0.413430846062051,0,"3: Chr + Active NC (Free)","Bimodal"
2030.5,0.01536,0.00619419082689579,0.0087,0.0264,0.140426666666667,0.844213333333333,0.966804478794438,0.413285745629188,0,"3: Chr + Active NC (Free)","Bimodal"
2031,0.0153133333333333,0.00621914360072484,0.00814,0.0259,0.13888,0.845806666666667,0.965661629778273,0.410995795791884,0,"3: Chr + Active NC (Free)","Bimodal"
2031.5,0.0152866666666667,0.00620359925189893,0.00798,0.0257,0.137353333333333,0.84736,0.965216516269716,0.411985180996583,0,"3: Chr + Active NC (Free)","Bimodal"
2032,0.0152,0.00629000301518485,0.00796,0.0264,0.13576,0.84904,0.966196597978671,0.407825143829481,0,"3: Chr + Active NC (Free)","Bimodal"
2032.5,0.0151266666666667,0.00629317820771214,0.00778,0.02622,0.134146666666667,0.850726666666667,0.965911158215901,0.406240877850012,0,"3: Chr + Active NC (Free)","Bimodal"
2033,0.0149733333333333,0.00622558310983568,0.00758,0.02584,0.132473333333333,0.852553333333333,0.965877410680495,0.400836567718392,0,"3: Chr + Active NC (Free)","Bimodal"
2033.5,0.0148866666666667,0.0061777539347372,0.00742,0.0255,0.130726666666667,0.854386666666667,0.965481893406206,0.400314436845024,0,"3: Chr + Active NC (Free)","Bimodal"
2034,0.0148066666666667,0.00606641025099138,0.00758,0.0253,0.129186666666667,0.856006666666667,0.965286219218473,0.3997551988847,0,"3: Chr + Active NC (Free)","Bimodal"
2034.5,0.0147866666666667,0.00612376565089867,0.00758,0.02532,0.12778,0.857433333333333,0.965268323155398,0.398038697053631,0,"3: Chr + Active NC (Free)","Bimodal"
2035,0.01478,0.00611439229224363,0.00758,0.02528,0.126066666666667,0.859153333333333,0.963558616982995,0.397633553791486,0,"3: Chr + Active NC (Free)","Bimodal"
2035.5,0.0147666666666667,0.00615838835462955,0.00758,0.02546,0.1245,0.860733333333333,0.964072365966775,0.391524452784066,0,"3: Chr + Active NC (Free)","Bimodal"
2036,0.0146933333333333,0.00609482161959746,0.00736,0.02508,0.12288,0.862426666666667,0.963160410393904,0.39216493996225,0,"3: Chr + Active NC (Free)","Bimodal"
2036.5,0.01458,0.00605773372896453,0.00718,0.02526,0.12132,0.8641,0.963222088375222,0.390145306645402,0,"3: Chr + Active NC (Free)","Bimodal"
2037,0.0144933333333333,0.00595517354524811,0.00718,0.02484,0.119833333333333,0.865673333333333,0.962032581554682,0.389817611571736,0,"3: Chr + Active NC (Free)","Bimodal"
2037.5,0.0143866666666667,0.0059577670738077,0.007,0.02466,0.118386666666667,0.867226666666667,0.961915143914488,0.390865798419207,0,"3: Chr + Active NC (Free)","Bimodal"
2038,0.0143066666666667,0.00595656307598274,0.00734,0.02452,0.117,0.868693333333333,0.962412427252876,0.387185709820232,0,"3: Chr + Active NC (Free)","Bimodal"
2038.5,0.0142866666666667,0.00600314476973834,0.00732,0.02482,0.115446666666667,0.870266666666667,0.962797419619435,0.384974596179687,0,"3: Chr + Active NC (Free)","Bimodal"
2039,0.01424,0.00590018117781433,0.0075,0.02466,0.11428,0.87148,0.960867352470686,0.389986499376293,0,"3: Chr + Active NC (Free)","Bimodal"
2039.5,0.0141533333333333,0.00583324203541034,0.00732,0.02374,0.112693333333333,0.873153333333333,0.959666574245694,0.387194042860189,0,"3: Chr + Active NC (Free)","Bimodal"
2040,0.0141133333333333,0.00579242866896585,0.0075,0.02388,0.11128,0.874606666666667,0.961215263413262,0.382074322924013,0,"3: Chr + Active NC (Free)","Bimodal"
2040.5,0.01404,0.00573252065878949,0.0075,0.024,0.10962,0.87634,0.960257869072462,0.37674166157672,0,"3: Chr + Active NC (Free)","Bimodal"
2041,0.0139,0.00568427959224022,0.0075,0.02344,0.108386666666667,0.877713333333333,0.959911926047585,0.37151603990224,0,"3: Chr + Active NC (Free)","Bimodal"
2041.5,0.0138933333333333,0.00570752276315689,0.0075,0.02324,0.1071,0.879006666666667,0.960100640021788,0.369823171020711,0,"3: Chr + Active NC (Free)","Bimodal"
2042,0.0138266666666667,0.00574389831178199,0.0075,0.02308,0.105926666666667,0.880246666666667,0.962443484569786,0.362499711697845,0,"3: Chr + Active NC (Free)","Bimodal"
2042.5,0.0137466666666667,0.0057218114646309,0.00712,0.02308,0.104426666666667,0.881826666666667,0.962842427313224,0.357132592351311,0,"3: Chr + Active NC (Free)","Bimodal"
2043,0.0136866666666667,0.00573980255177243,0.00712,0.0238,0.103153333333333,0.88316,0.962012396466415,0.358478034646323,0,"3: Chr + Active NC (Free)","Bimodal"
2043.5,0.0135933333333333,0.00568664092918405,0.0071,0.0234,0.101793333333333,0.884613333333333,0.962601184086525,0.353662104213019,0,"3: Chr + Active NC (Free)","Bimodal"
2044,0.0135533333333333,0.00567090173048181,0.0071,0.02322,0.100326666666667,0.88612,0.96167588061941,0.349455742027674,0,"3: Chr + Active NC (Free)","Bimodal"
2044.5,0.01344,0.0056369226136008,0.0071,0.02302,0.0989933333333333,0.887566666666667,0.961583025770988,0.344633531372172,0,"3: Chr + Active NC (Free)","Bimodal"
2045,0.0133866666666667,0.00568917504069599,0.0071,0.02306,0.09756,0.889053333333333,0.960701252816336,0.340392949989944,0,"3: Chr + Active NC (Free)","Bimodal"
2045.5,0.0133466666666667,0.00567582491852481,0.0071,0.02304,0.0963,0.890353333333333,0.960339342395418,0.33455027169261,0,"3: Chr + Active NC (Free)","Bimodal"
2046,0.0131666666666667,0.00561305948495196,0.0071,0.02266,0.0949,0.891933333333333,0.960781048353304,0.3292146982366,0,"3: Chr + Active NC (Free)","Bimodal"
2046.5,0.0131,0.00564238883134953,0.0071,0.02262,0.0937733333333333,0.893126666666667,0.958889810901995,0.332485196773245,0,"3: Chr + Active NC (Free)","Bimodal"
2047,0.01296,0.00563936900358725,0.0069,0.02242,0.09254,0.8945,0.959224251438731,0.327313195082337,0,"3: Chr + Active NC (Free)","Bimodal"
2047.5,0.0129,0.00556410912409413,0.00674,0.0222,0.0913733333333333,0.895726666666667,0.958983027256599,0.326210311050329,0,"3: Chr + Active NC (Free)","Bimodal"
2048,0.0128,0.00548754074684424,0.00654,0.0216,0.09022,0.89698,0.95774232390517,0.325998422139341,0,"3: Chr + Active NC (Free)","Bimodal"
2048.5,0.0127666666666667,0.00553286938921939,0.0062,0.02182,0.0889333333333333,0.8983,0.957746277598691,0.325957436154113,0,"3: Chr + Active NC (Free)","Bimodal"
2049,0.01266,0.00553463078543045,0.0062,0.0218,0.08766,0.89968,0.95803387215579,0.325243335660374,0,"3: Chr + Active NC (Free)","Bimodal"
2049.5,0.0125933333333333,0.00553147316745719,0.00602,0.02164,0.0864466666666667,0.90096,0.956217442265904,0.327943023229259,0,"3: Chr + Active NC (Free)","Bimodal"
2050,0.0125466666666667,0.00547720878659505,0.00602,0.02142,0.0852333333333333,0.90222,0.95702210535948,0.325087938205553,0,"3: Chr + Active NC (Free)","Bimodal"
2050.5,0.0124933333333333,0.00545773309852292,0.00566,0.02142,0.0841266666666667,0.90338,0.955981476888204,0.313930587067485,0,"3: Chr + Active NC (Free)","Bimodal"
2051,0.01244,0.00546800095855502,0.00564,0.02106,0.0829,0.90466,0.956419543178063,0.312494906350747,0,"3: Chr + Active NC (Free)","Bimodal"
2051.5,0.01234,0.00545328752474929,0.00544,0.02088,0.0819,0.90576,0.958195221700649,0.313031163683238,0,"3: Chr + Active NC (Free)","Bimodal"
2052,0.0122066666666667,0.00542573264293806,0.00526,0.0205,0.08076,0.907033333333333,0.956704447132409,0.314472670778707,0,"3: Chr + Active NC (Free)","Bimodal"
2052.5,0.0121,0.00538702144046225,0.00526,0.02042,0.0796733333333333,0.908226666666667,0.95722226389788,0.309689307756012,0,"3: Chr + Active NC (Free)","Bimodal"
2053,0.0119866666666667,0.00533018297760149,0.00526,0.02042,0.0785533333333333,0.90946,0.958643120235148,0.303795506651321,0,"3: Chr + Active NC (Free)","Bimodal"
2053.5,0.0118866666666667,0.00525768621808264,0.00524,0.0202,0.0774133333333333,0.9107,0.957445280823589,0.303297080610546,0,"3: Chr + Active NC (Free)","Bimodal"
2054,0.0117933333333333,0.00521971946222858,0.00522,0.01966,0.07634,0.911866666666667,0.956689199877022,0.300454963068218,0,"3: Chr + Active NC (Free)","Bimodal"
2054.5,0.0117066666666667,0.00512377375293488,0.0054,0.01942,0.0753866666666667,0.912906666666667,0.956719987280975,0.299922775667612,0,"3: Chr + Active NC (Free)","Bimodal"
2055,0.0116133333333333,0.00509927197868908,0.00542,0.0196,0.0743,0.914086666666667,0.956179234564963,0.292805018657944,0,"3: Chr + Active NC (Free)","Bimodal"
2055.5,0.01158,0.0050654611390992,0.00524,0.0194,0.0732333333333333,0.915186666666667,0.955929487557521,0.290735757025223,0,"3: Chr + Active NC (Free)","Bimodal"
2056,0.0114533333333333,0.0050922343401215,0.00486,0.01944,0.07234,0.916206666666667,0.95782378152065,0.290687358486863,0,"3: Chr + Active NC (Free)","Bimodal"
2056.5,0.01138,0.00507389532736964,0.0047,0.01942,0.0713533333333333,0.917266666666667,0.957186490676385,0.290267050611207,0,"3: Chr + Active NC (Free)","Bimodal"
2057,0.0113266666666667,0.00500440725301439,0.0047,0.0192,0.0703,0.918373333333333,0.957425611057095,0.283694588666529,0,"3: Chr + Active NC (Free)","Bimodal"
2057.5,0.0111466666666667,0.00492003177262893,0.0045,0.019,0.06942,0.919433333333333,0.955448045818561,0.280699399323566,0,"3: Chr + Active NC (Free)","Bimodal"
2058,0.0110533333333333,0.00487553592692256,0.0045,0.0188,0.06856,0.920386666666667,0.954839064443076,0.277792416201826,0,"3: Chr + Active NC (Free)","Bimodal"
2058.5,0.0110466666666667,0.00483027330799045,0.00448,0.01862,0.0676066666666667,0.921346666666667,0.952679365638118,0.282025792718466,0,"3: Chr + Active NC (Free)","Bimodal"
2059,0.011,0.00482950700703855,0.00484,0.01862,0.0667533333333333,0.922246666666667,0.952164695382565,0.282088877217296,0,"3: Chr + Active NC (Free)","Bimodal"
2059.5,0.0109266666666667,0.00482278595500734,0.00482,0.0188,0.06578,0.923293333333333,0.953574966107202,0.278586471419271,0,"3: Chr + Active NC (Free)","Bimodal"
2060,0.0108133333333333,0.00476045008979942,0.00482,0.01844,0.0649866666666667,0.9242,0.953548280855246,0.271895148471018,0,"3: Chr + Active NC (Free)","Bimodal"
2060.5,0.0107266666666667,0.00470201228626956,0.00482,0.01786,0.06402,0.925253333333333,0.952597051908636,0.270949326151176,0,"3: Chr + Active NC (Free)","Bimodal"
2061,0.01066,0.00470367427912881,0.00482,0.01786,0.06322,0.92612,0.952078992178014,0.269093756370939,0,"3: Chr + Active NC (Free)","Bimodal"
2061.5,0.0105733333333333,0.0046335309641139,0.00482,0.0171,0.0623133333333333,0.927113333333333,0.952309327825463,0.266053309411415,0,"3: Chr + Active NC (Free)","Bimodal"
2062,0.01052,0.00465842951188932,0.00482,0.01728,0.0613933333333333,0.928086666666667,0.95199581622431,0.265673103976479,0,"3: Chr + Active NC (Free)","Bimodal"
2062.5,0.0104466666666667,0.00463708687784084,0.00464,0.01728,0.0606066666666667,0.928946666666667,0.952694239386754,0.265615103296267,0,"3: Chr + Active NC (Free)","Bimodal"
2063,0.0103733333333333,0.0046260829735491,0.00464,0.01708,0.05986,0.929766666666667,0.953009552961736,0.262750001542841,0,"3: Chr + Active NC (Free)","Bimodal"
2063.5,0.0102733333333333,0.00456598618975764,0.00446,0.01726,0.0590333333333333,0.930693333333333,0.953809515056654,0.26186702296811,0,"3: Chr + Active NC (Free)","Bimodal"
2064,0.01016,0.00450911720085368,0.00426,0.0167,0.0580733333333333,0.931766666666667,0.956268430626567,0.256359727335799,0,"3: Chr + Active NC (Free)","Bimodal"
2064.5,0.0101133333333333,0.00454788570302906,0.00424,0.01654,0.05724,0.932646666666667,0.957575987524838,0.256794782600022,0,"3: Chr + Active NC (Free)","Bimodal"
2065,0.0100733333333333,0.00451311753503689,0.00424,0.01618,0.0565866666666667,0.93334,0.956996095009826,0.255160059662213,0,"3: Chr + Active NC (Free)","Bimodal"
2065.5,0.00999333333333333,0.00448337413988181,0.00406,0.01616,0.05578,0.934226666666667,0.95700921766943,0.248573374327366,0,"3: Chr + Active NC (Free)","Bimodal"
2066,0.00995333333333333,0.0044516353704301,0.00406,0.0158,0.05502,0.935026666666667,0.957237208029212,0.25006149146792,0,"3: Chr + Active NC (Free)","Bimodal"
2066.5,0.00978666666666667,0.00447643125509699,0.00402,0.01578,0.0542866666666667,0.935926666666667,0.958796765398158,0.246413026676625,0,"3: Chr + Active NC (Free)","Bimodal"
2067,0.00971333333333333,0.0044457444458899,0.00402,0.01574,0.0536066666666667,0.93668,0.959523986562773,0.244494923398433,0,"3: Chr + Active NC (Free)","Bimodal"
2067.5,0.00962666666666667,0.00442617086269239,0.00402,0.01592,0.0528466666666667,0.937526666666667,0.96071975786405,0.242801364651888,0,"3: Chr + Active NC (Free)","Bimodal"
2068,0.00954666666666667,0.00438742193826486,0.004,0.01586,0.0521133333333333,0.93834,0.95939022524882,0.24319348609301,0,"3: Chr + Active NC (Free)","Bimodal"
2068.5,0.00942666666666667,0.00429072241593123,0.004,0.01564,0.05156,0.939013333333333,0.95879757779386,0.241675531756506,0,"3: Chr + Active NC (Free)","Bimodal"
2069,0.00934666666666667,0.00426660919501523,0.004,0.01566,0.0507866666666667,0.939866666666667,0.958650061354832,0.241619214403981,0,"3: Chr + Active NC (Free)","Bimodal"
2069.5,0.00922,0.00419600795502352,0.00418,0.01542,0.05012,0.94066,0.959033559501042,0.240826701946239,0,"3: Chr + Active NC (Free)","Bimodal"
2070,0.00918,0.00417920962664572,0.00418,0.01524,0.04948,0.94134,0.961136659178222,0.239202120107728,0,"3: Chr + Active NC (Free)","Bimodal"
2070.5,0.00908,0.00413249528026098,0.004,0.0152,0.0488333333333333,0.942086666666667,0.962278059842239,0.238552778770137,0,"3: Chr + Active NC (Free)","Bimodal"
2071,0.00905333333333333,0.00415391243356756,0.004,0.01522,0.0481933333333333,0.942753333333333,0.962180035686161,0.239203631623395,0,"3: Chr + Active NC (Free)","Bimodal"
2071.5,0.0089,0.00404892493181193,0.004,0.01502,0.0475133333333333,0.943586666666667,0.962659201180568,0.235486523331876,0,"3: Chr + Active NC (Free)","Bimodal"
2072,0.00880666666666667,0.00397942409048772,0.00398,0.01482,0.04672,0.944473333333333,0.962274658825361,0.233846149530543,0,"3: Chr + Active NC (Free)","Bimodal"
2072.5,0.00875333333333333,0.00397984000140478,0.0038,0.01446,0.0458333333333333,0.945413333333333,0.962090010348715,0.235074726375098,0,"3: Chr + Active NC (Free)","Bimodal"
2073,0.00864666666666667,0.00391907213977768,0.00382,0.01424,0.0452666666666667,0.946086666666667,0.962240273523385,0.235644322518804,0,"3: Chr + Active NC (Free)","Bimodal"
2073.5,0.00856666666666667,0.00388314956893404,0.00364,0.01406,0.0446533333333333,0.94678,0.964935281508856,0.231720476793323,0,"3: Chr + Active NC (Free)","Bimodal"
2074,0.00850666666666667,0.00386879053838342,0.00346,0.01422,0.0439466666666667,0.947546666666667,0.965831970295862,0.230443956715159,0,"3: Chr + Active NC (Free)","Bimodal"
2074.5,0.00842,0.00382202329518876,0.00328,0.0142,0.04324,0.94834,0.967363916388298,0.226164341367186,0,"3: Chr + Active NC (Free)","Bimodal"
2075,0.00831333333333333,0.00376615905439328,0.00328,0.01364,0.0426,0.949086666666667,0.969068404181239,0.225050538580536,0,"3: Chr + Active NC (Free)","Bimodal"
2075.5,0.00820666666666667,0.00368350782340115,0.00328,0.01342,0.04202,0.949773333333333,0.969161101657541,0.225444090218297,0,"3: Chr + Active NC (Free)","Bimodal"
2076,0.00815333333333333,0.00371193167792851,0.00292,0.01342,0.0413466666666667,0.9505,0.969741543019762,0.228418064805839,0,"3: Chr + Active NC (Free)","Bimodal"
2076.5,0.00808,0.00370818293637938,0.0029,0.01324,0.0407866666666667,0.951133333333333,0.969081717463522,0.226924456351756,0,"3: Chr + Active NC (Free)","Bimodal"
2077,0.00803333333333333,0.00364003915603545,0.0029,0.013,0.0403,0.951666666666667,0.96869193057933,0.220440789217745,0,"3: Chr + Active NC (Free)","Bimodal"
2077.5,0.00795333333333333,0.00362127176491938,0.0029,0.01302,0.0397933333333333,0.952253333333333,0.968033374562407,0.216178819149905,0,"3: Chr + Active NC (Free)","Bimodal"
2078,0.00793333333333333,0.00360587005458803,0.00308,0.01284,0.0391733333333333,0.952893333333333,0.967285546402045,0.212714563210033,0,"3: Chr + Active NC (Free)","Bimodal"
2078.5,0.00790666666666667,0.00358453895783403,0.0029,0.01284,0.03866,0.953433333333333,0.966857684591277,0.211573846275033,0,"3: Chr + Active NC (Free)","Bimodal"
2079,0.00784,0.00351171438631254,0.00308,0.01284,0.0381266666666667,0.954033333333333,0.96695374584397,0.21106196746747,0,"3: Chr + Active NC (Free)","Bimodal"
2079.5,0.00779333333333333,0.00350427653346429,0.0029,0.01248,0.0375,0.954706666666667,0.967995891854773,0.207346029774838,0,"3: Chr + Active NC (Free)","Bimodal"
1980,0.00494,0.00026858505363196,0.0046,0.00522,0.314993333333333,0.680066666666667,0.351835599483825,0.0178568862699297,0,"4: Chr + Passive NC (Reg)","Bimodal"
1980.5,0.00489333333333333,0.000351286633464148,0.00458,0.0054,0.305806666666667,0.6893,0.388381705450437,0.0355059567378408,0,"4: Chr + Passive NC (Reg)","Bimodal"
1981,0.0049,0.000447983989861707,0.0044,0.00542,0.296826666666667,0.698273333333333,0.430223629878726,0.0601145123039176,0,"4: Chr + Passive NC (Reg)","Bimodal"
1981.5,0.0048,0.000466830841400564,0.00438,0.0054,0.288266666666667,0.706933333333333,0.466865142455683,0.0732018024639214,0,"4: Chr + Passive NC (Reg)","Bimodal"
1982,0.00474,0.000543678403926946,0.00418,0.0054,0.280086666666667,0.715173333333333,0.50511935571573,0.092886703995781,0,"4: Chr + Passive NC (Reg)","Bimodal"
1982.5,0.00466,0.00062840795008031,0.00398,0.00544,0.27266,0.72268,0.525142637693679,0.104742050954589,0,"4: Chr + Passive NC (Reg)","Bimodal"
1983,0.00465333333333333,0.000676570119379198,0.0038,0.00542,0.265426666666667,0.72992,0.555262573911878,0.11715009544796,0,"4: Chr + Passive NC (Reg)","Bimodal"
1983.5,0.00462666666666667,0.000783860179884905,0.00378,0.0056,0.258253333333333,0.73712,0.576077676550366,0.127850338735115,0,"4: Chr + Passive NC (Reg)","Bimodal"
1984,0.00466,0.000930924642307406,0.00358,0.00562,0.25148,0.74386,0.608808169979915,0.145627830686416,0,"4: Chr + Passive NC (Reg)","Bimodal"
1984.5,0.00469333333333333,0.000982232970936835,0.0036,0.00564,0.245353333333333,0.749953333333333,0.63673829206866,0.164728287676019,0,"4: Chr + Passive NC (Reg)","Bimodal"
1985,0.00466,0.000945625135321457,0.0034,0.00582,0.239513333333333,0.755826666666667,0.652991853342566,0.17663820544781,0,"4: Chr + Passive NC (Reg)","Bimodal"
1985.5,0.00471333333333333,0.000980757389710251,0.0034,0.006,0.233466666666667,0.76182,0.669323062723339,0.188716081644306,0,"4: Chr + Passive NC (Reg)","Bimodal"
1986,0.00474666666666667,0.000989508179239368,0.0034,0.00602,0.22782,0.767433333333333,0.701762863864319,0.209701783908396,0,"4: Chr + Passive NC (Reg)","Bimodal"
1986.5,0.00471333333333333,0.000993334104759401,0.0034,0.00582,0.22206,0.773226666666667,0.726002982717487,0.220848452416756,0,"4: Chr + Passive NC (Reg)","Bimodal"
1987,0.00470666666666667,0.00105664835547425,0.00338,0.00584,0.217046666666667,0.778246666666667,0.750944504619183,0.22967961109657,0,"4: Chr + Passive NC (Reg)","Bimodal"
1987.5,0.00478,0.00111707746775482,0.00338,0.00586,0.212093333333333,0.783126666666667,0.76626477438175,0.242899348574169,0,"4: Chr + Passive NC (Reg)","Bimodal"
1988,0.00479333333333333,0.0011048274427081,0.00338,0.00602,0.207353333333333,0.787853333333333,0.783554635952347,0.259433267361135,0,"4: Chr + Passive NC (Reg)","Bimodal"
1988.5,0.00481333333333333,0.00115661018776284,0.00338,0.00622,0.20274,0.792446666666667,0.806217723518313,0.274119887113234,0,"4: Chr + Passive NC (Reg)","Bimodal"
1989,0.00484,0.00117373556323978,0.00338,0.00622,0.198426666666667,0.796733333333333,0.814427390930585,0.280453064362516,0,"4: Chr + Passive NC (Reg)","Bimodal"
1989.5,0.00486666666666667,0.00119231254099011,0.00338,0.00642,0.194226666666667,0.800906666666667,0.823261037956824,0.284989954946671,0,"4: Chr + Passive NC (Reg)","Bimodal"
1990,0.00488666666666667,0.0011996359601069,0.0032,0.0066,0.190286666666667,0.804826666666667,0.838179414412305,0.287855786799487,0,"4: Chr + Passive NC (Reg)","Bimodal"
1990.5,0.00492666666666667,0.00124344719209954,0.00338,0.0066,0.1866,0.808473333333333,0.849509725027676,0.296245600854181,0,"4: Chr + Passive NC (Reg)","Bimodal"
1991,0.00498,0.00130711580364478,0.00338,0.00662,0.182966666666667,0.812053333333333,0.859696746873515,0.307180517885673,0,"4: Chr + Passive NC (Reg)","Bimodal"
1991.5,0.00504666666666667,0.00135919178148287,0.00338,0.00664,0.179486666666667,0.815466666666667,0.864211128175752,0.31422563953393,0,"4: Chr + Passive NC (Reg)","Bimodal"
1992,0.00509333333333333,0.00138637043697049,0.0034,0.00648,0.175886666666667,0.81902,0.875080713929618,0.315093998481519,0,"4: Chr + Passive NC (Reg)","Bimodal"
1992.5,0.00514666666666667,0.0014621036647368,0.00338,0.0067,0.17252,0.822333333333333,0.884485026015901,0.320309347808307,0,"4: Chr + Passive NC (Reg)","Bimodal"
1993,0.00511333333333333,0.00144859821262115,0.0034,0.00668,0.16918,0.825706666666667,0.892834773665913,0.313217941451595,0,"4: Chr + Passive NC (Reg)","Bimodal"
1993.5,0.00517333333333333,0.00151291755896674,0.0034,0.0069,0.165973333333333,0.828853333333333,0.900693002184713,0.321281801901753,0,"4: Chr + Passive NC (Reg)","Bimodal"
1994,0.00523333333333333,0.00160093363564738,0.0034,0.0069,0.16328,0.831486666666667,0.907850186128635,0.331498433204353,0,"4: Chr + Passive NC (Reg)","Bimodal"
1994.5,0.00525333333333333,0.0016025267405017,0.0034,0.00694,0.16056,0.834186666666667,0.91300444039471,0.33684758593429,0,"4: Chr + Passive NC (Reg)","Bimodal"
1995,0.00531333333333333,0.00157889820451791,0.00358,0.00694,0.157753333333333,0.836933333333333,0.91911098740282,0.344250496047714,0,"4: Chr + Passive NC (Reg)","Bimodal"
1995.5,0.00539333333333333,0.00164964642676342,0.0036,0.00766,0.155193333333333,0.839413333333333,0.923328986366664,0.348262971526792,0,"4: Chr + Passive NC (Reg)","Bimodal"
1996,0.00542666666666667,0.00168050348230017,0.0036,0.0078,0.152353333333333,0.84222,0.929120122764013,0.354570309966953,0,"4: Chr + Passive NC (Reg)","Bimodal"
1996.5,0.00547333333333333,0.00169826145043188,0.0038,0.0076,0.149773333333333,0.844753333333333,0.934018436828349,0.359815840182629,0,"4: Chr + Passive NC (Reg)","Bimodal"
1997,0.00554666666666667,0.00174033950974958,0.00378,0.00762,0.147426666666667,0.847026666666667,0.940776477989127,0.36129417604634,0,"4: Chr + Passive NC (Reg)","Bimodal"
1997.5,0.00559333333333333,0.00172805119123834,0.0038,0.00764,0.145213333333333,0.849193333333333,0.94235216106927,0.364940774768181,0,"4: Chr + Passive NC (Reg)","Bimodal"
1998,0.00559333333333333,0.00174235934639041,0.00378,0.00764,0.142886666666667,0.85152,0.944747448317621,0.362325928163117,0,"4: Chr + Passive NC (Reg)","Bimodal"
1998.5,0.00562666666666667,0.00169113985908573,0.00398,0.00764,0.140646666666667,0.853726666666667,0.947610405200717,0.359721737619327,0,"4: Chr + Passive NC (Reg)","Bimodal"
1999,0.00570666666666667,0.00172265499444464,0.00398,0.00782,0.13868,0.855613333333333,0.953422457136443,0.365715649534353,0,"4: Chr + Passive NC (Reg)","Bimodal"
1999.5,0.00576666666666667,0.00178273972288167,0.00398,0.00802,0.13664,0.857593333333333,0.956810314716646,0.365438853919833,0,"4: Chr + Passive NC (Reg)","Bimodal"
2000,0.00586666666666667,0.0018467741368786,0.00398,0.00804,0.134373333333333,0.85976,0.9611092380803,0.376006485937855,0,"4: Chr + Passive NC (Reg)","Bimodal"
2000.5,0.00591333333333333,0.00191090037152256,0.00396,0.00824,0.132693333333333,0.861393333333333,0.965837565442155,0.37866523994122,0,"4: Chr + Passive NC (Reg)","Bimodal"
2001,0.00598,0.00193433584788521,0.00396,0.00844,0.130806666666667,0.863213333333333,0.967268328476634,0.377782708041814,0,"4: Chr + Passive NC (Reg)","Bimodal"
2001.5,0.00608666666666667,0.00205220374960311,0.0038,0.00882,0.129046666666667,0.864866666666667,0.972086422686874,0.384459358990406,0,"4: Chr + Passive NC (Reg)","Bimodal"
2002,0.00617333333333333,0.00206630326801327,0.0038,0.00882,0.127206666666667,0.86662,0.97340896163079,0.390782304655214,0,"4: Chr + Passive NC (Reg)","Bimodal"
2002.5,0.00618666666666667,0.00214182219123124,0.00378,0.009,0.125386666666667,0.868426666666667,0.976588950672467,0.381886333618519,0,"4: Chr + Passive NC (Reg)","Bimodal"
2003,0.00625333333333333,0.00217251377255796,0.00378,0.00884,0.123693333333333,0.870053333333333,0.978661036674248,0.389609646906388,0,"4: Chr + Passive NC (Reg)","Bimodal"
2003.5,0.00625333333333333,0.00221277378330727,0.00378,0.0089,0.12194,0.871806666666667,0.981807465301153,0.389684883011436,0,"4: Chr + Passive NC (Reg)","Bimodal"
2004,0.00624666666666667,0.00223494709238208,0.00378,0.00888,0.120126666666667,0.873626666666667,0.986408646528778,0.385730528367348,0,"4: Chr + Passive NC (Reg)","Bimodal"
2004.5,0.00628666666666667,0.00225705534947079,0.00378,0.00904,0.118533333333333,0.87518,0.987328495679154,0.385166411787811,0,"4: Chr + Passive NC (Reg)","Bimodal"
2005,0.00629333333333333,0.00227716298590325,0.0036,0.00924,0.116873333333333,0.876833333333333,0.988570309562317,0.37504462818888,0,"4: Chr + Passive NC (Reg)","Bimodal"
2005.5,0.00634,0.0022579514670573,0.00378,0.00924,0.11542,0.87824,0.98521992168671,0.372992806934725,0,"4: Chr + Passive NC (Reg)","Bimodal"
2006,0.00640666666666667,0.0023047078254997,0.00398,0.00926,0.113926666666667,0.879666666666667,0.985709303542101,0.378155793086851,0,"4: Chr + Passive NC (Reg)","Bimodal"
2006.5,0.00638666666666667,0.00229658417014807,0.00378,0.00926,0.11218,0.881433333333333,0.988387516551828,0.37601298619613,0,"4: Chr + Passive NC (Reg)","Bimodal"
2007,0.00638,0.00225318165850135,0.00378,0.00904,0.11072,0.8829,0.987262218794499,0.373146102261971,0,"4: Chr + Passive NC (Reg)","Bimodal"
2007.5,0.00642666666666667,0.0022838161248126,0.0036,0.00906,0.109366666666667,0.884206666666667,0.990301639955918,0.375712463947459,0,"4: Chr + Passive NC (Reg)","Bimodal"
2008,0.00644666666666667,0.00234869491762808,0.00378,0.00908,0.107866666666667,0.885686666666667,0.989470005636822,0.373929894270546,0,"4: Chr + Passive NC (Reg)","Bimodal"
2008.5,0.00646,0.00234426666718967,0.0038,0.0091,0.106366666666667,0.887173333333333,0.990171255050416,0.37041871369098,0,"4: Chr + Passive NC (Reg)","Bimodal"
2009,0.00649333333333333,0.00237616517092988,0.0038,0.00948,0.1051,0.888406666666667,0.990680105538796,0.369439658325967,0,"4: Chr + Passive NC (Reg)","Bimodal"
2009.5,0.00653333333333333,0.00239674108240585,0.0038,0.0095,0.10384,0.889626666666667,0.994075379632593,0.373134682884215,0,"4: Chr + Passive NC (Reg)","Bimodal"
2010,0.00657333333333333,0.00239409234594648,0.00396,0.00948,0.102386666666667,0.89104,0.993982610380577,0.372479162379816,0,"4: Chr + Passive NC (Reg)","Bimodal"
2010.5,0.00654,0.002380466485724,0.00396,0.00964,0.10106,0.8924,0.996034810228401,0.371994282568147,0,"4: Chr + Passive NC (Reg)","Bimodal"
2011,0.00654666666666667,0.00241828285236095,0.00396,0.00968,0.0996666666666667,0.893786666666667,0.997784165355824,0.371384284230154,0,"4: Chr + Passive NC (Reg)","Bimodal"
2011.5,0.00658666666666667,0.00241828285236094,0.0038,0.00986,0.0983866666666667,0.895026666666667,0.99953102499376,0.375834717688651,0,"4: Chr + Passive NC (Reg)","Bimodal"
2012,0.00655333333333333,0.00242212977432634,0.0038,0.0095,0.0968266666666667,0.89662,1.00089536154336,0.369094191976112,0,"4: Chr + Passive NC (Reg)","Bimodal"
2012.5,0.00651333333333333,0.00242611273202746,0.00378,0.00932,0.0952066666666667,0.89828,1.00060879952308,0.366252622432797,0,"4: Chr + Passive NC (Reg)","Bimodal"
2013,0.00651333333333333,0.00246782513957943,0.0038,0.00936,0.0938733333333333,0.899613333333333,1.00147676006883,0.367183204719093,0,"4: Chr + Passive NC (Reg)","Bimodal"
2013.5,0.00643333333333333,0.00246916617690981,0.0036,0.00952,0.0922666666666667,0.9013,1.00304098298871,0.361479973310261,0,"4: Chr + Passive NC (Reg)","Bimodal"
2014,0.00636666666666667,0.00247641750885446,0.0036,0.00948,0.09084,0.902793333333333,1.0032081479743,0.357571352482301,0,"4: Chr + Passive NC (Reg)","Bimodal"
2014.5,0.00638,0.00249377155163101,0.0036,0.0095,0.0895133333333333,0.904106666666667,1.00614019741297,0.354336114756002,0,"4: Chr + Passive NC (Reg)","Bimodal"
2015,0.00639333333333333,0.00253661916369194,0.0036,0.00986,0.0881266666666667,0.90548,1.00585155254699,0.353858950420938,0,"4: Chr + Passive NC (Reg)","Bimodal"
2015.5,0.00630666666666667,0.00248900109216159,0.0036,0.0095,0.08694,0.906753333333333,1.00584636600296,0.34780086331319,0,"4: Chr + Passive NC (Reg)","Bimodal"
2016,0.00631333333333333,0.00247897828415929,0.0036,0.00932,0.0855266666666667,0.90816,1.00510899587794,0.345686974096501,0,"4: Chr + Passive NC (Reg)","Bimodal"
2016.5,0.00624,0.00243503168569627,0.0036,0.00892,0.0841266666666667,0.909633333333333,1.00656196123519,0.340779394396144,0,"4: Chr + Passive NC (Reg)","Bimodal"
2017,0.00622,0.00244235612642298,0.0036,0.0091,0.08272,0.91106,1.00487017966915,0.339935809052289,0,"4: Chr + Passive NC (Reg)","Bimodal"
2017.5,0.00617333333333333,0.00240730688462888,0.0036,0.00906,0.0815333333333333,0.912293333333333,1.00346087148508,0.33908469419209,0,"4: Chr + Passive NC (Reg)","Bimodal"
2018,0.00619333333333333,0.00240429691971705,0.00358,0.00924,0.0802933333333333,0.913513333333333,1.00271057633131,0.347451318353927,0,"4: Chr + Passive NC (Reg)","Bimodal"
2018.5,0.00614,0.00240582626139129,0.0034,0.0092,0.0791,0.91476,1.0027684797472,0.347293361144257,0,"4: Chr + Passive NC (Reg)","Bimodal"
2019,0.00609333333333333,0.00239524433039697,0.00338,0.00922,0.0778866666666667,0.91602,1.00201954479082,0.3489732848037,0,"4: Chr + Passive NC (Reg)","Bimodal"
2019.5,0.00606666666666667,0.00241165751175887,0.00338,0.00886,0.07658,0.917353333333333,1.00164039359426,0.347796966777419,0,"4: Chr + Passive NC (Reg)","Bimodal"
2020,0.00601333333333333,0.00236988772225436,0.00338,0.009,0.0753333333333333,0.918653333333333,1.00381355756887,0.343460909217429,0,"4: Chr + Passive NC (Reg)","Bimodal"
2020.5,0.00598666666666667,0.00232345363233467,0.00338,0.0086,0.0742266666666667,0.919786666666667,1.00260818513261,0.344998375765516,0,"4: Chr + Passive NC (Reg)","Bimodal"
2021,0.00594666666666667,0.00230138389150788,0.00338,0.0086,0.0731266666666667,0.920926666666667,1.00212999543382,0.34130739053485,0,"4: Chr + Passive NC (Reg)","Bimodal"
2021.5,0.00590666666666667,0.00224421606516094,0.00338,0.00844,0.0718866666666667,0.922206666666667,1.00118232301926,0.341345291704051,0,"4: Chr + Passive NC (Reg)","Bimodal"
2022,0.00588,0.00225517030475489,0.0032,0.00826,0.07072,0.9234,1.00077395866792,0.339689691127325,0,"4: Chr + Passive NC (Reg)","Bimodal"
2022.5,0.00584666666666667,0.00230063459511281,0.00318,0.00846,0.06968,0.924473333333333,1.00128382995585,0.336282045831631,0,"4: Chr + Passive NC (Reg)","Bimodal"
2023,0.00576666666666667,0.00226035293755175,0.003,0.00844,0.06858,0.925653333333333,1.0021391507498,0.331837931398333,0,"4: Chr + Passive NC (Reg)","Bimodal"
2023.5,0.00571333333333333,0.00223556416289866,0.003,0.00862,0.06754,0.926746666666667,1.00258521170792,0.325530081131409,0,"4: Chr + Passive NC (Reg)","Bimodal"
2024,0.00571333333333333,0.00224541422848241,0.003,0.0086,0.06622,0.928066666666667,1.001731742922,0.319388790595675,0,"4: Chr + Passive NC (Reg)","Bimodal"
2024.5,0.00562666666666667,0.00218567962023231,0.003,0.00824,0.0653133333333333,0.92906,1.00426936866221,0.3126006041445,0,"4: Chr + Passive NC (Reg)","Bimodal"
2025,0.00565333333333333,0.00220340384535998,0.003,0.00842,0.0644533333333333,0.929893333333333,1.00776806563276,0.309815454616758,0,"4: Chr + Passive NC (Reg)","Bimodal"
2025.5,0.00566666666666667,0.00219864116865526,0.003,0.00842,0.0635266666666667,0.930806666666667,1.0063517322836,0.307360157317044,0,"4: Chr + Passive NC (Reg)","Bimodal"
2026,0.00560666666666667,0.00217222805263252,0.00298,0.00842,0.0625333333333333,0.93186,1.00796846662859,0.305160980395304,0,"4: Chr + Passive NC (Reg)","Bimodal"
2026.5,0.00555333333333333,0.00218185832425628,0.00278,0.0084,0.0615333333333333,0.932913333333333,1.00908743827247,0.30093352136026,0,"4: Chr + Passive NC (Reg)","Bimodal"
2027,0.00553333333333333,0.00218605822765832,0.00278,0.00822,0.06066,0.933806666666667,1.00916338414973,0.294111100946163,0,"4: Chr + Passive NC (Reg)","Bimodal"
2027.5,0.00551333333333333,0.00216408511103794,0.00278,0.00822,0.0597466666666667,0.93474,1.00928281145949,0.289649907748455,0,"4: Chr + Passive NC (Reg)","Bimodal"
2028,0.00546666666666667,0.00216831944035059,0.00276,0.00822,0.0587666666666667,0.935766666666667,1.010914180007,0.282612916532409,0,"4: Chr + Passive NC (Reg)","Bimodal"
2028.5,0.00544,0.00218988269249669,0.00274,0.00822,0.0579133333333333,0.936646666666667,1.01029507354944,0.273693035901161,0,"4: Chr + Passive NC (Reg)","Bimodal"
2029,0.00538666666666667,0.00216870107848364,0.00274,0.00804,0.05702,0.937593333333333,1.01213299647032,0.270756019165484,0,"4: Chr + Passive NC (Reg)","Bimodal"
2029.5,0.00538,0.0021936271333114,0.00274,0.00822,0.0560666666666667,0.938553333333333,1.01343506662696,0.263775704659144,0,"4: Chr + Passive NC (Reg)","Bimodal"
2030,0.00536,0.0021848380355027,0.00256,0.0082,0.05516,0.93948,1.01368643731995,0.257472957494995,0,"4: Chr + Passive NC (Reg)","Bimodal"
2030.5,0.00531333333333333,0.00218564806665308,0.00238,0.0082,0.0544466666666667,0.94024,1.01420324381294,0.255364348253075,0,"4: Chr + Passive NC (Reg)","Bimodal"
2031,0.00532,0.00219441296839544,0.00238,0.0082,0.0534933333333333,0.941186666666667,1.01632936281341,0.253718531888056,0,"4: Chr + Passive NC (Reg)","Bimodal"
2031.5,0.00529333333333333,0.00215325468700905,0.00238,0.0082,0.0526666666666667,0.94204,1.0188179520182,0.253144827616464,0,"4: Chr + Passive NC (Reg)","Bimodal"
2032,0.00524,0.00213954555277839,0.0022,0.00802,0.0518333333333333,0.942926666666667,1.0206193418086,0.253821880457008,0,"4: Chr + Passive NC (Reg)","Bimodal"
2032.5,0.00522,0.00213305673494231,0.0022,0.00802,0.0511933333333333,0.943586666666667,1.02335287856504,0.250353861172827,0,"4: Chr + Passive NC (Reg)","Bimodal"
2033,0.00516,0.00211555813129693,0.0022,0.0078,0.0505066666666667,0.944333333333333,1.02720123993135,0.237648667615606,0,"4: Chr + Passive NC (Reg)","Bimodal"
2033.5,0.00513333333333333,0.0021233242209155,0.0022,0.00762,0.04952,0.945346666666667,1.02703861356282,0.239312024491634,0,"4: Chr + Passive NC (Reg)","Bimodal"
2034,0.00507333333333333,0.00209793549312969,0.0022,0.0076,0.0487666666666667,0.94616,1.02821110346255,0.236273925650244,0,"4: Chr + Passive NC (Reg)","Bimodal"
2034.5,0.00502,0.00208994307792474,0.0022,0.00742,0.0481333333333333,0.946846666666667,1.02849325626941,0.233125962693022,0,"4: Chr + Passive NC (Reg)","Bimodal"
2035,0.00498666666666667,0.00206510137236914,0.0022,0.00742,0.04742,0.947593333333333,1.02888048269602,0.234917693712462,0,"4: Chr + Passive NC (Reg)","Bimodal"
2035.5,0.00494666666666667,0.00206108999173325,0.0022,0.0074,0.0465933333333333,0.94846,1.02805652060915,0.237686540929265,0,"4: Chr + Passive NC (Reg)","Bimodal"
2036,0.00490666666666667,0.0020482007803879,0.00218,0.0074,0.0457733333333333,0.94932,1.02753868680226,0.23542118246629,0,"4: Chr + Passive NC (Reg)","Bimodal"
2036.5,0.0049,0.00202654793965604,0.00218,0.00724,0.0450666666666667,0.950033333333333,1.02645587505775,0.234405611685749,0,"4: Chr + Passive NC (Reg)","Bimodal"
2037,0.00486,0.00199596143974915,0.00218,0.00726,0.0444533333333333,0.950686666666667,1.02573419066491,0.237888544076098,0,"4: Chr + Passive NC (Reg)","Bimodal"
2037.5,0.00484,0.00199613419492226,0.00218,0.00726,0.04378,0.95138,1.02439999757106,0.235409405323633,0,"4: Chr + Passive NC (Reg)","Bimodal"
2038,0.0048,0.00197012164861585,0.00218,0.00726,0.0431133333333333,0.952086666666667,1.02510615195919,0.234375868093667,0,"4: Chr + Passive NC (Reg)","Bimodal"
2038.5,0.00476666666666667,0.0019631665717676,0.002,0.00724,0.0424,0.952833333333333,1.02678119690255,0.229698493998657,0,"4: Chr + Passive NC (Reg)","Bimodal"
2039,0.00472,0.00196984158298807,0.00198,0.00704,0.04166,0.95362,1.02670747411253,0.22350170484144,0,"4: Chr + Passive NC (Reg)","Bimodal"
2039.5,0.00467333333333333,0.00199273392748433,0.0018,0.00704,0.0411133333333333,0.954213333333333,1.0278480415631,0.22074054873351,0,"4: Chr + Passive NC (Reg)","Bimodal"
2040,0.00464666666666667,0.00199632996604603,0.0018,0.00684,0.0404733333333333,0.95488,1.02749811546288,0.221092597469885,0,"4: Chr + Passive NC (Reg)","Bimodal"
2040.5,0.00462,0.00200918580181299,0.0018,0.0072,0.0397933333333333,0.955586666666667,1.02964236285147,0.218656760894578,0,"4: Chr + Passive NC (Reg)","Bimodal"
2041,0.00457333333333333,0.00199429070155252,0.0018,0.00664,0.03922,0.956206666666667,1.0308900199539,0.216600305693379,0,"4: Chr + Passive NC (Reg)","Bimodal"
2041.5,0.00453333333333333,0.00198152385340404,0.0018,0.00664,0.0386666666666667,0.9568,1.03288082892096,0.215568988075595,0,"4: Chr + Passive NC (Reg)","Bimodal"
2042,0.00444666666666667,0.00190004234677552,0.0018,0.0066,0.0380866666666667,0.957466666666667,1.03490029988997,0.214164933776146,0,"4: Chr + Passive NC (Reg)","Bimodal"
2042.5,0.00438666666666667,0.00185541766528285,0.0018,0.0064,0.0375,0.958113333333333,1.03465939332109,0.212510388298812,0,"4: Chr + Passive NC (Reg)","Bimodal"
2043,0.00436,0.00183257873707686,0.0018,0.0064,0.0369066666666667,0.958733333333333,1.03626002225443,0.2100671249695,0,"4: Chr + Passive NC (Reg)","Bimodal"
2043.5,0.00432,0.00184023986442547,0.00178,0.00622,0.03638,0.9593,1.03437933798059,0.207350289539172,0,"4: Chr + Passive NC (Reg)","Bimodal"
2044,0.00429333333333333,0.00180706149988533,0.00178,0.0062,0.0358266666666667,0.95988,1.03309020597162,0.205613379744467,0,"4: Chr + Passive NC (Reg)","Bimodal"
2044.5,0.00422666666666667,0.00178941973513923,0.00178,0.00602,0.0351933333333333,0.96058,1.03561583781374,0.197127546045955,0,"4: Chr + Passive NC (Reg)","Bimodal"
2045,0.0042,0.00176166065854411,0.00178,0.00602,0.03456,0.96124,1.03406323977053,0.196375041361267,0,"4: Chr + Passive NC (Reg)","Bimodal"
2045.5,0.00418,0.00174936441660077,0.00178,0.0062,0.0339933333333333,0.961826666666667,1.0349602021746,0.196401071227569,0,"4: Chr + Passive NC (Reg)","Bimodal"
2046,0.00412,0.00174007530554442,0.0016,0.00584,0.0334733333333333,0.962406666666667,1.03733041416222,0.194377159614114,0,"4: Chr + Passive NC (Reg)","Bimodal"
2046.5,0.00410666666666667,0.00172825072680808,0.0016,0.00582,0.0330933333333333,0.9628,1.03672475579787,0.193959589843325,0,"4: Chr + Passive NC (Reg)","Bimodal"
2047,0.00404666666666667,0.00169272955114907,0.0016,0.0058,0.0326066666666667,0.963346666666667,1.03803245275615,0.187466959263899,0,"4: Chr + Passive NC (Reg)","Bimodal"
2047.5,0.00400666666666667,0.00168603459148327,0.0016,0.00562,0.0320933333333333,0.9639,1.04111089401478,0.179898750361357,0,"4: Chr + Passive NC (Reg)","Bimodal"
2048,0.00397333333333333,0.00169032405245233,0.0016,0.00562,0.0316933333333333,0.964333333333333,1.04248605471888,0.179474844936349,0,"4: Chr + Passive NC (Reg)","Bimodal"
2048.5,0.00394666666666667,0.00167326509912626,0.0016,0.00562,0.03124,0.964813333333333,1.04186204110483,0.175383362076751,0,"4: Chr + Passive NC (Reg)","Bimodal"
2049,0.00387333333333333,0.00163874075569256,0.00158,0.00562,0.0307,0.965426666666667,1.045632220539,0.165880221601718,0,"4: Chr + Passive NC (Reg)","Bimodal"
2049.5,0.00382666666666667,0.00161521501362199,0.00158,0.0056,0.03022,0.965953333333333,1.04593330398872,0.161738414019653,0,"4: Chr + Passive NC (Reg)","Bimodal"
2050,0.00376666666666667,0.0015922946645802,0.00158,0.00542,0.0298466666666667,0.966386666666667,1.0481108751148,0.16002022966989,0,"4: Chr + Passive NC (Reg)","Bimodal"
2050.5,0.00374,0.00159840437678459,0.0014,0.00544,0.0293666666666667,0.966893333333333,1.0500970161916,0.160082199646903,0,"4: Chr + Passive NC (Reg)","Bimodal"
2051,0.00370666666666667,0.00160149355577705,0.0014,0.00544,0.0289066666666667,0.967386666666667,1.05355205351823,0.157390349960168,0,"4: Chr + Passive NC (Reg)","Bimodal"
2051.5,0.00368,0.00159014204527078,0.0014,0.00544,0.02858,0.96774,1.05240642829774,0.158784913055498,0,"4: Chr + Passive NC (Reg)","Bimodal"
2052,0.00363333333333333,0.00153765009546774,0.0014,0.00544,0.0281,0.968266666666667,1.05156511994397,0.158942376097434,0,"4: Chr + Passive NC (Reg)","Bimodal"
2052.5,0.00360666666666667,0.00154427381289569,0.0014,0.00526,0.0277133333333333,0.96868,1.05153910312651,0.148971716813405,0,"4: Chr + Passive NC (Reg)","Bimodal"
2053,0.00359333333333333,0.00155317990461245,0.0014,0.00526,0.0273333333333333,0.969073333333333,1.05474754400977,0.144782076044817,0,"4: Chr + Passive NC (Reg)","Bimodal"
2053.5,0.00355333333333333,0.00153009653365363,0.0014,0.00508,0.02692,0.969526666666667,1.05445490940201,0.140937505918783,0,"4: Chr + Passive NC (Reg)","Bimodal"
2054,0.0035,0.00150836746643287,0.0014,0.00508,0.0265666666666667,0.969933333333333,1.05341261337847,0.136232910788491,0,"4: Chr + Passive NC (Reg)","Bimodal"
2054.5,0.00347333333333333,0.00148786663597138,0.0014,0.00506,0.0261733333333333,0.970353333333333,1.05230837449935,0.135447548022905,0,"4: Chr + Passive NC (Reg)","Bimodal"
2055,0.00343333333333333,0.00149027498812464,0.0014,0.00506,0.0258,0.970766666666667,1.05404059334958,0.135881051612173,0,"4: Chr + Passive NC (Reg)","Bimodal"
2055.5,0.00340666666666667,0.00148229396622224,0.0014,0.00504,0.0253666666666667,0.971226666666667,1.05417937331735,0.135220902030455,0,"4: Chr + Passive NC (Reg)","Bimodal"
2056,0.00334,0.00147264715908883,0.00138,0.00504,0.02496,0.9717,1.05505421505042,0.134349170562748,0,"4: Chr + Passive NC (Reg)","Bimodal"
2056.5,0.00331333333333333,0.00149729257577511,0.0012,0.00504,0.0245933333333333,0.972093333333333,1.05736915269429,0.136305569856609,0,"4: Chr + Passive NC (Reg)","Bimodal"
2057,0.0033,0.00147788292196455,0.0012,0.00504,0.0242,0.9725,1.0579928037755,0.137352886737259,0,"4: Chr + Passive NC (Reg)","Bimodal"
2057.5,0.00326666666666667,0.00145396801495279,0.0012,0.00504,0.0238533333333333,0.97288,1.06471429508262,0.128569065925574,0,"4: Chr + Passive NC (Reg)","Bimodal"
2058,0.00324,0.00143011935841396,0.0012,0.00502,0.0235666666666667,0.973193333333333,1.06552199643782,0.124633874919445,0,"4: Chr + Passive NC (Reg)","Bimodal"
2058.5,0.00322,0.0014242723490042,0.0012,0.00502,0.0232266666666667,0.973553333333333,1.06545336770895,0.122553868731887,0,"4: Chr + Passive NC (Reg)","Bimodal"
2059,0.00321333333333333,0.00141901698206973,0.0012,0.00502,0.02278,0.974006666666667,1.06477381030485,0.124550020728039,0,"4: Chr + Passive NC (Reg)","Bimodal"
2059.5,0.00318666666666667,0.00138656940419284,0.0012,0.00502,0.0224466666666667,0.974366666666667,1.06377960487506,0.122475910913991,0,"4: Chr + Passive NC (Reg)","Bimodal"
2060,0.00314666666666667,0.00135232452066632,0.0012,0.00484,0.0221533333333333,0.9747,1.06420163041139,0.121520867906317,0,"4: Chr + Passive NC (Reg)","Bimodal"
2060.5,0.00310666666666667,0.00133776275751805,0.0012,0.00484,0.02186,0.975033333333333,1.06359086888926,0.116567588614802,0,"4: Chr + Passive NC (Reg)","Bimodal"
2061,0.00308666666666667,0.00133151024788767,0.0012,0.00482,0.0216133333333333,0.9753,1.06385200163504,0.114771860922016,0,"4: Chr + Passive NC (Reg)","Bimodal"
2061.5,0.00305333333333333,0.00132658060137861,0.0012,0.00462,0.02128,0.975666666666667,1.06654129886486,0.112519740172183,0,"4: Chr + Passive NC (Reg)","Bimodal"
2062,0.00301333333333333,0.0013024468573005,0.0012,0.00462,0.0208933333333333,0.976093333333333,1.06752328186471,0.108703058584631,0,"4: Chr + Passive NC (Reg)","Bimodal"
2062.5,0.00299333333333333,0.00131147017617196,0.00118,0.00444,0.0205333333333333,0.976473333333333,1.06483903088212,0.103697932900719,0,"4: Chr + Passive NC (Reg)","Bimodal"
2063,0.00298,0.00128476483827009,0.0012,0.00426,0.02026,0.97676,1.06409626815278,0.109137724036518,0,"4: Chr + Passive NC (Reg)","Bimodal"
2063.5,0.00295333333333333,0.00128619549469539,0.0012,0.00426,0.0199333333333333,0.977113333333333,1.06279833568637,0.106641109261425,0,"4: Chr + Passive NC (Reg)","Bimodal"
2064,0.00293333333333333,0.00129437332282869,0.0012,0.00426,0.0195866666666667,0.97748,1.06388784888101,0.107204601324917,0,"4: Chr + Passive NC (Reg)","Bimodal"
2064.5,0.00289333333333333,0.00129479950074382,0.0012,0.00426,0.0193,0.977806666666667,1.06557650946284,0.106145110277036,0,"4: Chr + Passive NC (Reg)","Bimodal"
2065,0.00287333333333333,0.00127952936750152,0.0012,0.00426,0.01908,0.978046666666667,1.06785298160544,0.106963823727329,0,"4: Chr + Passive NC (Reg)","Bimodal"
2065.5,0.00284,0.00124224490894232,0.0012,0.00426,0.0187533333333333,0.978406666666667,1.06942633042753,0.103274571862033,0,"4: Chr + Passive NC (Reg)","Bimodal"
2066,0.00284,0.00125219806739988,0.0012,0.00444,0.0185466666666667,0.978613333333333,1.07109216734819,0.100575567220304,0,"4: Chr + Passive NC (Reg)","Bimodal"
2066.5,0.00284,0.00124335475005437,0.0012,0.00444,0.01828,0.97888,1.07100094135944,0.0985822023979919,0,"4: Chr + Passive NC (Reg)","Bimodal"
2067,0.0028,0.00122839957556219,0.0012,0.00444,0.01798,0.97922,1.07206745323274,0.0985082996925102,0,"4: Chr + Passive NC (Reg)","Bimodal"
2067.5,0.00279333333333333,0.00121653360947756,0.0012,0.00444,0.01772,0.979486666666667,1.07401917139994,0.0960638552480658,0,"4: Chr + Passive NC (Reg)","Bimodal"
2068,0.00278,0.00122654547127428,0.00118,0.00444,0.0174066666666667,0.979813333333333,1.0723734821091,0.0950412667254772,0,"4: Chr + Passive NC (Reg)","Bimodal"
2068.5,0.00275333333333333,0.00121221749878799,0.00118,0.00442,0.0170666666666667,0.98018,1.07206960976608,0.0947502039235449,0,"4: Chr + Passive NC (Reg)","Bimodal"
2069,0.00272666666666667,0.00119479715009915,0.00118,0.00442,0.01682,0.980453333333333,1.07276736843786,0.0912567923008426,0,"4: Chr + Passive NC (Reg)","Bimodal"
2069.5,0.0027,0.00118117416742541,0.00118,0.0044,0.01658,0.98072,1.07506769682427,0.0885976799769033,0,"4: Chr + Passive NC (Reg)","Bimodal"
2070,0.00266666666666667,0.00116421746201067,0.00118,0.00422,0.01638,0.980953333333333,1.07745423735226,0.08979059324412,0,"4: Chr + Passive NC (Reg)","Bimodal"
2070.5,0.00262,0.00114029639220203,0.00118,0.00386,0.0161,0.98128,1.07594579164285,0.0920523734315968,0,"4: Chr + Passive NC (Reg)","Bimodal"
2071,0.00262666666666667,0.00115278772557218,0.00118,0.00386,0.01586,0.981513333333333,1.07505592815927,0.0932601029001958,0,"4: Chr + Passive NC (Reg)","Bimodal"
2071.5,0.00256666666666667,0.00113269082531251,0.00118,0.00386,0.0155933333333333,0.98184,1.07465942702012,0.091885487177754,0,"4: Chr + Passive NC (Reg)","Bimodal"
2072,0.00253333333333333,0.00111952370824978,0.00118,0.00386,0.01532,0.982146666666667,1.07509526607862,0.0873451532576247,0,"4: Chr + Passive NC (Reg)","Bimodal"
2072.5,0.0025,0.00112249721603218,0.00118,0.00386,0.0150666666666667,0.982433333333333,1.07970325908028,0.0876719506432456,0,"4: Chr + Passive NC (Reg)","Bimodal"
2073,0.00248,0.00110247370756044,0.00118,0.00386,0.0148866666666667,0.982633333333333,1.07984735538504,0.085656267051475,0,"4: Chr + Passive NC (Reg)","Bimodal"
2073.5,0.00245333333333333,0.00110163932183011,0.00118,0.00386,0.0146666666666667,0.98288,1.07808342638359,0.0863961217386981,0,"4: Chr + Passive NC (Reg)","Bimodal"
2074,0.00244,0.00108837113345491,0.00118,0.00386,0.0144133333333333,0.983146666666667,1.07794708927066,0.0853067971199617,0,"4: Chr + Passive NC (Reg)","Bimodal"
2074.5,0.00242,0.00106525049668595,0.00118,0.00382,0.01426,0.98332,1.07951862571338,0.0777038445170092,0,"4: Chr + Passive NC (Reg)","Bimodal"
2075,0.00242,0.00106525049668595,0.00118,0.00382,0.0140733333333333,0.983506666666667,1.07973812606506,0.0777038445170092,0,"4: Chr + Passive NC (Reg)","Bimodal"
2075.5,0.0024,0.00107125450145918,0.001,0.00382,0.01392,0.98368,1.07966280062301,0.0783448701580348,0,"4: Chr + Passive NC (Reg)","Bimodal"
2076,0.00238,0.00107299130696739,0.001,0.00364,0.0136866666666667,0.983933333333333,1.08031801402859,0.0733847425663282,0,"4: Chr + Passive NC (Reg)","Bimodal"
2076.5,0.00236,0.00105359810436297,0.001,0.00364,0.0134866666666667,0.984153333333333,1.08197367987549,0.0652365590504977,0,"4: Chr + Passive NC (Reg)","Bimodal"
2077,0.00236666666666667,0.00105318346089314,0.001,0.00364,0.01328,0.984353333333333,1.0807236975856,0.0677618115757502,0,"4: Chr + Passive NC (Reg)","Bimodal"
2077.5,0.00234,0.00101865360766739,0.001,0.00344,0.0130466666666667,0.984613333333333,1.08008390168788,0.0684227777165925,0,"4: Chr + Passive NC (Reg)","Bimodal"
2078,0.00232,0.0010179086064252,0.001,0.00344,0.0128733333333333,0.984806666666667,1.07876790100461,0.0661500504438652,0,"4: Chr + Passive NC (Reg)","Bimodal"
2078.5,0.0023,0.00101403937895378,0.001,0.00344,0.01268,0.98502,1.07980781254385,0.0613446434325759,0,"4: Chr + Passive NC (Reg)","Bimodal"
2079,0.00230666666666667,0.00101401670847056,0.001,0.00344,0.0125466666666667,0.985146666666667,1.07797819019704,0.0638698959578284,0,"4: Chr + Passive NC (Reg)","Bimodal"
2079.5,0.00228666666666667,0.00101394869397963,0.00098,0.00344,0.0123733333333333,0.98534,1.08087759809734,0.0612614727258354,0,"4: Chr + Passive NC (Reg)","Bimodal"
1980,0.00497333333333333,0.000187420481222329,0.0048,0.0052,0.31832,0.676706666666667,0.344561581198545,0.0209947768281102,0,"5: Chr + Active NC (Reg)","Bimodal"
1980.5,0.005,0.000352332131708822,0.0046,0.00542,0.312086666666667,0.682913333333333,0.376872878427053,0.0392248887766129,0,"5: Chr + Active NC (Reg)","Bimodal"
1981,0.00501333333333333,0.000432899871622266,0.00458,0.00542,0.306173333333333,0.688813333333333,0.411753068977861,0.0550984620632297,0,"5: Chr + Active NC (Reg)","Bimodal"
1981.5,0.00499333333333333,0.000482760262722987,0.00438,0.00544,0.299953333333333,0.695053333333333,0.451339055555721,0.0799889023935952,0,"5: Chr + Active NC (Reg)","Bimodal"
1982,0.00495333333333333,0.00056000821012044,0.004,0.00542,0.294526666666667,0.70052,0.49240301537404,0.100076097904904,0,"5: Chr + Active NC (Reg)","Bimodal"
1982.5,0.0049,0.000616441400296897,0.00398,0.00562,0.288873333333333,0.706226666666667,0.52704841182068,0.110383071879369,0,"5: Chr + Active NC (Reg)","Bimodal"
1983,0.00480666666666667,0.000661207533455912,0.0038,0.0056,0.284053333333333,0.71114,0.562573116877526,0.122181038798039,0,"5: Chr + Active NC (Reg)","Bimodal"
1983.5,0.00476,0.000701525431495169,0.00378,0.00562,0.27948,0.71576,0.589525447377108,0.132192619193413,0,"5: Chr + Active NC (Reg)","Bimodal"
1984,0.00475333333333333,0.000719546472742923,0.0036,0.00564,0.274946666666667,0.7203,0.613214508763519,0.145853218651846,0,"5: Chr + Active NC (Reg)","Bimodal"
1984.5,0.00474,0.00079853313795596,0.00358,0.0056,0.270813333333333,0.724446666666667,0.646006806363609,0.163828244197324,0,"5: Chr + Active NC (Reg)","Bimodal"
1985,0.00464666666666667,0.00077135498037358,0.00358,0.0054,0.266853333333333,0.7285,0.667143947425079,0.170849151719349,0,"5: Chr + Active NC (Reg)","Bimodal"
1985.5,0.00463333333333333,0.000757643048213172,0.0034,0.0054,0.263013333333333,0.732353333333333,0.685150532650174,0.181166917749384,0,"5: Chr + Active NC (Reg)","Bimodal"
1986,0.00466,0.000773973179611943,0.00374,0.00542,0.259133333333333,0.736206666666667,0.702283475166071,0.200286718726422,0,"5: Chr + Active NC (Reg)","Bimodal"
1986.5,0.00466666666666667,0.000739679955644067,0.0036,0.0056,0.255553333333333,0.73978,0.719205555925086,0.214185234887653,0,"5: Chr + Active NC (Reg)","Bimodal"
1987,0.00462,0.000793681947938063,0.00356,0.0056,0.2518,0.74358,0.743249448071698,0.224011738295679,0,"5: Chr + Active NC (Reg)","Bimodal"
1987.5,0.00464666666666667,0.000780244582932431,0.00358,0.00542,0.247793333333333,0.74756,0.761554468540427,0.239733062261346,0,"5: Chr + Active NC (Reg)","Bimodal"
1988,0.00463333333333333,0.000779183185638402,0.0038,0.0056,0.244386666666667,0.75098,0.784301617278084,0.248102622975239,0,"5: Chr + Active NC (Reg)","Bimodal"
1988.5,0.00468,0.000818071744598446,0.0038,0.00562,0.241193333333333,0.754126666666667,0.794557827208726,0.251941651205073,0,"5: Chr + Active NC (Reg)","Bimodal"
1989,0.00468,0.000889168538385818,0.0038,0.00582,0.238593333333333,0.756726666666667,0.816490632629724,0.265370943245592,0,"5: Chr + Active NC (Reg)","Bimodal"
1989.5,0.00475333333333333,0.000972282537811584,0.00378,0.006,0.235793333333333,0.759453333333333,0.834914982022565,0.278132855055473,0,"5: Chr + Active NC (Reg)","Bimodal"
1990,0.00478,0.00104300626506532,0.00378,0.006,0.233,0.76222,0.846092373205521,0.28682677410309,0,"5: Chr + Active NC (Reg)","Bimodal"
1990.5,0.00482666666666667,0.00106833203328054,0.00358,0.0062,0.230366666666667,0.764806666666667,0.854412405137428,0.297242678358012,0,"5: Chr + Active NC (Reg)","Bimodal"
1991,0.00480666666666667,0.00107444719814852,0.0034,0.00624,0.22744,0.767753333333333,0.865658071812078,0.303439860662128,0,"5: Chr + Active NC (Reg)","Bimodal"
1991.5,0.00488,0.00116334831858082,0.0036,0.0066,0.22498,0.77014,0.874507648278541,0.30813669298913,0,"5: Chr + Active NC (Reg)","Bimodal"
1992,0.00496,0.00119007388933165,0.0036,0.00642,0.223013333333333,0.772026666666667,0.87998250930792,0.314858299820331,0,"5: Chr + Active NC (Reg)","Bimodal"
1992.5,0.00492666666666667,0.00125558980050271,0.00376,0.00642,0.220526666666667,0.774546666666667,0.893720498210101,0.323779129458015,0,"5: Chr + Active NC (Reg)","Bimodal"
1993,0.00492666666666667,0.00128919470542884,0.00376,0.00642,0.218113333333333,0.77696,0.896458059462082,0.323723223735809,0,"5: Chr + Active NC (Reg)","Bimodal"
1993.5,0.00499333333333333,0.00135797347323981,0.00376,0.00662,0.216013333333333,0.778993333333333,0.904901881623013,0.328882266274345,0,"5: Chr + Active NC (Reg)","Bimodal"
1994,0.00500666666666667,0.001396037084117,0.00376,0.00682,0.2139,0.781093333333333,0.905200941889907,0.325210698932353,0,"5: Chr + Active NC (Reg)","Bimodal"
1994.5,0.00501333333333333,0.00148642903105658,0.00374,0.007,0.21204,0.782946666666667,0.911352634106432,0.325547648326785,0,"5: Chr + Active NC (Reg)","Bimodal"
1995,0.00504666666666667,0.00147127280888383,0.00374,0.00702,0.21004,0.784913333333333,0.916476345988804,0.327867814731648,0,"5: Chr + Active NC (Reg)","Bimodal"
1995.5,0.00507333333333333,0.00152630573457689,0.00376,0.00704,0.20838,0.786546666666667,0.92372221640567,0.325912920105644,0,"5: Chr + Active NC (Reg)","Bimodal"
1996,0.00507333333333333,0.00155495500175126,0.00358,0.0072,0.2063,0.788626666666667,0.927561264685688,0.332512022258559,0,"5: Chr + Active NC (Reg)","Bimodal"
1996.5,0.00511333333333333,0.00157802437228968,0.00358,0.0072,0.204673333333333,0.790213333333333,0.932355112680413,0.337105645016745,0,"5: Chr + Active NC (Reg)","Bimodal"
1997,0.00512666666666667,0.00162521793410402,0.00358,0.00724,0.203126666666667,0.791746666666667,0.937436764669176,0.335818399555879,0,"5: Chr + Active NC (Reg)","Bimodal"
1997.5,0.00516,0.00166952398749691,0.00356,0.00744,0.20114,0.7937,0.943701259413656,0.33718656520934,0,"5: Chr + Active NC (Reg)","Bimodal"
1998,0.00515333333333333,0.00168128303497007,0.00338,0.00742,0.19938,0.795466666666667,0.954343608508417,0.339205807112928,0,"5: Chr + Active NC (Reg)","Bimodal"
1998.5,0.00516666666666667,0.00167585970389124,0.00338,0.00724,0.197986666666667,0.796846666666667,0.96267841182817,0.344041870868496,0,"5: Chr + Active NC (Reg)","Bimodal"
1999,0.00517333333333333,0.00170898908076117,0.00338,0.00742,0.19648,0.798346666666667,0.97023593167436,0.348095190020878,0,"5: Chr + Active NC (Reg)","Bimodal"
1999.5,0.00523333333333333,0.00172693336599149,0.00338,0.00742,0.194633333333333,0.800133333333333,0.972945196986716,0.353150546039602,0,"5: Chr + Active NC (Reg)","Bimodal"
2000,0.00523333333333333,0.00175859139033515,0.00338,0.00742,0.193173333333333,0.801593333333333,0.974369224224826,0.352372656671299,0,"5: Chr + Active NC (Reg)","Bimodal"
2000.5,0.00525333333333333,0.00176708084496541,0.00338,0.00742,0.191533333333333,0.803213333333333,0.976286520348145,0.356799344608432,0,"5: Chr + Active NC (Reg)","Bimodal"
2001,0.00528666666666667,0.00175749298979979,0.00338,0.0076,0.190006666666667,0.804706666666667,0.981547494220436,0.361875412921224,0,"5: Chr + Active NC (Reg)","Bimodal"
2001.5,0.00528,0.00176838129762591,0.00338,0.0076,0.188166666666667,0.806553333333333,0.984108495581815,0.358956632224452,0,"5: Chr + Active NC (Reg)","Bimodal"
2002,0.00526,0.00180890517469393,0.00336,0.0076,0.186606666666667,0.808133333333333,0.983430992528523,0.349023718997906,0,"5: Chr + Active NC (Reg)","Bimodal"
2002.5,0.00530666666666667,0.00188842816107477,0.00336,0.0076,0.185126666666667,0.809566666666667,0.986568108934313,0.345846076139595,0,"5: Chr + Active NC (Reg)","Bimodal"
2003,0.00528666666666667,0.00185225553709866,0.00336,0.00742,0.183753333333333,0.81096,0.987854453880439,0.345284396500414,0,"5: Chr + Active NC (Reg)","Bimodal"
2003.5,0.0053,0.00189281764063252,0.00336,0.0076,0.182366666666667,0.812333333333333,0.989988316408524,0.338164921662675,0,"5: Chr + Active NC (Reg)","Bimodal"
2004,0.00532,0.00189852937641308,0.00336,0.0076,0.181,0.81368,0.994216138264109,0.342541664743941,0,"5: Chr + Active NC (Reg)","Bimodal"
2004.5,0.00532666666666667,0.00190279890639051,0.00352,0.0076,0.179426666666667,0.815246666666667,0.998349548178598,0.349229746996455,0,"5: Chr + Active NC (Reg)","Bimodal"
2005,0.00532,0.00192091932013886,0.00352,0.0076,0.17774,0.81694,1.00101348008832,0.347850801156953,0,"5: Chr + Active NC (Reg)","Bimodal"
2005.5,0.00531333333333333,0.00193813513875889,0.00352,0.00762,0.17624,0.818446666666667,1.00125500513015,0.345955537685135,0,"5: Chr + Active NC (Reg)","Bimodal"
2006,0.0053,0.00199982757877463,0.00334,0.00746,0.174326666666667,0.820373333333333,1.00639646516153,0.344064856442093,0,"5: Chr + Active NC (Reg)","Bimodal"
2006.5,0.00529333333333333,0.00199705530345493,0.00316,0.00746,0.17266,0.822046666666667,1.00597646182013,0.34278314959191,0,"5: Chr + Active NC (Reg)","Bimodal"
2007,0.00528,0.00202031066235215,0.00316,0.00746,0.17136,0.82336,1.00876167734062,0.341583620692909,0,"5: Chr + Active NC (Reg)","Bimodal"
2007.5,0.00528,0.00201141569633139,0.00316,0.00746,0.169733333333333,0.824986666666667,1.01096913784701,0.341382968017267,0,"5: Chr + Active NC (Reg)","Bimodal"
2008,0.00528666666666667,0.002031940355718,0.00316,0.00748,0.16824,0.826473333333333,1.00972370963911,0.341409560868188,0,"5: Chr + Active NC (Reg)","Bimodal"
2008.5,0.00527333333333333,0.00205274136861826,0.00298,0.00746,0.166986666666667,0.82774,1.0145718564829,0.346483915022238,0,"5: Chr + Active NC (Reg)","Bimodal"
2009,0.00529333333333333,0.00207562758823867,0.00298,0.00764,0.16544,0.829266666666667,1.01561119756468,0.347484922147767,0,"5: Chr + Active NC (Reg)","Bimodal"
2009.5,0.00530666666666667,0.0020822622534047,0.003,0.00764,0.164053333333333,0.83064,1.01584516962006,0.345294574437376,0,"5: Chr + Active NC (Reg)","Bimodal"
2010,0.00532,0.00210392080616659,0.003,0.00766,0.162653333333333,0.832026666666667,1.01724370270322,0.343329994586957,0,"5: Chr + Active NC (Reg)","Bimodal"
2010.5,0.00529333333333333,0.0021000711536933,0.003,0.00764,0.161046666666667,0.83366,1.01572350027071,0.337617794703165,0,"5: Chr + Active NC (Reg)","Bimodal"
2011,0.00524,0.00207274597142751,0.00298,0.00762,0.1596,0.83516,1.01537214721375,0.32634308453835,0,"5: Chr + Active NC (Reg)","Bimodal"
2011.5,0.00523333333333333,0.00208646431393718,0.00298,0.00764,0.158133333333333,0.836633333333333,1.01711442912038,0.314110945518469,0,"5: Chr + Active NC (Reg)","Bimodal"
2012,0.00524,0.00210706529038163,0.00298,0.00784,0.15626,0.8385,1.01730650990906,0.314213787349995,0,"5: Chr + Active NC (Reg)","Bimodal"
2012.5,0.0052,0.0020831011364856,0.0028,0.00766,0.154646666666667,0.840153333333333,1.01812082174575,0.315176075592395,0,"5: Chr + Active NC (Reg)","Bimodal"
2013,0.00522666666666667,0.00211577544818122,0.00278,0.00762,0.152793333333333,0.84198,1.01670819573676,0.311374020520435,0,"5: Chr + Active NC (Reg)","Bimodal"
2013.5,0.00519333333333333,0.00208805029225555,0.00278,0.00762,0.15086,0.843946666666667,1.0181901986147,0.306669866379292,0,"5: Chr + Active NC (Reg)","Bimodal"
2014,0.00514666666666667,0.00207576048936177,0.00276,0.0078,0.1489,0.845953333333333,1.02124938281079,0.302798718593868,0,"5: Chr + Active NC (Reg)","Bimodal"
2014.5,0.00512666666666667,0.00205408480054162,0.00276,0.00762,0.14706,0.847813333333333,1.02034876955324,0.300987738343815,0,"5: Chr + Active NC (Reg)","Bimodal"
2015,0.00509333333333333,0.00205358111656171,0.00276,0.00762,0.145266666666667,0.84964,1.0207298496168,0.302191534014045,0,"5: Chr + Active NC (Reg)","Bimodal"
2015.5,0.00500666666666667,0.00199757324035308,0.00276,0.00744,0.143513333333333,0.85148,1.02344443621907,0.295174198343078,0,"5: Chr + Active NC (Reg)","Bimodal"
2016,0.00501333333333333,0.00197007497377609,0.00276,0.00742,0.141953333333333,0.853033333333333,1.0232940707914,0.295099220356721,0,"5: Chr + Active NC (Reg)","Bimodal"
2016.5,0.00497333333333333,0.0019727336771393,0.00258,0.0074,0.13996,0.855066666666667,1.02503550378628,0.291960623723636,0,"5: Chr + Active NC (Reg)","Bimodal"
2017,0.00489333333333333,0.00194527426190319,0.00258,0.00742,0.138353333333333,0.856753333333333,1.02824972969307,0.292091359471855,0,"5: Chr + Active NC (Reg)","Bimodal"
2017.5,0.00484666666666667,0.00197269871746424,0.00258,0.0076,0.13666,0.858493333333333,1.02953353760083,0.283656406805938,0,"5: Chr + Active NC (Reg)","Bimodal"
2018,0.00486666666666667,0.00200367478490851,0.00258,0.0076,0.13502,0.860113333333333,1.03041556867107,0.285631828417874,0,"5: Chr + Active NC (Reg)","Bimodal"
2018.5,0.00483333333333333,0.00200762912726521,0.00258,0.0076,0.1333,0.861866666666667,1.03419235084073,0.285268230236132,0,"5: Chr + Active NC (Reg)","Bimodal"
2019,0.00482666666666667,0.00202789738795925,0.00258,0.00724,0.131546666666667,0.863626666666667,1.03504500074128,0.283513319336221,0,"5: Chr + Active NC (Reg)","Bimodal"
2019.5,0.00478666666666667,0.00201780579587954,0.0024,0.00722,0.12964,0.865573333333333,1.03647562999459,0.281971492427066,0,"5: Chr + Active NC (Reg)","Bimodal"
2020,0.00478,0.00199056394712308,0.0024,0.00702,0.12804,0.86718,1.03567313602177,0.2810739244232,0,"5: Chr + Active NC (Reg)","Bimodal"
2020.5,0.00476666666666667,0.00202200537762055,0.00238,0.0072,0.126133333333333,0.8691,1.03337584569336,0.283525597891175,0,"5: Chr + Active NC (Reg)","Bimodal"
2021,0.00478666666666667,0.00204496578393656,0.00238,0.00724,0.12426,0.870953333333333,1.0331275585471,0.28467792833064,0,"5: Chr + Active NC (Reg)","Bimodal"
2021.5,0.00473333333333333,0.00200298627628561,0.00238,0.00724,0.122733333333333,0.872533333333333,1.03287134535595,0.286528028075995,0,"5: Chr + Active NC (Reg)","Bimodal"
2022,0.00471333333333333,0.00197060000198318,0.00238,0.0074,0.121213333333333,0.874073333333333,1.03073456765955,0.283310668271988,0,"5: Chr + Active NC (Reg)","Bimodal"
2022.5,0.00468,0.00199350670064518,0.00238,0.00724,0.119466666666667,0.875853333333333,1.03234084883288,0.280921521776225,0,"5: Chr + Active NC (Reg)","Bimodal"
2023,0.00465333333333333,0.00198054909372216,0.00238,0.00724,0.117993333333333,0.877353333333333,1.0323912440353,0.273480096347105,0,"5: Chr + Active NC (Reg)","Bimodal"
2023.5,0.00464,0.00197669176778465,0.00238,0.00724,0.116386666666667,0.878973333333333,1.03164544263977,0.274600663789803,0,"5: Chr + Active NC (Reg)","Bimodal"
2024,0.00458666666666667,0.00196024863541431,0.00236,0.00724,0.114853333333333,0.88056,1.03129313417767,0.272211087006894,0,"5: Chr + Active NC (Reg)","Bimodal"
2024.5,0.00455333333333333,0.00194311043456607,0.00236,0.00706,0.1132,0.882246666666667,1.03267503900543,0.267131554143859,0,"5: Chr + Active NC (Reg)","Bimodal"
2025,0.00454,0.00193633140509181,0.00236,0.00686,0.111826666666667,0.883633333333333,1.03250013387743,0.267751455366957,0,"5: Chr + Active NC (Reg)","Bimodal"
2025.5,0.00452,0.00195155110723187,0.00236,0.00668,0.1105,0.88498,1.03233452240185,0.257782756627701,0,"5: Chr + Active NC (Reg)","Bimodal"
2026,0.0045,0.00193462105351142,0.00236,0.00632,0.108986666666667,0.886513333333333,1.03088975821589,0.25655212758812,0,"5: Chr + Active NC (Reg)","Bimodal"
2026.5,0.00450666666666667,0.00191454205082255,0.00236,0.00668,0.107586666666667,0.887906666666667,1.0317501844107,0.260035432731353,0,"5: Chr + Active NC (Reg)","Bimodal"
2027,0.00448,0.0019579017621793,0.00216,0.00668,0.10636,0.88916,1.03401434857133,0.260416040514381,0,"5: Chr + Active NC (Reg)","Bimodal"
2027.5,0.00444,0.00196268640669733,0.00216,0.00668,0.104886666666667,0.890673333333333,1.03837524440641,0.25651184303323,0,"5: Chr + Active NC (Reg)","Bimodal"
2028,0.00438666666666667,0.00197776141884836,0.00216,0.0065,0.1036,0.892013333333333,1.04079034557472,0.249997984055798,0,"5: Chr + Active NC (Reg)","Bimodal"
2028.5,0.00438,0.00199886174505944,0.00198,0.0065,0.102033333333333,0.893586666666667,1.03928621527014,0.251507297399928,0,"5: Chr + Active NC (Reg)","Bimodal"
2029,0.00434,0.0019786097522564,0.00198,0.00668,0.100753333333333,0.894906666666667,1.03979002201856,0.251279949148404,0,"5: Chr + Active NC (Reg)","Bimodal"
2029.5,0.00435333333333333,0.00199218011464712,0.00198,0.00668,0.0992333333333333,0.896413333333333,1.04061121199105,0.250560137351006,0,"5: Chr + Active NC (Reg)","Bimodal"
2030,0.00433333333333333,0.00198361101118091,0.00198,0.00668,0.09778,0.897886666666667,1.04139084727567,0.248984316939626,0,"5: Chr + Active NC (Reg)","Bimodal"
2030.5,0.00432,0.0019844915964931,0.00198,0.00686,0.0965533333333333,0.899126666666667,1.04002398207789,0.247653711176106,0,"5: Chr + Active NC (Reg)","Bimodal"
2031,0.00429333333333333,0.00197901635847874,0.00216,0.00686,0.0952333333333333,0.900473333333333,1.04167095728446,0.246016715114145,0,"5: Chr + Active NC (Reg)","Bimodal"
2031.5,0.00424666666666667,0.00195796046829406,0.00216,0.00684,0.0939866666666667,0.901766666666667,1.04399112649654,0.24752027796561,0,"5: Chr + Active NC (Reg)","Bimodal"
2032,0.00424666666666667,0.00197967836700349,0.00216,0.00702,0.0927533333333333,0.903,1.04232904898781,0.240191734110696,0,"5: Chr + Active NC (Reg)","Bimodal"
2032.5,0.00422666666666667,0.00198319375535129,0.00198,0.00702,0.0915333333333333,0.90424,1.04139394262555,0.240444044436964,0,"5: Chr + Active NC (Reg)","Bimodal"
2033,0.00418,0.00199125675096806,0.0018,0.00702,0.0903466666666667,0.905473333333333,1.04318892221972,0.24445073716929,0,"5: Chr + Active NC (Reg)","Bimodal"
2033.5,0.00416666666666667,0.00196105765505168,0.0018,0.0072,0.0891533333333333,0.90668,1.04428025464274,0.244973620279447,0,"5: Chr + Active NC (Reg)","Bimodal"
2034,0.00414666666666667,0.00195672727000862,0.0018,0.007,0.0877866666666667,0.908066666666667,1.04568382113755,0.244435424194296,0,"5: Chr + Active NC (Reg)","Bimodal"
2034.5,0.00412666666666667,0.00196133897496395,0.0018,0.00682,0.08642,0.909453333333333,1.04686575402733,0.246645457249663,0,"5: Chr + Active NC (Reg)","Bimodal"
2035,0.00411333333333333,0.00197409662156247,0.0018,0.007,0.0851733333333333,0.910713333333333,1.04661967309187,0.244734647471207,0,"5: Chr + Active NC (Reg)","Bimodal"
2035.5,0.00410666666666667,0.00198736237143665,0.0018,0.007,0.0839466666666667,0.911946666666667,1.04801601391509,0.243693725832459,0,"5: Chr + Active NC (Reg)","Bimodal"
2036,0.00407333333333333,0.00194509698957419,0.0018,0.0068,0.0828133333333333,0.913113333333333,1.04780402967378,0.241794031157169,0,"5: Chr + Active NC (Reg)","Bimodal"
2036.5,0.00403333333333333,0.00190468267487107,0.0018,0.00644,0.0815733333333333,0.914393333333333,1.04695642400458,0.237941087105836,0,"5: Chr + Active NC (Reg)","Bimodal"
2037,0.00398,0.00192145777991607,0.0016,0.00644,0.0805133333333333,0.915506666666667,1.0478177858337,0.239108611796281,0,"5: Chr + Active NC (Reg)","Bimodal"
2037.5,0.00391333333333333,0.00189858991837651,0.0016,0.00642,0.0794666666666667,0.91662,1.0481527008093,0.239169833073188,0,"5: Chr + Active NC (Reg)","Bimodal"
2038,0.00388,0.00188321075788683,0.0016,0.00606,0.0781933333333333,0.917926666666667,1.0479792326519,0.238799971453327,0,"5: Chr + Active NC (Reg)","Bimodal"
2038.5,0.00384,0.00185576455105854,0.0016,0.00624,0.07714,0.91902,1.05057289526771,0.233356289343556,0,"5: Chr + Active NC (Reg)","Bimodal"
2039,0.00381333333333333,0.00186061416136481,0.0016,0.00624,0.0758466666666667,0.92034,1.05218322267525,0.230296941284208,0,"5: Chr + Active NC (Reg)","Bimodal"
2039.5,0.00379333333333333,0.00185061654839553,0.00158,0.00608,0.0747,0.921506666666667,1.05275808181866,0.231823687606969,0,"5: Chr + Active NC (Reg)","Bimodal"
2040,0.00379333333333333,0.00184987107348208,0.00158,0.0061,0.07354,0.922666666666667,1.05402213003213,0.22403281367755,0,"5: Chr + Active NC (Reg)","Bimodal"
2040.5,0.00376666666666667,0.00185552917135439,0.00158,0.0061,0.0724466666666667,0.923786666666667,1.057727053699,0.225334400979138,0,"5: Chr + Active NC (Reg)","Bimodal"
2041,0.00376,0.00183708915181712,0.00158,0.00608,0.0715533333333333,0.924686666666667,1.05704551157634,0.225621591572723,0,"5: Chr + Active NC (Reg)","Bimodal"
2041.5,0.00375333333333333,0.00184628860398243,0.00158,0.0061,0.0706266666666667,0.92562,1.05706441893711,0.222703764120582,0,"5: Chr + Active NC (Reg)","Bimodal"
2042,0.00371333333333333,0.0017824302149774,0.00158,0.00592,0.0696733333333333,0.926613333333333,1.05821794364914,0.219957520124338,0,"5: Chr + Active NC (Reg)","Bimodal"
2042.5,0.00368,0.00177538728169377,0.00158,0.00574,0.0687133333333333,0.927606666666667,1.05660815306379,0.222225363817469,0,"5: Chr + Active NC (Reg)","Bimodal"
2043,0.00365333333333333,0.00176082530284138,0.00158,0.00572,0.06774,0.928606666666667,1.0577716400677,0.220813795681443,0,"5: Chr + Active NC (Reg)","Bimodal"
2043.5,0.00362,0.00175330230294643,0.00158,0.00588,0.0668866666666667,0.929493333333333,1.0580717826508,0.216996755861681,0,"5: Chr + Active NC (Reg)","Bimodal"
2044,0.00358,0.00175251543354904,0.0014,0.00588,0.06588,0.93054,1.05903188264447,0.217736445022422,0,"5: Chr + Active NC (Reg)","Bimodal"
2044.5,0.00356666666666667,0.00174520690075325,0.0014,0.00588,0.0649133333333333,0.93152,1.06015244679023,0.212453727739705,0,"5: Chr + Active NC (Reg)","Bimodal"
2045,0.00353333333333333,0.00174224059729148,0.0014,0.00586,0.0640266666666667,0.93244,1.06006588796871,0.215776564816701,0,"5: Chr + Active NC (Reg)","Bimodal"
2045.5,0.00350666666666667,0.00172345549712626,0.0014,0.00586,0.06312,0.933373333333333,1.06045894901585,0.208564525241401,0,"5: Chr + Active NC (Reg)","Bimodal"
2046,0.00347333333333333,0.00169256657452385,0.0014,0.00584,0.0622,0.934326666666667,1.06180156358795,0.209118399762374,0,"5: Chr + Active NC (Reg)","Bimodal"
2046.5,0.00342666666666667,0.00167803935947701,0.0014,0.00564,0.0613533333333333,0.93522,1.0605327149315,0.209158575236951,0,"5: Chr + Active NC (Reg)","Bimodal"
2047,0.00336666666666667,0.00169060962955386,0.00138,0.00564,0.06054,0.936093333333333,1.0582023498802,0.206724648109094,0,"5: Chr + Active NC (Reg)","Bimodal"
2047.5,0.00332666666666667,0.001659649596032,0.00138,0.00562,0.0597,0.936973333333333,1.0599452809352,0.199961055428522,0,"5: Chr + Active NC (Reg)","Bimodal"
2048,0.00327333333333333,0.00160815450735936,0.00138,0.00526,0.0589066666666667,0.93782,1.06058404395432,0.201646905594036,0,"5: Chr + Active NC (Reg)","Bimodal"
2048.5,0.00324,0.00160034479043607,0.00138,0.00526,0.0580266666666667,0.938733333333333,1.05984991817945,0.202099831208727,0,"5: Chr + Active NC (Reg)","Bimodal"
2049,0.00321333333333333,0.0015782428757047,0.00138,0.00526,0.0571533333333333,0.939633333333333,1.06081475445788,0.194332718310567,0,"5: Chr + Active NC (Reg)","Bimodal"
2049.5,0.00316666666666667,0.0015922946645802,0.00118,0.00526,0.0563466666666667,0.940486666666667,1.06483397482937,0.190943862244291,0,"5: Chr + Active NC (Reg)","Bimodal"
2050,0.00314,0.00158975166136966,0.00118,0.00526,0.0556133333333333,0.941246666666667,1.06363508831822,0.185428932800334,0,"5: Chr + Active NC (Reg)","Bimodal"
2050.5,0.00314666666666667,0.00161111084687539,0.001,0.00526,0.0548666666666667,0.941986666666667,1.06338096838266,0.181507153398678,0,"5: Chr + Active NC (Reg)","Bimodal"
2051,0.00314,0.00162238649249631,0.001,0.00526,0.05402,0.94284,1.06235499788257,0.184998807585549,0,"5: Chr + Active NC (Reg)","Bimodal"
2051.5,0.00310666666666667,0.00159199145148747,0.001,0.00524,0.05332,0.943573333333333,1.06361570362352,0.181169441527498,0,"5: Chr + Active NC (Reg)","Bimodal"
2052,0.00308666666666667,0.001604891946805,0.001,0.00524,0.05248,0.944433333333333,1.06602234748531,0.179975425356365,0,"5: Chr + Active NC (Reg)","Bimodal"
2052.5,0.00306,0.00157930582742917,0.001,0.00524,0.0517266666666667,0.945213333333333,1.06759083175166,0.176078211459151,0,"5: Chr + Active NC (Reg)","Bimodal"
2053,0.00304666666666667,0.00157013799818148,0.001,0.00522,0.0510066666666667,0.945946666666667,1.06558087588192,0.172854369215701,0,"5: Chr + Active NC (Reg)","Bimodal"
2053.5,0.00302,0.00154950492649794,0.001,0.00522,0.0503,0.94668,1.0666015607987,0.161423877384022,0,"5: Chr + Active NC (Reg)","Bimodal"
2054,0.00301333333333333,0.00156595973289784,0.001,0.00522,0.0494733333333333,0.947513333333333,1.06570443272308,0.16791132445118,0,"5: Chr + Active NC (Reg)","Bimodal"
2054.5,0.00296666666666667,0.00155460014447298,0.001,0.00502,0.0487866666666667,0.948246666666667,1.06400132929474,0.159873569446246,0,"5: Chr + Active NC (Reg)","Bimodal"
2055,0.00296,0.00154509234184484,0.001,0.005,0.0481333333333333,0.948906666666667,1.06286953855048,0.155709599429335,0,"5: Chr + Active NC (Reg)","Bimodal"
2055.5,0.00294666666666667,0.00153841237764072,0.001,0.005,0.0474133333333333,0.94964,1.06333988968459,0.155360769515288,0,"5: Chr + Active NC (Reg)","Bimodal"
2056,0.00294,0.00153681264422449,0.001,0.005,0.0466866666666667,0.950373333333333,1.06187123371461,0.149791119866691,0,"5: Chr + Active NC (Reg)","Bimodal"
2056.5,0.00292666666666667,0.00153711178633116,0.001,0.005,0.0461533333333333,0.95092,1.06236958010372,0.151487314447583,0,"5: Chr + Active NC (Reg)","Bimodal"
2057,0.00288,0.00150731549451334,0.001,0.005,0.0454333333333333,0.951686666666667,1.06278104240309,0.150401113370759,0,"5: Chr + Active NC (Reg)","Bimodal"
2057.5,0.00286666666666667,0.00149697012001906,0.001,0.005,0.0448,0.952333333333333,1.06634219390191,0.150940994945123,0,"5: Chr + Active NC (Reg)","Bimodal"
2058,0.00281333333333333,0.00146775299372023,0.001,0.005,0.0440533333333333,0.953133333333333,1.06736110213071,0.150574164019177,0,"5: Chr + Active NC (Reg)","Bimodal"
2058.5,0.00280666666666667,0.00145789960709502,0.001,0.00482,0.0433066666666667,0.953886666666667,1.06830005245028,0.148185275130288,0,"5: Chr + Active NC (Reg)","Bimodal"
2059,0.00278,0.00143103531366823,0.001,0.00482,0.0427066666666667,0.954513333333333,1.06688161378252,0.1491685202802,0,"5: Chr + Active NC (Reg)","Bimodal"
2059.5,0.00275333333333333,0.00141195226385395,0.001,0.0048,0.0419533333333333,0.955293333333333,1.06896845115357,0.144690446429577,0,"5: Chr + Active NC (Reg)","Bimodal"
2060,0.00272666666666667,0.00139702475315205,0.001,0.00462,0.0412266666666667,0.956046666666667,1.06850816059997,0.13740529514557,0,"5: Chr + Active NC (Reg)","Bimodal"
2060.5,0.00268666666666667,0.00135206950783715,0.001,0.0046,0.0405933333333333,0.95672,1.06858760121022,0.130245558746703,0,"5: Chr + Active NC (Reg)","Bimodal"
2061,0.00267333333333333,0.00137312463540926,0.001,0.00462,0.0399733333333333,0.957353333333333,1.0695543217833,0.13502519040613,0,"5: Chr + Active NC (Reg)","Bimodal"
2061.5,0.00264,0.00135075968408075,0.001,0.00462,0.0393666666666667,0.957993333333333,1.06486541312858,0.139150139531079,0,"5: Chr + Active NC (Reg)","Bimodal"
2062,0.0026,0.00137765417811683,0.00098,0.00462,0.0387066666666667,0.958693333333333,1.07351418278621,0.138038244180053,0,"5: Chr + Active NC (Reg)","Bimodal"
2062.5,0.00260666666666667,0.00138711641689621,0.00098,0.00462,0.0381466666666667,0.959246666666667,1.07304447516495,0.13776924988932,0,"5: Chr + Active NC (Reg)","Bimodal"
2063,0.00258666666666667,0.00139252520148887,0.00098,0.00462,0.03748,0.959933333333333,1.0743067196632,0.139106789161642,0,"5: Chr + Active NC (Reg)","Bimodal"
2063.5,0.00257333333333333,0.00138437919195805,0.00098,0.00462,0.0369333333333333,0.960493333333333,1.07429167165224,0.137949613004466,0,"5: Chr + Active NC (Reg)","Bimodal"
2064,0.00257333333333333,0.00139529587353817,0.00098,0.00462,0.0364333333333333,0.960993333333333,1.07369762934461,0.138093691148544,0,"5: Chr + Active NC (Reg)","Bimodal"
2064.5,0.00254,0.00139965512993688,0.00098,0.00462,0.0359666666666667,0.961493333333333,1.0754131700784,0.137325913174883,0,"5: Chr + Active NC (Reg)","Bimodal"
2065,0.00251333333333333,0.00136627692788767,0.00098,0.00442,0.0355466666666667,0.96194,1.07254855310711,0.136286826657536,0,"5: Chr + Active NC (Reg)","Bimodal"
2065.5,0.00248,0.0013355613568575,0.00098,0.00442,0.0349666666666667,0.962553333333333,1.07302658262231,0.134595628966338,0,"5: Chr + Active NC (Reg)","Bimodal"
2066,0.00245333333333333,0.0012992659289087,0.00098,0.00424,0.0344066666666667,0.96314,1.07224476974308,0.132665647556952,0,"5: Chr + Active NC (Reg)","Bimodal"
2066.5,0.00243333333333333,0.001280175993648,0.00098,0.00422,0.0338866666666667,0.96368,1.07271104668157,0.127546756785887,0,"5: Chr + Active NC (Reg)","Bimodal"
2067,0.00240666666666667,0.00125668785615844,0.00098,0.00422,0.0333266666666667,0.964266666666667,1.07395942021363,0.125936977676108,0,"5: Chr + Active NC (Reg)","Bimodal"
2067.5,0.0024,0.00127468725035081,0.00098,0.00422,0.0327733333333333,0.964826666666667,1.07150504620219,0.122144393448741,0,"5: Chr + Active NC (Reg)","Bimodal"
2068,0.00240666666666667,0.00128168351931285,0.00098,0.00422,0.03224,0.965353333333333,1.07157759524231,0.123606381752835,0,"5: Chr + Active NC (Reg)","Bimodal"
2068.5,0.00236666666666667,0.00125844275234098,0.00098,0.00422,0.0317266666666667,0.965906666666667,1.07663152735273,0.120219916959047,0,"5: Chr + Active NC (Reg)","Bimodal"
2069,0.00233333333333333,0.0012432807914694,0.00098,0.00402,0.0313066666666667,0.96636,1.08679467928059,0.121446468185599,0,"5: Chr + Active NC (Reg)","Bimodal"
2069.5,0.00232666666666667,0.00125118794126535,8e-04,0.00402,0.0307733333333333,0.9669,1.0840042635467,0.121446468185599,0,"5: Chr + Active NC (Reg)","Bimodal"
2070,0.00232666666666667,0.00125997628147718,8e-04,0.00404,0.0304066666666667,0.967266666666667,1.0835087529414,0.1228561695953,0,"5: Chr + Active NC (Reg)","Bimodal"
2070.5,0.0023,0.00126136215368887,0.00078,0.00404,0.02996,0.96774,1.0844184355423,0.104096202974922,0,"5: Chr + Active NC (Reg)","Bimodal"
2071,0.00224,0.00124335475005437,0.00078,0.00384,0.0294266666666667,0.968333333333333,1.09174458982343,0.102741955800241,0,"5: Chr + Active NC (Reg)","Bimodal"
2071.5,0.00218666666666667,0.00116611152637903,0.00078,0.00364,0.0289733333333333,0.96884,1.09414613701797,0.101692392574746,0,"5: Chr + Active NC (Reg)","Bimodal"
2072,0.00216666666666667,0.00113147244113919,0.00078,0.00362,0.0285933333333333,0.96924,1.09486251114764,0.0992823270067852,0,"5: Chr + Active NC (Reg)","Bimodal"
2072.5,0.00214,0.00111683049064197,0.00078,0.00344,0.02818,0.96968,1.09335841210561,0.10060178641448,0,"5: Chr + Active NC (Reg)","Bimodal"
2073,0.00212666666666667,0.0011184759745954,0.00078,0.00344,0.0276866666666667,0.970186666666667,1.08954665054923,0.102618907906086,0,"5: Chr + Active NC (Reg)","Bimodal"
2073.5,0.00212,0.00111119693155158,0.00078,0.00344,0.0273333333333333,0.970546666666667,1.08966427492015,0.102872457601827,0,"5: Chr + Active NC (Reg)","Bimodal"
2074,0.0021,0.00109008066768885,0.00078,0.0034,0.0270066666666667,0.970893333333333,1.08983752049796,0.0976488548283146,0,"5: Chr + Active NC (Reg)","Bimodal"
2074.5,0.00212,0.00110746682055071,0.00078,0.0034,0.0266466666666667,0.971233333333333,1.08917126515665,0.0998564822601334,0,"5: Chr + Active NC (Reg)","Bimodal"
2075,0.00210666666666667,0.00109384905134412,0.00078,0.0034,0.0262733333333333,0.97162,1.09074584309393,0.0988169285075979,0,"5: Chr + Active NC (Reg)","Bimodal"
2075.5,0.00208666666666667,0.00108873014715922,0.00078,0.0034,0.02586,0.972053333333333,1.09082850117047,0.0963188237275458,0,"5: Chr + Active NC (Reg)","Bimodal"
2076,0.00206,0.00110565942252607,0.00076,0.0034,0.02542,0.97252,1.09399213290117,0.0852077126164347,0,"5: Chr + Active NC (Reg)","Bimodal"
2076.5,0.00204,0.00111466710663798,0.00076,0.0034,0.02506,0.9729,1.09834239224819,0.0873769711244356,0,"5: Chr + Active NC (Reg)","Bimodal"
2077,0.00202666666666667,0.00110638689165363,0.00076,0.00322,0.0246533333333333,0.97332,1.10064051746774,0.0873769711244356,0,"5: Chr + Active NC (Reg)","Bimodal"
2077.5,0.002,0.00109039695397657,0.00076,0.0032,0.02428,0.97372,1.10401469718403,0.0821707507052335,0,"5: Chr + Active NC (Reg)","Bimodal"
2078,0.00198666666666667,0.00107630701085201,0.00076,0.0032,0.0239333333333333,0.97408,1.10548220704443,0.0803029346132794,0,"5: Chr + Active NC (Reg)","Bimodal"
2078.5,0.00197333333333333,0.00108625688627898,0.00058,0.00322,0.0235333333333333,0.974493333333333,1.10675697546069,0.0779316412683553,0,"5: Chr + Active NC (Reg)","Bimodal"
2079,0.00196,0.00107305557911138,0.00058,0.00322,0.0232266666666667,0.974813333333333,1.10741477574673,0.0779316412683553,0,"5: Chr + Active NC (Reg)","Bimodal"
2079.5,0.00191333333333333,0.00102611867745884,0.00058,0.00322,0.0228733333333333,0.975213333333333,1.10938577828451,0.0769730112716127,0,"5: Chr + Active NC (Reg)","Bimodal"
1980,0.00548666666666667,0.000304827066104513,0.005,0.0058,0,0.994513333333333,1.1568462262872,0.0972919302096165,0,"1: Chr + Nones (Free)","Right-skewed"
1980.5,0.00625333333333333,0.000519770064105494,0.00578,0.00682,0,0.993746666666667,1.19823323715121,0.215047550238398,0,"1: Chr + Nones (Free)","Right-skewed"
1981,0.00701333333333333,0.000881899725840065,0.0062,0.0086,0,0.992986666666667,1.23766980708299,0.289714721683217,0,"1: Chr + Nones (Free)","Right-skewed"
1981.5,0.00788666666666667,0.00116463205180518,0.00658,0.0098,0,0.992113333333333,1.26495405814554,0.363631696548344,0,"1: Chr + Nones (Free)","Right-skewed"
1982,0.00904,0.00159430019238796,0.00718,0.01162,0,0.99096,1.29037092476447,0.438173447352737,0,"1: Chr + Nones (Free)","Right-skewed"
1982.5,0.01028,0.00200316990172387,0.00798,0.013,0,0.98972,1.30467259476571,0.490225327100889,0,"1: Chr + Nones (Free)","Right-skewed"
1983,0.0119666666666667,0.00240177137694795,0.00918,0.01448,0,0.988033333333333,1.31597088345516,0.554987050818555,0,"1: Chr + Nones (Free)","Right-skewed"
1983.5,0.0138533333333333,0.00272659106772077,0.01016,0.01646,0,0.986146666666667,1.3252822102842,0.604655439999668,0,"1: Chr + Nones (Free)","Right-skewed"
1984,0.0161933333333333,0.00346787556286846,0.01136,0.0194,0,0.983806666666667,1.33352828194603,0.646685749370002,0,"1: Chr + Nones (Free)","Right-skewed"
1984.5,0.01898,0.00412639944913154,0.013,0.02298,0,0.98102,1.33212376180069,0.686702328637068,0,"1: Chr + Nones (Free)","Right-skewed"
1985,0.02222,0.0052486714246691,0.01536,0.02808,0,0.97778,1.33562778458619,0.718605919842035,0,"1: Chr + Nones (Free)","Right-skewed"
1985.5,0.0258,0.00637841186589848,0.01698,0.033,0,0.9742,1.33613061169912,0.744026428540229,0,"1: Chr + Nones (Free)","Right-skewed"
1986,0.03036,0.0075142898349836,0.02,0.03804,0,0.96964,1.33400828897831,0.765986157213792,0,"1: Chr + Nones (Free)","Right-skewed"
1986.5,0.0359066666666667,0.00944570449110776,0.023,0.04782,0,0.964093333333333,1.33208803114729,0.787056608993256,0,"1: Chr + Nones (Free)","Right-skewed"
1987,0.0418066666666667,0.011318033621503,0.0273,0.05506,0,0.958193333333333,1.33015491527396,0.802739116680763,0,"1: Chr + Nones (Free)","Right-skewed"
1987.5,0.0488933333333333,0.0137991237436279,0.03114,0.06448,0,0.951106666666667,1.32195779227193,0.815850055626125,0,"1: Chr + Nones (Free)","Right-skewed"
1988,0.0573333333333333,0.0162353665322586,0.03618,0.0752,0,0.942666666666667,1.31697186514799,0.829379147865548,0,"1: Chr + Nones (Free)","Right-skewed"
1988.5,0.0669266666666667,0.0188772063489339,0.04194,0.08608,0,0.933073333333333,1.31018550401632,0.83799069859922,0,"1: Chr + Nones (Free)","Right-skewed"
1989,0.0775333333333333,0.0227876151077477,0.04906,0.10114,0,0.922466666666667,1.30066075050382,0.841274796999901,0,"1: Chr + Nones (Free)","Right-skewed"
1989.5,0.0896,0.0270960997320584,0.0578,0.12054,0,0.9104,1.29241600424054,0.846083557296984,0,"1: Chr + Nones (Free)","Right-skewed"
1990,0.103213333333333,0.0312515459847474,0.06782,0.14024,0,0.896786666666667,1.28493972994434,0.849493625216596,0,"1: Chr + Nones (Free)","Right-skewed"
1990.5,0.118146666666667,0.0354238156138449,0.07742,0.15784,0,0.881853333333333,1.2786021678353,0.851629114816559,0,"1: Chr + Nones (Free)","Right-skewed"
1991,0.134666666666667,0.0400209715139393,0.08848,0.17924,0,0.865333333333333,1.27045560771305,0.853240937695422,0,"1: Chr + Nones (Free)","Right-skewed"
1991.5,0.152293333333333,0.0444048998021252,0.10224,0.20186,0,0.847706666666667,1.26241103517653,0.85278965730195,0,"1: Chr + Nones (Free)","Right-skewed"
1992,0.171573333333333,0.0486964626155162,0.11588,0.22248,0,0.828426666666667,1.25520360253481,0.853819528620118,0,"1: Chr + Nones (Free)","Right-skewed"
1992.5,0.19092,0.0529628002176674,0.1283,0.24622,0,0.80908,1.24782997121818,0.850013827066393,0,"1: Chr + Nones (Free)","Right-skewed"
1993,0.21184,0.0568479253859774,0.14342,0.27164,0,0.78816,1.23971038873805,0.849091796736214,0,"1: Chr + Nones (Free)","Right-skewed"
1993.5,0.232386666666667,0.06075181696351,0.15762,0.29652,0,0.767613333333333,1.23190385918234,0.846238491091552,0,"1: Chr + Nones (Free)","Right-skewed"
1994,0.25358,0.0643578219129525,0.17272,0.32332,0,0.74642,1.22460033955443,0.842792405515824,0,"1: Chr + Nones (Free)","Right-skewed"
1994.5,0.27396,0.0667720238753761,0.18724,0.34834,0,0.72604,1.2173191911545,0.838790243515637,0,"1: Chr + Nones (Free)","Right-skewed"
1995,0.293806666666667,0.0682718800766128,0.20268,0.37158,0,0.706193333333333,1.21068575134768,0.833942997605672,0,"1: Chr + Nones (Free)","Right-skewed"
1995.5,0.313033333333333,0.0687487195283055,0.21922,0.39012,0,0.686966666666667,1.20342857498466,0.828738546016194,0,"1: Chr + Nones (Free)","Right-skewed"
1996,0.331713333333333,0.0689102501425778,0.23658,0.4099,0,0.668286666666667,1.19702277572287,0.823907122325586,0,"1: Chr + Nones (Free)","Right-skewed"
1996.5,0.350246666666667,0.0688255502543648,0.25276,0.42954,0,0.649753333333333,1.18995311589803,0.817960817012203,0,"1: Chr + Nones (Free)","Right-skewed"
1997,0.36596,0.0678465896279093,0.2695,0.44388,0,0.63404,1.18370628343687,0.810523382816098,0,"1: Chr + Nones (Free)","Right-skewed"
1997.5,0.380346666666667,0.0665633622603478,0.28486,0.45614,0,0.619653333333333,1.17812616748087,0.802525394821462,0,"1: Chr + Nones (Free)","Right-skewed"
1998,0.393313333333333,0.0646254072665528,0.30344,0.4647,0,0.606686666666667,1.17353574055336,0.794241771180428,0,"1: Chr + Nones (Free)","Right-skewed"
1998.5,0.405786666666667,0.062409016442605,0.31994,0.47378,0,0.594213333333333,1.16927946741944,0.785513745855568,0,"1: Chr + Nones (Free)","Right-skewed"
1999,0.41662,0.0597975284923474,0.33342,0.48086,0,0.58338,1.16517121897191,0.776544203363975,0,"1: Chr + Nones (Free)","Right-skewed"
1999.5,0.426273333333333,0.0578151509395324,0.3476,0.48688,0,0.573726666666667,1.16126267647899,0.767104951844059,0,"1: Chr + Nones (Free)","Right-skewed"
2000,0.435,0.055596105048391,0.35956,0.49088,0,0.565,1.15724771189163,0.757218536239271,0,"1: Chr + Nones (Free)","Right-skewed"
2000.5,0.44236,0.053437747216609,0.3688,0.49568,0,0.55764,1.15396540385898,0.747750193178877,0,"1: Chr + Nones (Free)","Right-skewed"
2001,0.448793333333333,0.0510224692445994,0.3794,0.4997,0,0.551206666666667,1.15086893904799,0.737886905268736,0,"1: Chr + Nones (Free)","Right-skewed"
2001.5,0.454293333333333,0.0487565870586652,0.39154,0.50194,0,0.545706666666667,1.14815087729518,0.728040240868063,0,"1: Chr + Nones (Free)","Right-skewed"
2002,0.45932,0.0466734983505186,0.39706,0.50592,0,0.54068,1.14563758527385,0.717463087497392,0,"1: Chr + Nones (Free)","Right-skewed"
2002.5,0.46348,0.0450842460442593,0.4027,0.50682,0,0.53652,1.14329369492141,0.706497544848756,0,"1: Chr + Nones (Free)","Right-skewed"
2003,0.466626666666667,0.0431561633695769,0.41038,0.50808,0,0.533373333333333,1.14132377582974,0.695626164765689,0,"1: Chr + Nones (Free)","Right-skewed"
2003.5,0.469286666666667,0.0411132895146161,0.41646,0.50778,0,0.530713333333333,1.13966137385488,0.684855912942544,0,"1: Chr + Nones (Free)","Right-skewed"
2004,0.471613333333333,0.0396265996812602,0.41976,0.5093,0,0.528386666666667,1.13786944994172,0.674439863616787,0,"1: Chr + Nones (Free)","Right-skewed"
2004.5,0.47396,0.0383107943733518,0.42316,0.5111,0,0.52604,1.13607320629796,0.664051090866693,0,"1: Chr + Nones (Free)","Right-skewed"
2005,0.47568,0.0376709748324567,0.42666,0.51254,0,0.52432,1.13433299744995,0.653502699899643,0,"1: Chr + Nones (Free)","Right-skewed"
2005.5,0.477486666666667,0.0364928593235608,0.42972,0.51272,0,0.522513333333333,1.13326728548481,0.642980449244324,0,"1: Chr + Nones (Free)","Right-skewed"
2006,0.478546666666667,0.0361955201393891,0.43088,0.51378,0,0.521453333333333,1.13217364354952,0.632301070992051,0,"1: Chr + Nones (Free)","Right-skewed"
2006.5,0.47982,0.0353977341959467,0.43014,0.51302,0,0.52018,1.1310819813892,0.621309740337237,0,"1: Chr + Nones (Free)","Right-skewed"
2007,0.480646666666667,0.0345583238471781,0.43172,0.51424,0,0.519353333333333,1.12998173985333,0.611515925341096,0,"1: Chr + Nones (Free)","Right-skewed"
2007.5,0.481173333333333,0.0334767745874899,0.43358,0.51378,0,0.518826666666667,1.12900184862014,0.601294752727671,0,"1: Chr + Nones (Free)","Right-skewed"
2008,0.48158,0.0327591566562326,0.43472,0.5137,0,0.51842,1.12800001134155,0.591523430054299,0,"1: Chr + Nones (Free)","Right-skewed"
2008.5,0.48168,0.0322562840709987,0.43554,0.51358,0,0.51832,1.127463465785,0.58194230302175,0,"1: Chr + Nones (Free)","Right-skewed"
2009,0.482233333333333,0.0318265594285256,0.43698,0.51436,0,0.517766666666667,1.12674597479168,0.572210934197306,0,"1: Chr + Nones (Free)","Right-skewed"
2009.5,0.482046666666667,0.0315007469351326,0.4371,0.51356,0,0.517953333333333,1.12625598762582,0.561958702557964,0,"1: Chr + Nones (Free)","Right-skewed"
2010,0.48216,0.0314023236566099,0.43738,0.51312,0,0.51784,1.12552338931795,0.553093933296397,0,"1: Chr + Nones (Free)","Right-skewed"
2010.5,0.48238,0.0312724777091449,0.43774,0.5137,0,0.51762,1.12466900481128,0.543824469166764,0,"1: Chr + Nones (Free)","Right-skewed"
2011,0.482473333333333,0.0311261053905176,0.43916,0.51258,0,0.517526666666667,1.12393942702849,0.534975528140108,0,"1: Chr + Nones (Free)","Right-skewed"
2011.5,0.48244,0.0309786311222252,0.4384,0.51142,0,0.51756,1.12305943610975,0.526116161849835,0,"1: Chr + Nones (Free)","Right-skewed"
2012,0.480513333333333,0.030753376414949,0.43716,0.51078,0,0.519486666666667,1.12256262427311,0.519416884400656,0,"1: Chr + Nones (Free)","Right-skewed"
2012.5,0.4789,0.0303930913202326,0.43646,0.50794,0,0.5211,1.12226066481691,0.513862723129404,0,"1: Chr + Nones (Free)","Right-skewed"
2013,0.477386666666667,0.0300340006559615,0.43468,0.50714,0,0.522613333333333,1.12160429374764,0.508340343139834,0,"1: Chr + Nones (Free)","Right-skewed"
2013.5,0.476153333333333,0.0303800153609792,0.43382,0.50596,0,0.523846666666667,1.12108119545136,0.502550434171632,0,"1: Chr + Nones (Free)","Right-skewed"
2014,0.474786666666667,0.0297833989090351,0.43234,0.50462,0,0.525213333333333,1.12069762327795,0.497678603562408,0,"1: Chr + Nones (Free)","Right-skewed"
2014.5,0.474093333333333,0.0298706514172683,0.43096,0.50252,0,0.525906666666667,1.11996426066768,0.493345221475065,0,"1: Chr + Nones (Free)","Right-skewed"
2015,0.473866666666667,0.0296082622827193,0.43206,0.50372,0,0.526133333333333,1.11910555265962,0.489127974428103,0,"1: Chr + Nones (Free)","Right-skewed"
2015.5,0.472893333333333,0.0296929915489571,0.42972,0.5025,0,0.527106666666667,1.11855508320244,0.484612674073072,0,"1: Chr + Nones (Free)","Right-skewed"
2016,0.4721,0.0300840546606934,0.42794,0.5032,0,0.5279,1.11795942946753,0.479660930326965,0,"1: Chr + Nones (Free)","Right-skewed"
2016.5,0.471,0.0301486432473365,0.4267,0.50242,0,0.529,1.11742147608834,0.475260068112885,0,"1: Chr + Nones (Free)","Right-skewed"
2017,0.470126666666667,0.0300456885808738,0.42518,0.50126,0,0.529873333333333,1.11679657167104,0.470498884757718,0,"1: Chr + Nones (Free)","Right-skewed"
2017.5,0.469673333333333,0.0301307259069237,0.42348,0.50024,0,0.530326666666667,1.11596167347513,0.466618848354739,0,"1: Chr + Nones (Free)","Right-skewed"
2018,0.468726666666667,0.0304658761435709,0.42276,0.5001,0,0.531273333333333,1.11553758763436,0.462025424250773,0,"1: Chr + Nones (Free)","Right-skewed"
2018.5,0.4673,0.0304307353702209,0.42236,0.4981,0,0.5327,1.11501520658036,0.457350425964217,0,"1: Chr + Nones (Free)","Right-skewed"
2019,0.466826666666667,0.0305397302941068,0.42136,0.4987,0,0.533173333333333,1.1142804894545,0.453203685876779,0,"1: Chr + Nones (Free)","Right-skewed"
2019.5,0.4667,0.0307090349504215,0.42082,0.4992,0,0.5333,1.11321146582532,0.449989079305711,0,"1: Chr + Nones (Free)","Right-skewed"
2020,0.466326666666667,0.0307524255654886,0.41896,0.49972,0,0.533673333333333,1.11245874938517,0.447290935119461,0,"1: Chr + Nones (Free)","Right-skewed"
2020.5,0.465793333333333,0.0306467519045469,0.41812,0.49724,0,0.534206666666667,1.11186371387873,0.442750903999801,0,"1: Chr + Nones (Free)","Right-skewed"
2021,0.465193333333333,0.0309854908574668,0.41678,0.4969,0,0.534806666666667,1.1108719362744,0.439275334011171,0,"1: Chr + Nones (Free)","Right-skewed"
2021.5,0.464066666666667,0.0306623135341149,0.416,0.49562,0,0.535933333333333,1.11019232011183,0.436071832245407,0,"1: Chr + Nones (Free)","Right-skewed"
2022,0.463593333333333,0.030613744190042,0.41636,0.4951,0,0.536406666666667,1.10948843979348,0.432425884306768,0,"1: Chr + Nones (Free)","Right-skewed"
2022.5,0.46314,0.0304558991511242,0.41646,0.49446,0,0.53686,1.10853298933931,0.429032497552263,0,"1: Chr + Nones (Free)","Right-skewed"
2023,0.46262,0.0309330021286272,0.41516,0.4964,0,0.53738,1.10785299044511,0.4260585346126,0,"1: Chr + Nones (Free)","Right-skewed"
2023.5,0.46176,0.0307270250588227,0.41522,0.49348,0,0.53824,1.10718810234072,0.422284239055512,0,"1: Chr + Nones (Free)","Right-skewed"
2024,0.46122,0.0306342314728317,0.41474,0.49248,0,0.53878,1.10638553286836,0.419218169703683,0,"1: Chr + Nones (Free)","Right-skewed"
2024.5,0.460733333333333,0.0307887275983669,0.41486,0.49176,0,0.539266666666667,1.10561102253428,0.41645162062587,0,"1: Chr + Nones (Free)","Right-skewed"
2025,0.46054,0.0313312513370409,0.4145,0.4913,0,0.53946,1.10477598201409,0.414206858764869,0,"1: Chr + Nones (Free)","Right-skewed"
2025.5,0.460113333333333,0.0312344055802896,0.41328,0.49176,0,0.539886666666667,1.10383941900691,0.41087834916953,0,"1: Chr + Nones (Free)","Right-skewed"
2026,0.459406666666667,0.0314755508109163,0.41168,0.49018,0,0.540593333333333,1.10323526401473,0.408284546728238,0,"1: Chr + Nones (Free)","Right-skewed"
2026.5,0.458526666666667,0.0313197297444337,0.4104,0.48992,0,0.541473333333333,1.10249422539437,0.405286794730968,0,"1: Chr + Nones (Free)","Right-skewed"
2027,0.4581,0.0316196686933286,0.41058,0.4922,0,0.5419,1.10208682350572,0.403094544664207,0,"1: Chr + Nones (Free)","Right-skewed"
2027.5,0.457253333333333,0.0315517280070345,0.41048,0.49116,0,0.542746666666667,1.10137267032724,0.399510402746988,0,"1: Chr + Nones (Free)","Right-skewed"
2028,0.45618,0.031783463494782,0.40936,0.49192,0,0.54382,1.10072255889553,0.397741727606136,0,"1: Chr + Nones (Free)","Right-skewed"
2028.5,0.455446666666667,0.0319334516351323,0.4071,0.48996,0,0.544553333333333,1.09994146826757,0.39495206644098,0,"1: Chr + Nones (Free)","Right-skewed"
2029,0.45482,0.0319575300068377,0.40598,0.48756,0,0.54518,1.0993429099485,0.391621646869784,0,"1: Chr + Nones (Free)","Right-skewed"
2029.5,0.454146666666667,0.0321033217030234,0.4056,0.48602,0,0.545853333333333,1.09855806533559,0.389531302764434,0,"1: Chr + Nones (Free)","Right-skewed"
2030,0.453373333333333,0.0322850978042484,0.40476,0.48648,0,0.546626666666667,1.09810776288179,0.386982736159835,0,"1: Chr + Nones (Free)","Right-skewed"
2030.5,0.452866666666667,0.0321513375421168,0.40338,0.4852,0,0.547133333333333,1.09744818035294,0.38432270346781,0,"1: Chr + Nones (Free)","Right-skewed"
2031,0.45226,0.0323105683575236,0.40308,0.48514,0,0.54774,1.09667002110698,0.382165483735225,0,"1: Chr + Nones (Free)","Right-skewed"
2031.5,0.451866666666667,0.0322266256734839,0.40334,0.48302,0,0.548133333333333,1.09595814846706,0.380229148805187,0,"1: Chr + Nones (Free)","Right-skewed"
2032,0.450926666666667,0.0323052460064961,0.40224,0.48396,0,0.549073333333333,1.09534960109463,0.378301730005799,0,"1: Chr + Nones (Free)","Right-skewed"
2032.5,0.449946666666667,0.0322610444422642,0.4011,0.4841,0,0.550053333333333,1.09490535306666,0.375823855497102,0,"1: Chr + Nones (Free)","Right-skewed"
2033,0.449833333333333,0.0326063282765503,0.40052,0.48436,0,0.550166666666667,1.09402682798391,0.374043788489208,0,"1: Chr + Nones (Free)","Right-skewed"
2033.5,0.449486666666667,0.0328630883319362,0.39916,0.48348,0,0.550513333333333,1.09306911267943,0.371770362345365,0,"1: Chr + Nones (Free)","Right-skewed"
2034,0.44852,0.0330635167205643,0.39882,0.48134,0,0.55148,1.09238473186026,0.369689230214456,0,"1: Chr + Nones (Free)","Right-skewed"
2034.5,0.447706666666667,0.0329063764215297,0.39722,0.4805,0,0.552293333333333,1.09191478854698,0.367551887220913,0,"1: Chr + Nones (Free)","Right-skewed"
2035,0.447266666666667,0.0330734327523314,0.39622,0.48164,0,0.552733333333333,1.09122258209522,0.365308312584683,0,"1: Chr + Nones (Free)","Right-skewed"
2035.5,0.446813333333333,0.033315873128268,0.39592,0.48144,0,0.553186666666667,1.09054791666031,0.363476449270052,0,"1: Chr + Nones (Free)","Right-skewed"
2036,0.44648,0.0328727788026339,0.39624,0.48014,0,0.55352,1.08970988322509,0.36189396241631,0,"1: Chr + Nones (Free)","Right-skewed"
2036.5,0.44578,0.032750903119951,0.39708,0.47976,0,0.55422,1.08866969186971,0.36038645843415,0,"1: Chr + Nones (Free)","Right-skewed"
2037,0.445006666666667,0.0332500446806372,0.39572,0.48,0,0.554993333333333,1.08821706083053,0.358553615369719,0,"1: Chr + Nones (Free)","Right-skewed"
2037.5,0.4437,0.0337446292022894,0.39282,0.47882,0,0.5563,1.08780360964434,0.356921998032807,0,"1: Chr + Nones (Free)","Right-skewed"
2038,0.443026666666667,0.0335674609820524,0.39204,0.47752,0,0.556973333333333,1.08720762170333,0.355292466425614,0,"1: Chr + Nones (Free)","Right-skewed"
2038.5,0.44226,0.033343857419114,0.39188,0.47666,0,0.55774,1.08642558065242,0.353877536203085,0,"1: Chr + Nones (Free)","Right-skewed"
2039,0.44196,0.0333225573386288,0.39164,0.47584,0,0.55804,1.08558794680551,0.353313531011842,0,"1: Chr + Nones (Free)","Right-skewed"
2039.5,0.44118,0.0334630357053972,0.39044,0.47648,0,0.55882,1.08476412294368,0.35184589760166,0,"1: Chr + Nones (Free)","Right-skewed"
2040,0.44038,0.03334394842474,0.38934,0.4756,0,0.55962,1.08419170129229,0.349889947582724,0,"1: Chr + Nones (Free)","Right-skewed"
2040.5,0.44006,0.0330769697982521,0.38876,0.47498,0,0.55994,1.0833959968033,0.348766433608849,0,"1: Chr + Nones (Free)","Right-skewed"
2041,0.439313333333333,0.0336144748514718,0.38772,0.47498,0,0.560686666666667,1.08254957438921,0.346659423102627,0,"1: Chr + Nones (Free)","Right-skewed"
2041.5,0.43838,0.0335691709963072,0.38716,0.47366,0,0.56162,1.08206263692806,0.344691916549193,0,"1: Chr + Nones (Free)","Right-skewed"
2042,0.437573333333333,0.0335485128231294,0.38748,0.47312,0,0.562426666666667,1.08147689882235,0.343401297215675,0,"1: Chr + Nones (Free)","Right-skewed"
2042.5,0.436893333333333,0.033502721797133,0.38672,0.47192,0,0.563106666666667,1.08086478842735,0.341727173773285,0,"1: Chr + Nones (Free)","Right-skewed"
2043,0.435953333333333,0.0336220651413297,0.38386,0.47124,0,0.564046666666667,1.08032464462458,0.33976633913713,0,"1: Chr + Nones (Free)","Right-skewed"
2043.5,0.435526666666667,0.0338248830396156,0.38332,0.47032,0,0.564473333333333,1.07953555149829,0.338179254771099,0,"1: Chr + Nones (Free)","Right-skewed"
2044,0.435293333333333,0.0337590134409427,0.38332,0.46978,0,0.564706666666667,1.07852329274439,0.337720552971323,0,"1: Chr + Nones (Free)","Right-skewed"
2044.5,0.43474,0.0340048333278546,0.38402,0.46918,0,0.56526,1.07769479165714,0.336543173684415,0,"1: Chr + Nones (Free)","Right-skewed"
2045,0.434206666666667,0.0342096370101733,0.3835,0.47042,0,0.565793333333333,1.07721522585432,0.335320086705109,0,"1: Chr + Nones (Free)","Right-skewed"
2045.5,0.43334,0.0341496564328656,0.38162,0.46918,0,0.56666,1.07653679843036,0.333646734572993,0,"1: Chr + Nones (Free)","Right-skewed"
2046,0.43256,0.0344321581844847,0.37864,0.46988,0,0.56744,1.07587343969562,0.332534186567195,0,"1: Chr + Nones (Free)","Right-skewed"
2046.5,0.431886666666667,0.0344412616747286,0.37964,0.47002,0,0.568113333333333,1.0751907364574,0.331303491423231,0,"1: Chr + Nones (Free)","Right-skewed"
2047,0.431366666666667,0.0346606836127874,0.37778,0.46712,0,0.568633333333333,1.07455498665909,0.329998480878328,0,"1: Chr + Nones (Free)","Right-skewed"
2047.5,0.430506666666667,0.0347800867851362,0.37542,0.46714,0,0.569493333333333,1.07385963306927,0.328394856754941,0,"1: Chr + Nones (Free)","Right-skewed"
2048,0.429853333333333,0.0347088355374797,0.37614,0.4653,0,0.570146666666667,1.07303940751271,0.327152356771166,0,"1: Chr + Nones (Free)","Right-skewed"
2048.5,0.42888,0.034872520552079,0.37564,0.4654,0,0.57112,1.07250538573742,0.325637730819672,0,"1: Chr + Nones (Free)","Right-skewed"
2049,0.428246666666667,0.0352833528523828,0.3749,0.4656,0,0.571753333333333,1.07174628455109,0.325288853963443,0,"1: Chr + Nones (Free)","Right-skewed"
2049.5,0.427373333333333,0.0352630600246044,0.37336,0.46544,0,0.572626666666667,1.07097967672886,0.324098327451811,0,"1: Chr + Nones (Free)","Right-skewed"
2050,0.426526666666667,0.0352880748962742,0.372,0.46422,0,0.573473333333333,1.07048763255489,0.323510595171601,0,"1: Chr + Nones (Free)","Right-skewed"
2050.5,0.4262,0.0350606961395963,0.37194,0.46426,0,0.5738,1.06975602504934,0.322833450105729,0,"1: Chr + Nones (Free)","Right-skewed"
2051,0.425586666666667,0.0352126910246207,0.3718,0.4635,0,0.574413333333333,1.06890342364276,0.3216062431182,0,"1: Chr + Nones (Free)","Right-skewed"
2051.5,0.424993333333333,0.0351770882852729,0.371,0.46198,0,0.575006666666667,1.06832343632755,0.320758603958268,0,"1: Chr + Nones (Free)","Right-skewed"
2052,0.424073333333333,0.0355055501570391,0.37054,0.46204,0,0.575926666666667,1.06789874269534,0.319744281649354,0,"1: Chr + Nones (Free)","Right-skewed"
2052.5,0.423133333333333,0.0355111768061961,0.37024,0.46004,0,0.576866666666667,1.06724446960176,0.319092417992695,0,"1: Chr + Nones (Free)","Right-skewed"
2053,0.422373333333333,0.0356159101732816,0.36848,0.4592,0,0.577626666666667,1.0665649445078,0.318048906154536,0,"1: Chr + Nones (Free)","Right-skewed"
2053.5,0.421293333333333,0.0355482278847642,0.36664,0.45822,0,0.578706666666667,1.06575272026229,0.317632363970738,0,"1: Chr + Nones (Free)","Right-skewed"
2054,0.420446666666667,0.0361705417702586,0.36498,0.45736,0,0.579553333333333,1.06525709984571,0.316439688765294,0,"1: Chr + Nones (Free)","Right-skewed"
2054.5,0.419553333333333,0.0364808379869471,0.36516,0.45776,0,0.580446666666667,1.0647833670214,0.315878582459879,0,"1: Chr + Nones (Free)","Right-skewed"
2055,0.418653333333333,0.0366620703493249,0.36318,0.45794,0,0.581346666666667,1.06425447454078,0.315428589735629,0,"1: Chr + Nones (Free)","Right-skewed"
2055.5,0.41788,0.0365867735664133,0.36136,0.45818,0,0.58212,1.06352949767308,0.314454466441637,0,"1: Chr + Nones (Free)","Right-skewed"
2056,0.416786666666667,0.0365103266764759,0.3605,0.45762,0,0.583213333333333,1.06289418934537,0.313824772870672,0,"1: Chr + Nones (Free)","Right-skewed"
2056.5,0.415846666666667,0.036648928415753,0.35976,0.45596,0,0.584153333333333,1.06238296964728,0.312500964232889,0,"1: Chr + Nones (Free)","Right-skewed"
2057,0.414993333333333,0.0367082996659858,0.3578,0.4553,0,0.585006666666667,1.06191282590638,0.311674643373333,0,"1: Chr + Nones (Free)","Right-skewed"
2057.5,0.413546666666667,0.0369107753011683,0.35828,0.45464,0,0.586453333333333,1.0613592296521,0.310509750861858,0,"1: Chr + Nones (Free)","Right-skewed"
2058,0.413053333333333,0.0371240207889748,0.35736,0.45412,0,0.586946666666667,1.06066892270146,0.309877174961871,0,"1: Chr + Nones (Free)","Right-skewed"
2058.5,0.412473333333333,0.0370042116273394,0.35692,0.45332,0,0.587526666666667,1.05998385586788,0.309974815633391,0,"1: Chr + Nones (Free)","Right-skewed"
2059,0.411566666666667,0.0366553033593751,0.35494,0.45244,0,0.588433333333333,1.05927822351318,0.309522698129195,0,"1: Chr + Nones (Free)","Right-skewed"
2059.5,0.41092,0.0367315930914313,0.355,0.44988,0,0.58908,1.0587590369653,0.308917966776458,0,"1: Chr + Nones (Free)","Right-skewed"
2060,0.410353333333333,0.03675029189031,0.35416,0.44896,0,0.589646666666667,1.05803105843906,0.309009458097748,0,"1: Chr + Nones (Free)","Right-skewed"
2060.5,0.409146666666667,0.0365668375607654,0.35324,0.44974,0,0.590853333333333,1.05738711459678,0.30837555815922,0,"1: Chr + Nones (Free)","Right-skewed"
2061,0.408526666666667,0.0366708559780232,0.35178,0.44872,0,0.591473333333333,1.0568516814729,0.308844248421406,0,"1: Chr + Nones (Free)","Right-skewed"
2061.5,0.407526666666667,0.0370191183908637,0.34884,0.44746,0,0.592473333333333,1.05642375614628,0.308765378826399,0,"1: Chr + Nones (Free)","Right-skewed"
2062,0.40652,0.0367515272964361,0.34946,0.44684,0,0.59348,1.05572747925704,0.30847280433481,0,"1: Chr + Nones (Free)","Right-skewed"
2062.5,0.40568,0.0371605500868679,0.3487,0.44608,0,0.59432,1.05519681488605,0.30808333280966,0,"1: Chr + Nones (Free)","Right-skewed"
2063,0.404533333333333,0.0374110562058435,0.3466,0.44426,0,0.595466666666667,1.05479895242678,0.307679847895398,0,"1: Chr + Nones (Free)","Right-skewed"
2063.5,0.40392,0.0373887167195002,0.3461,0.44268,0,0.59608,1.0537906450581,0.307352897731184,0,"1: Chr + Nones (Free)","Right-skewed"
2064,0.403106666666667,0.0373555049106077,0.34548,0.43976,0,0.596893333333333,1.05291629346629,0.307749456953212,0,"1: Chr + Nones (Free)","Right-skewed"
2064.5,0.401913333333333,0.0372774012463069,0.3448,0.43842,0,0.598086666666667,1.05235422232196,0.307362578575916,0,"1: Chr + Nones (Free)","Right-skewed"
2065,0.401073333333333,0.0369506094703441,0.34496,0.43872,0,0.598926666666667,1.05181693332971,0.306849797377273,0,"1: Chr + Nones (Free)","Right-skewed"
2065.5,0.400093333333333,0.0374432806304124,0.34258,0.43718,0,0.599906666666667,1.05141089252658,0.306154599731301,0,"1: Chr + Nones (Free)","Right-skewed"
2066,0.398746666666667,0.0370753169431737,0.34242,0.4352,0,0.601253333333333,1.05088110325451,0.304847755708512,0,"1: Chr + Nones (Free)","Right-skewed"
2066.5,0.397606666666667,0.0374818202676272,0.33982,0.43442,0,0.602393333333333,1.05043254787912,0.304394889527088,0,"1: Chr + Nones (Free)","Right-skewed"
2067,0.396966666666667,0.0379563118492222,0.33788,0.43582,0,0.603033333333333,1.04978617983284,0.303669207629161,0,"1: Chr + Nones (Free)","Right-skewed"
2067.5,0.3961,0.0378919607523175,0.33638,0.43438,0,0.6039,1.04917861603739,0.303064474829375,0,"1: Chr + Nones (Free)","Right-skewed"
2068,0.395506666666667,0.0379562991304232,0.3376,0.43392,0,0.604493333333333,1.04863371082499,0.303345034725141,0,"1: Chr + Nones (Free)","Right-skewed"
2068.5,0.394673333333333,0.0382182654772813,0.33704,0.43666,0,0.605326666666667,1.04804745016299,0.302690990498735,0,"1: Chr + Nones (Free)","Right-skewed"
2069,0.393666666666667,0.0384547502409254,0.33572,0.43442,0,0.606333333333333,1.0475154197314,0.301694272021035,0,"1: Chr + Nones (Free)","Right-skewed"
2069.5,0.392613333333333,0.0383163216625386,0.33528,0.43244,0,0.607386666666667,1.0471037783048,0.30078066293768,0,"1: Chr + Nones (Free)","Right-skewed"
2070,0.391706666666667,0.0384175510656921,0.33288,0.43178,0,0.608293333333333,1.04659057433501,0.29986634541875,0,"1: Chr + Nones (Free)","Right-skewed"
2070.5,0.390833333333333,0.0383401143427624,0.33324,0.43086,0,0.609166666666667,1.04613489063302,0.299581692256384,0,"1: Chr + Nones (Free)","Right-skewed"
2071,0.38986,0.0384792698332044,0.33232,0.42902,0,0.61014,1.04560041828185,0.298936005944854,0,"1: Chr + Nones (Free)","Right-skewed"
2071.5,0.388966666666667,0.0384435845805552,0.33086,0.42834,0,0.611033333333333,1.04499459199286,0.298972187939715,0,"1: Chr + Nones (Free)","Right-skewed"
2072,0.388246666666667,0.0385495894994319,0.3304,0.42712,0,0.611753333333333,1.04454250911636,0.298951405475362,0,"1: Chr + Nones (Free)","Right-skewed"
2072.5,0.387466666666667,0.0385233769899868,0.32978,0.42528,0,0.612533333333333,1.04397614996109,0.298956013027881,0,"1: Chr + Nones (Free)","Right-skewed"
2073,0.386366666666667,0.0383120430632218,0.32866,0.42436,0,0.613633333333333,1.04362594919649,0.298182522906988,0,"1: Chr + Nones (Free)","Right-skewed"
2073.5,0.38528,0.0384550467518849,0.32688,0.42562,0,0.61472,1.04303692476917,0.298132720199457,0,"1: Chr + Nones (Free)","Right-skewed"
2074,0.384106666666667,0.038492157135182,0.32558,0.42488,0,0.615893333333333,1.04239468295455,0.298309081601639,0,"1: Chr + Nones (Free)","Right-skewed"
2074.5,0.383273333333333,0.0386818137196755,0.32472,0.42542,0,0.616726666666667,1.04211642432408,0.297716253931661,0,"1: Chr + Nones (Free)","Right-skewed"
2075,0.382173333333333,0.0386117628435307,0.32332,0.42404,0,0.617826666666667,1.04158039116493,0.29696758971385,0,"1: Chr + Nones (Free)","Right-skewed"
2075.5,0.38112,0.0388418047096611,0.32232,0.42328,0,0.61888,1.0414952053445,0.296894862533066,0,"1: Chr + Nones (Free)","Right-skewed"
2076,0.380266666666667,0.0387472564842657,0.3225,0.42222,0,0.619733333333333,1.04086691506016,0.296934131643983,0,"1: Chr + Nones (Free)","Right-skewed"
2076.5,0.379066666666667,0.0387632009401499,0.32064,0.41938,0,0.620933333333333,1.04031155054328,0.296941284246713,0,"1: Chr + Nones (Free)","Right-skewed"
2077,0.378153333333333,0.0389049303969998,0.31924,0.41884,0,0.621846666666667,1.03979560610154,0.296774472568709,0,"1: Chr + Nones (Free)","Right-skewed"
2077.5,0.377066666666667,0.0388338044468488,0.31852,0.41738,0,0.622933333333333,1.03927330919669,0.296696073573119,0,"1: Chr + Nones (Free)","Right-skewed"
2078,0.376013333333333,0.0390302776663534,0.3161,0.41534,0,0.623986666666667,1.03868492707858,0.296520375622888,0,"1: Chr + Nones (Free)","Right-skewed"
2078.5,0.374846666666667,0.038491151991194,0.316,0.4143,0,0.625153333333333,1.03832573715737,0.296509046755971,0,"1: Chr + Nones (Free)","Right-skewed"
2079,0.373966666666667,0.0385547200324631,0.31574,0.41428,0,0.626033333333333,1.03776755893646,0.296849983685846,0,"1: Chr + Nones (Free)","Right-skewed"
2079.5,0.37314,0.0386261355150575,0.31336,0.41414,0,0.62686,1.0372118274451,0.297494000771804,0,"1: Chr + Nones (Free)","Right-skewed"
1980,0.00550666666666667,0.000276596722913408,0.0052,0.0058,0.320626666666667,0.673866666666667,1.1560659928631,0.0947822796821684,0,"2: Chr + Passive NC (Free)","Right-skewed"
1980.5,0.00605333333333333,0.000451612691350128,0.0054,0.0066,0.31634,0.677606666666667,1.19618020671901,0.186330464696937,0,"2: Chr + Passive NC (Free)","Right-skewed"
1981,0.00672,0.000583922526745954,0.006,0.00722,0.312086666666667,0.681193333333333,1.22375892005333,0.262649078260096,0,"2: Chr + Passive NC (Free)","Right-skewed"
1981.5,0.0075,0.000872175243384272,0.00658,0.00842,0.30794,0.68456,1.24382086565637,0.337027249180523,0,"2: Chr + Passive NC (Free)","Right-skewed"
1982,0.00831333333333333,0.00115272789902709,0.00698,0.00962,0.304126666666667,0.68756,1.2660776963804,0.396598001224376,0,"2: Chr + Passive NC (Free)","Right-skewed"
1982.5,0.00924666666666667,0.00134900559374453,0.00794,0.01042,0.300453333333333,0.6903,1.28198732063299,0.448294229567518,0,"2: Chr + Passive NC (Free)","Right-skewed"
1983,0.0102066666666667,0.00170959429212845,0.00838,0.01262,0.29682,0.692973333333333,1.29352934642928,0.492301184775195,0,"2: Chr + Passive NC (Free)","Right-skewed"
1983.5,0.0115333333333333,0.00214722488636931,0.0092,0.0143,0.292913333333333,0.695553333333333,1.30076197357269,0.539498968010674,0,"2: Chr + Passive NC (Free)","Right-skewed"
1984,0.01312,0.00259580563535711,0.01018,0.0161,0.28932,0.69756,1.30919660419769,0.586006833855532,0,"2: Chr + Passive NC (Free)","Right-skewed"
1984.5,0.0148866666666667,0.00341262699228992,0.01116,0.01902,0.285786666666667,0.699326666666667,1.3120039203609,0.624226758297057,0,"2: Chr + Passive NC (Free)","Right-skewed"
1985,0.0169,0.00416380131362081,0.0122,0.02124,0.282386666666667,0.700713333333333,1.31622718231524,0.651315484541981,0,"2: Chr + Passive NC (Free)","Right-skewed"
1985.5,0.0193266666666667,0.00505022589684812,0.01358,0.02408,0.27882,0.701853333333333,1.31904721029096,0.684750896050153,0,"2: Chr + Passive NC (Free)","Right-skewed"
1986,0.02232,0.00635818234707221,0.01558,0.02912,0.275413333333333,0.702266666666667,1.31765961204263,0.711556213495443,0,"2: Chr + Passive NC (Free)","Right-skewed"
1986.5,0.0256666666666667,0.00759352416177115,0.01756,0.03508,0.271853333333333,0.70248,1.31988833498967,0.735686695751932,0,"2: Chr + Passive NC (Free)","Right-skewed"
1987,0.0295133333333333,0.00878394826524137,0.01998,0.04004,0.268306666666667,0.70218,1.31791217307369,0.755049972874392,0,"2: Chr + Passive NC (Free)","Right-skewed"
1987.5,0.0338533333333333,0.0104013173347827,0.02308,0.04658,0.264546666666667,0.7016,1.31596954108532,0.772171839996164,0,"2: Chr + Passive NC (Free)","Right-skewed"
1988,0.0386533333333333,0.0119775575580947,0.02668,0.05506,0.261226666666667,0.70012,1.31123218217669,0.787475224141279,0,"2: Chr + Passive NC (Free)","Right-skewed"
1988.5,0.04424,0.0139889020051734,0.0295,0.06462,0.257626666666667,0.698133333333333,1.30833919817812,0.800256974257154,0,"2: Chr + Passive NC (Free)","Right-skewed"
1989,0.0508866666666667,0.016719320505359,0.033,0.07546,0.25336,0.695753333333333,1.3036809398582,0.812742214198217,0,"2: Chr + Passive NC (Free)","Right-skewed"
1989.5,0.0582133333333333,0.019539874939305,0.0353,0.08924,0.249346666666667,0.69244,1.29736522450745,0.823221235488343,0,"2: Chr + Passive NC (Free)","Right-skewed"
1990,0.0662466666666667,0.0224455007907404,0.0395,0.10204,0.2451,0.688653333333333,1.29187685857644,0.829747244198169,0,"2: Chr + Passive NC (Free)","Right-skewed"
1990.5,0.0754933333333333,0.0257736424216322,0.0439,0.11502,0.24046,0.684046666666667,1.28296611015864,0.833047407534212,0,"2: Chr + Passive NC (Free)","Right-skewed"
1991,0.0855933333333333,0.0287525223281347,0.0486,0.12566,0.235846666666667,0.67856,1.27567195999438,0.835924018172418,0,"2: Chr + Passive NC (Free)","Right-skewed"
1991.5,0.0966333333333333,0.0325753062105737,0.05376,0.14214,0.231353333333333,0.672013333333333,1.26658922758626,0.836430020746827,0,"2: Chr + Passive NC (Free)","Right-skewed"
1992,0.109073333333333,0.0363983130845689,0.05898,0.15986,0.226206666666667,0.66472,1.26042930719683,0.837707062535182,0,"2: Chr + Passive NC (Free)","Right-skewed"
1992.5,0.12192,0.0406864749195517,0.0658,0.18034,0.221266666666667,0.656813333333333,1.25203617649619,0.837701969054789,0,"2: Chr + Passive NC (Free)","Right-skewed"
1993,0.136086666666667,0.0443760632380312,0.07574,0.1997,0.21574,0.648173333333333,1.2435634851945,0.838753133775983,0,"2: Chr + Passive NC (Free)","Right-skewed"
1993.5,0.151753333333333,0.0483039995012431,0.08582,0.2206,0.20976,0.638486666666667,1.23505961458507,0.837998196130837,0,"2: Chr + Passive NC (Free)","Right-skewed"
1994,0.167806666666667,0.0523250973825368,0.09536,0.24314,0.203706666666667,0.628486666666667,1.22807127190261,0.838233492519043,0,"2: Chr + Passive NC (Free)","Right-skewed"
1994.5,0.184373333333333,0.0554004290617851,0.10652,0.26512,0.19756,0.618066666666667,1.22138655197268,0.837610350987904,0,"2: Chr + Passive NC (Free)","Right-skewed"
1995,0.202426666666667,0.0596541927499122,0.11798,0.29084,0.191046666666667,0.606526666666667,1.21470963740051,0.837298935888018,0,"2: Chr + Passive NC (Free)","Right-skewed"
1995.5,0.220813333333333,0.0630882017131753,0.13076,0.3148,0.184346666666667,0.59484,1.20798840893159,0.834746106924939,0,"2: Chr + Passive NC (Free)","Right-skewed"
1996,0.239233333333333,0.0661843836843568,0.14466,0.33624,0.17748,0.583286666666667,1.20034287152021,0.832377728366245,0,"2: Chr + Passive NC (Free)","Right-skewed"
1996.5,0.257866666666667,0.0683707001842029,0.16388,0.3553,0.170353333333333,0.57178,1.19385754995926,0.828518829761398,0,"2: Chr + Passive NC (Free)","Right-skewed"
1997,0.2765,0.0700709148181203,0.18158,0.3741,0.16344,0.56006,1.18760165648164,0.824292196629963,0,"2: Chr + Passive NC (Free)","Right-skewed"
1997.5,0.29478,0.071219686352426,0.20052,0.39214,0.156266666666667,0.548953333333333,1.1812752861335,0.820034552475335,0,"2: Chr + Passive NC (Free)","Right-skewed"
1998,0.313246666666667,0.072114749236694,0.22048,0.40746,0.148946666666667,0.537806666666667,1.17574902904489,0.815727364453374,0,"2: Chr + Passive NC (Free)","Right-skewed"
1998.5,0.33082,0.0726673735070547,0.23676,0.42122,0.14204,0.52714,1.17047202285754,0.809724649436506,0,"2: Chr + Passive NC (Free)","Right-skewed"
1999,0.347566666666667,0.0724397125479042,0.25434,0.4369,0.134906666666667,0.517526666666667,1.16501552774888,0.804344635733357,0,"2: Chr + Passive NC (Free)","Right-skewed"
1999.5,0.36384,0.0723229614895622,0.2722,0.45206,0.128046666666667,0.508113333333333,1.16085369366343,0.798123306259965,0,"2: Chr + Passive NC (Free)","Right-skewed"
2000,0.378893333333333,0.071573386179469,0.28634,0.46264,0.121373333333333,0.499733333333333,1.15639091064322,0.791367119810151,0,"2: Chr + Passive NC (Free)","Right-skewed"
2000.5,0.392733333333333,0.0708319104657631,0.2997,0.47228,0.114806666666667,0.49246,1.15223432159703,0.783642265174705,0,"2: Chr + Passive NC (Free)","Right-skewed"
2001,0.406666666666667,0.0695461014715063,0.31456,0.48342,0.1085,0.484833333333333,1.14805258353345,0.77583604788703,0,"2: Chr + Passive NC (Free)","Right-skewed"
2001.5,0.419186666666667,0.06775953290018,0.32872,0.49144,0.102526666666667,0.478286666666667,1.14424021144883,0.768007856254397,0,"2: Chr + Passive NC (Free)","Right-skewed"
2002,0.43046,0.0661198107930622,0.34234,0.4992,0.0969866666666667,0.472553333333333,1.14089201103351,0.759836966681605,0,"2: Chr + Passive NC (Free)","Right-skewed"
2002.5,0.44104,0.0637277268731107,0.357,0.50612,0.0914733333333333,0.467486666666667,1.13748255691694,0.751183022565913,0,"2: Chr + Passive NC (Free)","Right-skewed"
2003,0.450786666666667,0.0614376259718543,0.36804,0.51344,0.08594,0.463273333333333,1.13478567653691,0.742400716463116,0,"2: Chr + Passive NC (Free)","Right-skewed"
2003.5,0.459973333333333,0.0592138318727767,0.38216,0.51838,0.0810333333333333,0.458993333333333,1.13244974747159,0.734607063636888,0,"2: Chr + Passive NC (Free)","Right-skewed"
2004,0.46798,0.0566944952627982,0.39446,0.5237,0.0764133333333333,0.455606666666667,1.12997056663242,0.725815742712375,0,"2: Chr + Passive NC (Free)","Right-skewed"
2004.5,0.475446666666667,0.0545813832941128,0.40514,0.5294,0.07194,0.452613333333333,1.12772265442938,0.717175019027921,0,"2: Chr + Passive NC (Free)","Right-skewed"
2005,0.482213333333333,0.0525584320695471,0.415,0.53626,0.06802,0.449766666666667,1.12557292836706,0.708139382138699,0,"2: Chr + Passive NC (Free)","Right-skewed"
2005.5,0.488453333333333,0.0503967413651903,0.42342,0.53922,0.06412,0.447426666666667,1.12354266568984,0.698322439599165,0,"2: Chr + Passive NC (Free)","Right-skewed"
2006,0.494626666666667,0.0490631607942908,0.43078,0.54334,0.0602733333333333,0.4451,1.12165524170988,0.689630848498883,0,"2: Chr + Passive NC (Free)","Right-skewed"
2006.5,0.498986666666667,0.0480417041052182,0.43746,0.54496,0.0568333333333333,0.44418,1.12024057882202,0.680267349576986,0,"2: Chr + Passive NC (Free)","Right-skewed"
2007,0.50358,0.0468136540647764,0.44154,0.54876,0.0535866666666667,0.442833333333333,1.1185499513075,0.671386452643654,0,"2: Chr + Passive NC (Free)","Right-skewed"
2007.5,0.507506666666667,0.0455527502734057,0.44454,0.552,0.0506266666666667,0.441866666666667,1.11718937675521,0.661823447294727,0,"2: Chr + Passive NC (Free)","Right-skewed"
2008,0.51112,0.0441447024978161,0.45258,0.55306,0.0478666666666667,0.441013333333333,1.11607671731772,0.652624578522519,0,"2: Chr + Passive NC (Free)","Right-skewed"
2008.5,0.514646666666667,0.0422502457314489,0.45682,0.55502,0.0454133333333333,0.43994,1.11496681725071,0.643990657802433,0,"2: Chr + Passive NC (Free)","Right-skewed"
2009,0.51766,0.0406335736841448,0.46168,0.5564,0.0431133333333333,0.439226666666667,1.11391684396249,0.634764257421621,0,"2: Chr + Passive NC (Free)","Right-skewed"
2009.5,0.520613333333333,0.0394768525221739,0.46488,0.5575,0.0407533333333333,0.438633333333333,1.11279544198065,0.625339253181264,0,"2: Chr + Passive NC (Free)","Right-skewed"
2010,0.523106666666667,0.0382651631728349,0.46898,0.55932,0.0387866666666667,0.438106666666667,1.11136491060692,0.616436894683741,0,"2: Chr + Passive NC (Free)","Right-skewed"
2010.5,0.525186666666667,0.0370493401991912,0.47162,0.56026,0.0368866666666667,0.437926666666667,1.11021827477153,0.607431652891616,0,"2: Chr + Passive NC (Free)","Right-skewed"
2011,0.527286666666667,0.0362212238538576,0.47344,0.5612,0.0350666666666667,0.437646666666667,1.1090928646368,0.598527613273206,0,"2: Chr + Passive NC (Free)","Right-skewed"
2011.5,0.52924,0.0354582376985892,0.4765,0.56304,0.0334,0.43736,1.10809254501605,0.589554201405404,0,"2: Chr + Passive NC (Free)","Right-skewed"
2012,0.528706666666667,0.0346960688753395,0.47764,0.5641,0.0318533333333333,0.43944,1.10725174065234,0.583447330688377,0,"2: Chr + Passive NC (Free)","Right-skewed"
2012.5,0.5285,0.0335980192355401,0.47808,0.5627,0.0301333333333333,0.441366666666667,1.10655617984793,0.57746141049379,0,"2: Chr + Passive NC (Free)","Right-skewed"
2013,0.528673333333333,0.0329121498719759,0.48036,0.5615,0.02868,0.442646666666667,1.1055967641001,0.572050345899025,0,"2: Chr + Passive NC (Free)","Right-skewed"
2013.5,0.52898,0.0326080315894402,0.48248,0.56278,0.0275,0.44352,1.10473263028592,0.566449170199512,0,"2: Chr + Passive NC (Free)","Right-skewed"
2014,0.529413333333333,0.0323411953944227,0.48142,0.5644,0.0264333333333333,0.444153333333333,1.10369994209682,0.561267801121886,0,"2: Chr + Passive NC (Free)","Right-skewed"
2014.5,0.528986666666667,0.0317171087664961,0.4811,0.56336,0.0254066666666667,0.445606666666667,1.10289208883809,0.555943816493507,0,"2: Chr + Passive NC (Free)","Right-skewed"
2015,0.529006666666667,0.0314162480840434,0.4813,0.56364,0.0244333333333333,0.44656,1.10201264312351,0.550416353447056,0,"2: Chr + Passive NC (Free)","Right-skewed"
2015.5,0.529213333333333,0.0315248313001949,0.48172,0.56256,0.02352,0.447266666666667,1.10120424081998,0.545650796446197,0,"2: Chr + Passive NC (Free)","Right-skewed"
2016,0.529273333333333,0.0311744583044311,0.48246,0.56246,0.02262,0.448106666666667,1.10027821088765,0.540823316161247,0,"2: Chr + Passive NC (Free)","Right-skewed"
2016.5,0.529466666666667,0.0303148687011476,0.48316,0.56164,0.0217733333333333,0.44876,1.09936546017027,0.535974207128533,0,"2: Chr + Passive NC (Free)","Right-skewed"
2017,0.52924,0.0303962520375627,0.48466,0.56028,0.02094,0.44982,1.0988197697694,0.531273977625278,0,"2: Chr + Passive NC (Free)","Right-skewed"
2017.5,0.52946,0.0296777241436204,0.48446,0.55924,0.0202666666666667,0.450273333333333,1.09798729248634,0.526432296864275,0,"2: Chr + Passive NC (Free)","Right-skewed"
2018,0.529473333333333,0.0292913772569539,0.48668,0.5605,0.0196333333333333,0.450893333333333,1.09725350591285,0.522343131996431,0,"2: Chr + Passive NC (Free)","Right-skewed"
2018.5,0.52924,0.0294210527484587,0.48606,0.55998,0.0189666666666667,0.451793333333333,1.09658231409498,0.51794040541227,0,"2: Chr + Passive NC (Free)","Right-skewed"
2019,0.52934,0.0292703993116266,0.48718,0.55984,0.0183266666666667,0.452333333333333,1.09574168402355,0.513180286468027,0,"2: Chr + Passive NC (Free)","Right-skewed"
2019.5,0.529093333333333,0.0287796735421965,0.48588,0.55836,0.0178733333333333,0.453033333333333,1.09491984938273,0.509518514588741,0,"2: Chr + Passive NC (Free)","Right-skewed"
2020,0.528953333333333,0.028582979422091,0.48564,0.5589,0.0174,0.453646666666667,1.09419488382023,0.504824094599908,0,"2: Chr + Passive NC (Free)","Right-skewed"
2020.5,0.52888,0.0285024669228763,0.4856,0.56164,0.017,0.45412,1.09325126125954,0.500846671389661,0,"2: Chr + Passive NC (Free)","Right-skewed"
2021,0.52866,0.0289982234889871,0.48446,0.55972,0.0164933333333333,0.454846666666667,1.09242250387241,0.496919382238749,0,"2: Chr + Passive NC (Free)","Right-skewed"
2021.5,0.52878,0.029224710847807,0.48448,0.5604,0.01602,0.4552,1.09154715506042,0.493483775515407,0,"2: Chr + Passive NC (Free)","Right-skewed"
2022,0.5281,0.0293230167333586,0.48536,0.5574,0.0156733333333333,0.456226666666667,1.09082403506476,0.489838438268729,0,"2: Chr + Passive NC (Free)","Right-skewed"
2022.5,0.52764,0.0291466872784944,0.4873,0.5578,0.0152333333333333,0.457126666666667,1.09003728019566,0.485756411728482,0,"2: Chr + Passive NC (Free)","Right-skewed"
2023,0.527166666666667,0.0289827574582726,0.4864,0.55628,0.0149066666666667,0.457926666666667,1.08932076149013,0.481787801327744,0,"2: Chr + Passive NC (Free)","Right-skewed"
2023.5,0.52694,0.0284413564834853,0.48756,0.55524,0.01458,0.45848,1.08871422902521,0.478418616082012,0,"2: Chr + Passive NC (Free)","Right-skewed"
2024,0.526806666666667,0.0284668704399286,0.48776,0.55588,0.01426,0.458933333333333,1.08784517079264,0.474679365110145,0,"2: Chr + Passive NC (Free)","Right-skewed"
2024.5,0.526533333333333,0.0283387067250885,0.48796,0.55598,0.0140533333333333,0.459413333333333,1.08700778649671,0.471334468588343,0,"2: Chr + Passive NC (Free)","Right-skewed"
2025,0.526273333333333,0.0284436518986809,0.48698,0.55578,0.0137866666666667,0.45994,1.08622552714299,0.467730430361756,0,"2: Chr + Passive NC (Free)","Right-skewed"
2025.5,0.525673333333333,0.0283597326641421,0.48518,0.55542,0.01352,0.460806666666667,1.0853953218283,0.464616478985794,0,"2: Chr + Passive NC (Free)","Right-skewed"
2026,0.525953333333333,0.0283944474092764,0.48356,0.55604,0.0132933333333333,0.460753333333333,1.08462413023148,0.461286478929075,0,"2: Chr + Passive NC (Free)","Right-skewed"
2026.5,0.525746666666667,0.0284341675639972,0.4832,0.55598,0.0130666666666667,0.461186666666667,1.08380748862612,0.457584510818963,0,"2: Chr + Passive NC (Free)","Right-skewed"
2027,0.525413333333333,0.0286775622170477,0.4813,0.55568,0.01284,0.461746666666667,1.08307006142905,0.454256962184795,0,"2: Chr + Passive NC (Free)","Right-skewed"
2027.5,0.525,0.0289939827288829,0.4807,0.55548,0.0126066666666667,0.462393333333333,1.08223956759989,0.450739927109956,0,"2: Chr + Passive NC (Free)","Right-skewed"
2028,0.524413333333333,0.0287675551600246,0.47946,0.5545,0.0124333333333333,0.463153333333333,1.08129362496852,0.447493710630424,0,"2: Chr + Passive NC (Free)","Right-skewed"
2028.5,0.52438,0.0286200966286713,0.48124,0.55384,0.0122066666666667,0.463413333333333,1.08045067016421,0.445213891377693,0,"2: Chr + Passive NC (Free)","Right-skewed"
2029,0.523726666666667,0.0288281224445534,0.48194,0.55252,0.0119733333333333,0.4643,1.0798680839339,0.44144814765047,0,"2: Chr + Passive NC (Free)","Right-skewed"
2029.5,0.522873333333333,0.0290251013046833,0.48238,0.55456,0.01174,0.465386666666667,1.07917946770785,0.438651516633998,0,"2: Chr + Passive NC (Free)","Right-skewed"
2030,0.522373333333333,0.0291940822219437,0.48096,0.55442,0.01162,0.466006666666667,1.07830738222411,0.436431378202242,0,"2: Chr + Passive NC (Free)","Right-skewed"
2030.5,0.52184,0.0293208834603692,0.47886,0.55354,0.0114733333333333,0.466686666666667,1.07736425311823,0.433624396938167,0,"2: Chr + Passive NC (Free)","Right-skewed"
2031,0.521166666666667,0.0291173645706515,0.47818,0.55348,0.0113133333333333,0.46752,1.07660628600388,0.430262137168059,0,"2: Chr + Passive NC (Free)","Right-skewed"
2031.5,0.52086,0.0292876412678536,0.47692,0.55156,0.0111266666666667,0.468013333333333,1.07578781071175,0.42761693134849,0,"2: Chr + Passive NC (Free)","Right-skewed"
2032,0.520113333333333,0.0290393636927217,0.47502,0.55134,0.0110333333333333,0.468853333333333,1.07517181286478,0.42454465974641,0,"2: Chr + Passive NC (Free)","Right-skewed"
2032.5,0.519673333333333,0.0292031402814637,0.47388,0.55106,0.01092,0.469406666666667,1.07416197299353,0.422053222431573,0,"2: Chr + Passive NC (Free)","Right-skewed"
2033,0.519306666666667,0.0292737723419179,0.47236,0.5493,0.0108066666666667,0.469886666666667,1.07339825283753,0.419418460458987,0,"2: Chr + Passive NC (Free)","Right-skewed"
2033.5,0.51876,0.0289629680323233,0.47306,0.54922,0.0106333333333333,0.470606666666667,1.07271490265251,0.41685353730763,0,"2: Chr + Passive NC (Free)","Right-skewed"
2034,0.5185,0.0289161331892888,0.47366,0.54912,0.0104866666666667,0.471013333333333,1.07188867828643,0.41447064181288,0,"2: Chr + Passive NC (Free)","Right-skewed"
2034.5,0.5177,0.0289307734976515,0.47422,0.5486,0.0103533333333333,0.471946666666667,1.07129647101876,0.411987462615553,0,"2: Chr + Passive NC (Free)","Right-skewed"
2035,0.51674,0.0293825258884631,0.47366,0.5492,0.0102933333333333,0.472966666666667,1.07055075079026,0.409199452607167,0,"2: Chr + Passive NC (Free)","Right-skewed"
2035.5,0.516533333333333,0.029239007169018,0.4739,0.5489,0.01012,0.473346666666667,1.06997251333968,0.40710258849518,0,"2: Chr + Passive NC (Free)","Right-skewed"
2036,0.515613333333333,0.0294953851835577,0.47134,0.54652,0.00998,0.474406666666667,1.06916234598538,0.404890718389401,0,"2: Chr + Passive NC (Free)","Right-skewed"
2036.5,0.514493333333333,0.0297236807176079,0.46838,0.54626,0.00988666666666667,0.47562,1.0685028287503,0.401488553521189,0,"2: Chr + Passive NC (Free)","Right-skewed"
2037,0.514166666666667,0.029883917175416,0.46942,0.54418,0.00981333333333333,0.47602,1.0677044403726,0.399096713293599,0,"2: Chr + Passive NC (Free)","Right-skewed"
2037.5,0.513793333333333,0.0300077913254189,0.46822,0.54344,0.00974,0.476466666666667,1.06710427259768,0.397220250577352,0,"2: Chr + Passive NC (Free)","Right-skewed"
2038,0.513233333333333,0.0300704039780363,0.46708,0.54358,0.00966666666666667,0.4771,1.0663090727178,0.394907286619064,0,"2: Chr + Passive NC (Free)","Right-skewed"
2038.5,0.51314,0.0300776076634865,0.4673,0.54278,0.0095,0.47736,1.06518276744039,0.393678645557106,0,"2: Chr + Passive NC (Free)","Right-skewed"
2039,0.51244,0.0299557098350905,0.468,0.54316,0.00941333333333333,0.478146666666667,1.06442181803813,0.39204784598932,0,"2: Chr + Passive NC (Free)","Right-skewed"
2039.5,0.51144,0.0301145124826713,0.46912,0.54012,0.00932666666666667,0.479233333333333,1.06373849309527,0.39029920296049,0,"2: Chr + Passive NC (Free)","Right-skewed"
2040,0.511073333333333,0.0300771643625518,0.46832,0.54178,0.00922666666666667,0.4797,1.06290826290825,0.388907519954403,0,"2: Chr + Passive NC (Free)","Right-skewed"
2040.5,0.510606666666667,0.0301885789471875,0.46798,0.54102,0.00914,0.480253333333333,1.06190349796645,0.386844186475957,0,"2: Chr + Passive NC (Free)","Right-skewed"
2041,0.509886666666667,0.0299219528835906,0.46768,0.53894,0.00903333333333333,0.48108,1.06124310824637,0.385046582969202,0,"2: Chr + Passive NC (Free)","Right-skewed"
2041.5,0.509506666666667,0.0296805861701264,0.4705,0.53978,0.00894,0.481553333333333,1.06040546767883,0.383370456484474,0,"2: Chr + Passive NC (Free)","Right-skewed"
2042,0.509,0.029640838556708,0.46864,0.54124,0.00881333333333333,0.482186666666667,1.06006495415068,0.382012970008915,0,"2: Chr + Passive NC (Free)","Right-skewed"
2042.5,0.508406666666667,0.0299491745707835,0.46792,0.54044,0.00874666666666667,0.482846666666667,1.05921472918476,0.380583031491703,0,"2: Chr + Passive NC (Free)","Right-skewed"
2043,0.507446666666667,0.0300472126578448,0.4683,0.53908,0.00862666666666667,0.483926666666667,1.0585849502456,0.378698758455734,0,"2: Chr + Passive NC (Free)","Right-skewed"
2043.5,0.50652,0.030404564085699,0.46666,0.53848,0.00852666666666667,0.484953333333333,1.05793428039055,0.376299056764135,0,"2: Chr + Passive NC (Free)","Right-skewed"
2044,0.505986666666667,0.0303707633155279,0.46304,0.53712,0.00841333333333333,0.4856,1.05703252046529,0.374393769398502,0,"2: Chr + Passive NC (Free)","Right-skewed"
2044.5,0.50516,0.0303155542186879,0.46182,0.5366,0.00836,0.48648,1.05639468521448,0.372841597014041,0,"2: Chr + Passive NC (Free)","Right-skewed"
2045,0.504753333333333,0.0306256905153211,0.46078,0.53762,0.00831333333333333,0.486933333333333,1.05557761811358,0.371937540962547,0,"2: Chr + Passive NC (Free)","Right-skewed"
2045.5,0.504113333333333,0.0311539750420318,0.4583,0.539,0.00822666666666667,0.48766,1.05496488360456,0.36980174156116,0,"2: Chr + Passive NC (Free)","Right-skewed"
2046,0.50362,0.0311936045611475,0.45776,0.53684,0.00812666666666667,0.488253333333333,1.05419874615193,0.368623269834241,0,"2: Chr + Passive NC (Free)","Right-skewed"
2046.5,0.502786666666667,0.0310912753405011,0.45772,0.53536,0.00804666666666667,0.489166666666667,1.05353242819815,0.367314689467447,0,"2: Chr + Passive NC (Free)","Right-skewed"
2047,0.501966666666667,0.0313079513237764,0.4568,0.53406,0.00794666666666667,0.490086666666667,1.05291411492294,0.365826953593978,0,"2: Chr + Passive NC (Free)","Right-skewed"
2047.5,0.50174,0.0314024005232194,0.4578,0.53314,0.0079,0.49036,1.05218731611096,0.364382502747521,0,"2: Chr + Passive NC (Free)","Right-skewed"
2048,0.500646666666667,0.0310577963262637,0.45748,0.5327,0.00782666666666667,0.491526666666667,1.05158829269741,0.362817756742944,0,"2: Chr + Passive NC (Free)","Right-skewed"
2048.5,0.499526666666667,0.031380753307735,0.45454,0.53198,0.00777333333333333,0.4927,1.0510122112205,0.36163683504322,0,"2: Chr + Passive NC (Free)","Right-skewed"
2049,0.498606666666667,0.0314668729293844,0.45384,0.53212,0.00774,0.493653333333333,1.05048643955933,0.360352354983079,0,"2: Chr + Passive NC (Free)","Right-skewed"
2049.5,0.49746,0.0312836698614469,0.45188,0.53162,0.0077,0.49484,1.04993731066539,0.358901338389245,0,"2: Chr + Passive NC (Free)","Right-skewed"
2050,0.496933333333333,0.0314691456261015,0.45034,0.53194,0.00766,0.495406666666667,1.04930084857888,0.357605699231845,0,"2: Chr + Passive NC (Free)","Right-skewed"
2050.5,0.496146666666667,0.0314120966522764,0.4495,0.53228,0.0076,0.496253333333333,1.04883188496282,0.356504173232163,0,"2: Chr + Passive NC (Free)","Right-skewed"
2051,0.495453333333333,0.0315569297633967,0.44756,0.5303,0.00754,0.497006666666667,1.04837976281068,0.355300194043451,0,"2: Chr + Passive NC (Free)","Right-skewed"
2051.5,0.49482,0.0319143400910668,0.44592,0.52866,0.00748,0.4977,1.04779992363344,0.353719745098384,0,"2: Chr + Passive NC (Free)","Right-skewed"
2052,0.493686666666667,0.0321448739232281,0.445,0.52834,0.00742666666666667,0.498886666666667,1.04707321119943,0.351939945591342,0,"2: Chr + Passive NC (Free)","Right-skewed"
2052.5,0.492833333333333,0.0323000195722513,0.44296,0.52606,0.00732666666666667,0.49984,1.04659239759049,0.350364914452029,0,"2: Chr + Passive NC (Free)","Right-skewed"
2053,0.49226,0.0324506691923985,0.44246,0.52562,0.00728666666666667,0.500453333333333,1.04598545682104,0.349015979048,0,"2: Chr + Passive NC (Free)","Right-skewed"
2053.5,0.491673333333333,0.0325565177894491,0.44216,0.52572,0.0072,0.501126666666667,1.04528929746817,0.348167526371071,0,"2: Chr + Passive NC (Free)","Right-skewed"
2054,0.490766666666667,0.0328795537906351,0.44008,0.5249,0.00716,0.502073333333333,1.04468096068198,0.347246045552823,0,"2: Chr + Passive NC (Free)","Right-skewed"
2054.5,0.490113333333333,0.0330352239736392,0.43864,0.52378,0.00709333333333333,0.502793333333333,1.04395418585432,0.346175798625964,0,"2: Chr + Passive NC (Free)","Right-skewed"
2055,0.489613333333333,0.03260742176289,0.43912,0.52252,0.00704,0.503346666666667,1.04327053351059,0.345981974138554,0,"2: Chr + Passive NC (Free)","Right-skewed"
2055.5,0.488786666666667,0.0321741782665298,0.43938,0.52224,0.00698666666666667,0.504226666666667,1.04266891887424,0.344003706038674,0,"2: Chr + Passive NC (Free)","Right-skewed"
2056,0.48778,0.0321546843265166,0.43852,0.52048,0.00695333333333333,0.505266666666667,1.04204312713665,0.342827766732774,0,"2: Chr + Passive NC (Free)","Right-skewed"
2056.5,0.487013333333333,0.0325252976697485,0.4373,0.5204,0.00692,0.506066666666667,1.04148805444116,0.341975088241819,0,"2: Chr + Passive NC (Free)","Right-skewed"
2057,0.486273333333333,0.0326511121776392,0.43652,0.51892,0.00687333333333333,0.506853333333333,1.04070903245567,0.340599400473103,0,"2: Chr + Passive NC (Free)","Right-skewed"
2057.5,0.485026666666667,0.0327751686213957,0.43572,0.51836,0.00680666666666667,0.508166666666667,1.04017983983043,0.339637718573847,0,"2: Chr + Passive NC (Free)","Right-skewed"
2058,0.48424,0.0327764170897519,0.43446,0.51782,0.00677333333333333,0.508986666666667,1.03937502235774,0.338408731997775,0,"2: Chr + Passive NC (Free)","Right-skewed"
2058.5,0.483326666666667,0.0329920568636142,0.43378,0.51808,0.00669333333333333,0.50998,1.03873673946248,0.33722415195891,0,"2: Chr + Passive NC (Free)","Right-skewed"
2059,0.482246666666667,0.032801668726825,0.43266,0.51702,0.00666666666666667,0.511086666666667,1.03827660912653,0.336183501548281,0,"2: Chr + Passive NC (Free)","Right-skewed"
2059.5,0.481126666666667,0.0329846143165142,0.43154,0.5163,0.00662666666666667,0.512246666666667,1.03759841847751,0.335122720915774,0,"2: Chr + Passive NC (Free)","Right-skewed"
2060,0.480533333333333,0.0330526156650098,0.43158,0.51646,0.00656,0.512906666666667,1.03676568346208,0.334660818015376,0,"2: Chr + Passive NC (Free)","Right-skewed"
2060.5,0.4793,0.0333765042280158,0.4289,0.51616,0.00650666666666667,0.514193333333333,1.03603869622421,0.333648244523899,0,"2: Chr + Passive NC (Free)","Right-skewed"
2061,0.47844,0.0340632434116914,0.4274,0.5169,0.00647333333333333,0.515086666666667,1.03550658044632,0.333048138823427,0,"2: Chr + Passive NC (Free)","Right-skewed"
2061.5,0.477953333333333,0.034335452004711,0.4263,0.51706,0.00640666666666667,0.51564,1.03501376577713,0.333529542050905,0,"2: Chr + Passive NC (Free)","Right-skewed"
2062,0.477433333333333,0.0344495266303831,0.42526,0.51556,0.00633333333333333,0.516233333333333,1.03430054984398,0.332703227637906,0,"2: Chr + Passive NC (Free)","Right-skewed"
2062.5,0.476626666666667,0.0340872605724387,0.42238,0.51412,0.00625333333333333,0.51712,1.03383739093997,0.331981285427526,0,"2: Chr + Passive NC (Free)","Right-skewed"
2063,0.47572,0.0338491012461544,0.42288,0.51278,0.00619333333333333,0.518086666666667,1.0330792617043,0.33149350149557,0,"2: Chr + Passive NC (Free)","Right-skewed"
2063.5,0.474913333333333,0.0338978865512834,0.42218,0.5114,0.00616,0.518926666666667,1.03245943064644,0.331560991460864,0,"2: Chr + Passive NC (Free)","Right-skewed"
2064,0.47414,0.0334645525274442,0.42174,0.50888,0.0061,0.51976,1.03177755266506,0.331739353727968,0,"2: Chr + Passive NC (Free)","Right-skewed"
2064.5,0.47352,0.0334050832390356,0.4201,0.5094,0.00604,0.52044,1.03103778332113,0.331619434647277,0,"2: Chr + Passive NC (Free)","Right-skewed"
2065,0.472433333333333,0.0336956799986988,0.4192,0.50942,0.00596,0.521606666666667,1.03067683289311,0.330843711022142,0,"2: Chr + Passive NC (Free)","Right-skewed"
2065.5,0.471273333333333,0.0338663288516051,0.41956,0.50782,0.00591333333333333,0.522813333333333,1.03036831025217,0.329954678840773,0,"2: Chr + Passive NC (Free)","Right-skewed"
2066,0.47068,0.0339537454132266,0.41958,0.50628,0.00588666666666667,0.523433333333333,1.02976008347785,0.329486437098601,0,"2: Chr + Passive NC (Free)","Right-skewed"
2066.5,0.469653333333333,0.0340063253075004,0.41804,0.50504,0.00584666666666667,0.5245,1.02913300125932,0.329005024794034,0,"2: Chr + Passive NC (Free)","Right-skewed"
2067,0.46886,0.0339019336240321,0.41668,0.50396,0.00578,0.52536,1.02857140680779,0.328667767297063,0,"2: Chr + Passive NC (Free)","Right-skewed"
2067.5,0.467833333333333,0.034557860858659,0.41468,0.50526,0.00576,0.526406666666667,1.02783339004146,0.328315668910264,0,"2: Chr + Passive NC (Free)","Right-skewed"
2068,0.46702,0.0345716387649841,0.41518,0.50162,0.00573333333333333,0.527246666666667,1.02718984844722,0.328047281800239,0,"2: Chr + Passive NC (Free)","Right-skewed"
2068.5,0.46626,0.0348935385778336,0.4143,0.50244,0.0057,0.52804,1.02644258030276,0.327979372781117,0,"2: Chr + Passive NC (Free)","Right-skewed"
2069,0.465813333333333,0.0349908336108417,0.41276,0.50004,0.00566666666666667,0.52852,1.02590415055575,0.328001742035254,0,"2: Chr + Passive NC (Free)","Right-skewed"
2069.5,0.465173333333333,0.0354727572335042,0.41166,0.5014,0.00562666666666667,0.5292,1.02542313353943,0.327110368114055,0,"2: Chr + Passive NC (Free)","Right-skewed"
2070,0.464333333333333,0.0354416989292063,0.40898,0.4982,0.00556,0.530106666666667,1.02482406638251,0.326325698949885,0,"2: Chr + Passive NC (Free)","Right-skewed"
2070.5,0.463146666666667,0.0352307441495824,0.40866,0.4973,0.00551333333333333,0.53134,1.02420032049862,0.325585546733424,0,"2: Chr + Passive NC (Free)","Right-skewed"
2071,0.462006666666667,0.0353349093120664,0.4085,0.4973,0.00548,0.532513333333333,1.02353026819353,0.32467928980857,0,"2: Chr + Passive NC (Free)","Right-skewed"
2071.5,0.46124,0.035543054028251,0.40698,0.49726,0.00544666666666667,0.533313333333333,1.02294153320122,0.324577147910404,0,"2: Chr + Passive NC (Free)","Right-skewed"
2072,0.460066666666667,0.0355074478183763,0.40448,0.49636,0.00543333333333333,0.5345,1.02248711025685,0.324378656795017,0,"2: Chr + Passive NC (Free)","Right-skewed"
2072.5,0.458553333333333,0.0356198194862058,0.40404,0.49352,0.00538666666666667,0.53606,1.02195311828098,0.323375029642541,0,"2: Chr + Passive NC (Free)","Right-skewed"
2073,0.457173333333333,0.0354599233067352,0.4025,0.4916,0.0053,0.537526666666667,1.02146468940232,0.321899158674201,0,"2: Chr + Passive NC (Free)","Right-skewed"
2073.5,0.456373333333333,0.0358104486132896,0.40184,0.4915,0.00527333333333333,0.538353333333333,1.02076162061375,0.322388231067554,0,"2: Chr + Passive NC (Free)","Right-skewed"
2074,0.455673333333333,0.0356841115356955,0.4002,0.49064,0.00522,0.539106666666667,1.02000393323496,0.322321212458039,0,"2: Chr + Passive NC (Free)","Right-skewed"
2074.5,0.454726666666667,0.0358760887936023,0.3997,0.49,0.0052,0.540073333333333,1.0194224563756,0.322385271431872,0,"2: Chr + Passive NC (Free)","Right-skewed"
2075,0.454086666666667,0.0360880793512812,0.3986,0.48978,0.00513333333333333,0.54078,1.01886393204761,0.322744948142342,0,"2: Chr + Passive NC (Free)","Right-skewed"
2075.5,0.452546666666667,0.0359445524464377,0.39664,0.48688,0.00505333333333333,0.5424,1.01848840595953,0.322187246712119,0,"2: Chr + Passive NC (Free)","Right-skewed"
2076,0.4513,0.0358000096320542,0.39656,0.48796,0.00502666666666667,0.543673333333333,1.01779110064246,0.32168275223334,0,"2: Chr + Passive NC (Free)","Right-skewed"
2076.5,0.45002,0.0357261750850395,0.3954,0.48624,0.00498,0.545,1.01710967566785,0.320385843785038,0,"2: Chr + Passive NC (Free)","Right-skewed"
2077,0.449153333333333,0.0357493065602709,0.39484,0.48592,0.00494,0.545906666666667,1.01655380385598,0.320201435187683,0,"2: Chr + Passive NC (Free)","Right-skewed"
2077.5,0.44796,0.0357434305514483,0.39414,0.48408,0.00490666666666667,0.547133333333333,1.01587091939798,0.32053965227682,0,"2: Chr + Passive NC (Free)","Right-skewed"
2078,0.447166666666667,0.035484861593345,0.39378,0.48334,0.00487333333333333,0.54796,1.01509701385035,0.319986547812801,0,"2: Chr + Passive NC (Free)","Right-skewed"
2078.5,0.44616,0.036016256865764,0.39192,0.48274,0.00483333333333333,0.549006666666667,1.01443805597242,0.32009411320525,0,"2: Chr + Passive NC (Free)","Right-skewed"
2079,0.444793333333333,0.035938893861025,0.39048,0.48046,0.0048,0.550406666666667,1.01376103049405,0.319860914716747,0,"2: Chr + Passive NC (Free)","Right-skewed"
2079.5,0.443773333333333,0.0358577162698903,0.38898,0.4785,0.00476666666666667,0.55146,1.01318037018848,0.319414808684803,0,"2: Chr + Passive NC (Free)","Right-skewed"
1980,0.00552,0.000299885035443182,0.0052,0.00582,0.332833333333333,0.661646666666667,1.17053796964943,0.096586526520898,0,"3: Chr + Active NC (Free)","Right-skewed"
1980.5,0.00597333333333333,0.000537512362862367,0.0052,0.00664,0.340886666666667,0.65314,1.20037889064703,0.16885954624071,0,"3: Chr + Active NC (Free)","Right-skewed"
1981,0.00658,0.000663012976416414,0.00578,0.0074,0.347946666666667,0.645473333333333,1.22974843640871,0.247531826849555,0,"3: Chr + Active NC (Free)","Right-skewed"
1981.5,0.00718,0.000839293627465054,0.00618,0.00822,0.35562,0.6372,1.24512778490687,0.308630145755301,0,"3: Chr + Active NC (Free)","Right-skewed"
1982,0.00802666666666667,0.00114438157771012,0.00676,0.00942,0.36272,0.629253333333333,1.26417763438517,0.372496324056931,0,"3: Chr + Active NC (Free)","Right-skewed"
1982.5,0.00884666666666667,0.00146375363796087,0.00736,0.011,0.3702,0.620953333333333,1.28168227202333,0.425434214214416,0,"3: Chr + Active NC (Free)","Right-skewed"
1983,0.00986,0.00173017838426542,0.00796,0.01204,0.377966666666667,0.612173333333333,1.29383239956997,0.471467744779789,0,"3: Chr + Active NC (Free)","Right-skewed"
1983.5,0.0109933333333333,0.00195852395746236,0.0088,0.0129,0.385626666666667,0.60338,1.30749355074736,0.519527476195984,0,"3: Chr + Active NC (Free)","Right-skewed"
1984,0.01242,0.00241052290792997,0.0098,0.01464,0.392286666666667,0.595293333333333,1.31914620517081,0.567581795384905,0,"3: Chr + Active NC (Free)","Right-skewed"
1984.5,0.0137733333333333,0.00294816521940673,0.0102,0.01648,0.39894,0.587286666666667,1.32396803407111,0.60006133667811,0,"3: Chr + Active NC (Free)","Right-skewed"
1985,0.0154,0.00335281662342945,0.01138,0.01882,0.40554,0.57906,1.32251357083264,0.627340172454441,0,"3: Chr + Active NC (Free)","Right-skewed"
1985.5,0.0173133333333333,0.00414551966987655,0.0129,0.02114,0.4123,0.570386666666667,1.32681279627574,0.657465728207311,0,"3: Chr + Active NC (Free)","Right-skewed"
1986,0.0195466666666667,0.00488147330313251,0.01412,0.02326,0.418513333333333,0.56194,1.32926364746779,0.679200636848586,0,"3: Chr + Active NC (Free)","Right-skewed"
1986.5,0.0219,0.00577312441553457,0.01532,0.02642,0.424713333333333,0.553386666666667,1.32678081864829,0.69650158543854,0,"3: Chr + Active NC (Free)","Right-skewed"
1987,0.02448,0.00670760762120147,0.01654,0.03044,0.43012,0.5454,1.32611156923391,0.713093815929827,0,"3: Chr + Active NC (Free)","Right-skewed"
1987.5,0.0276133333333333,0.00791087132100322,0.0187,0.03406,0.435086666666667,0.5373,1.3249940258502,0.734134256817624,0,"3: Chr + Active NC (Free)","Right-skewed"
1988,0.0309466666666667,0.0091006530017066,0.02,0.03922,0.44022,0.528833333333333,1.32124790730704,0.745450943608904,0,"3: Chr + Active NC (Free)","Right-skewed"
1988.5,0.0347533333333333,0.0106952368816227,0.0222,0.04502,0.444753333333333,0.520493333333333,1.31588568152465,0.756385608198565,0,"3: Chr + Active NC (Free)","Right-skewed"
1989,0.0388333333333333,0.0121929412404044,0.0259,0.04952,0.44872,0.512446666666667,1.31226723459585,0.768901074189901,0,"3: Chr + Active NC (Free)","Right-skewed"
1989.5,0.0433333333333333,0.0140840171907693,0.02808,0.05538,0.452206666666667,0.50446,1.3045286317708,0.775353790278679,0,"3: Chr + Active NC (Free)","Right-skewed"
1990,0.0482133333333333,0.0165523565013301,0.03048,0.06082,0.45532,0.496466666666667,1.29870564402703,0.780872500130133,0,"3: Chr + Active NC (Free)","Right-skewed"
1990.5,0.05344,0.0186045155809013,0.03192,0.06726,0.457813333333333,0.488746666666667,1.29325733916946,0.784945845783453,0,"3: Chr + Active NC (Free)","Right-skewed"
1991,0.0592666666666667,0.021417964315086,0.03468,0.07504,0.459673333333333,0.48106,1.286531756493,0.790799227145286,0,"3: Chr + Active NC (Free)","Right-skewed"
1991.5,0.0656866666666667,0.0242856383462543,0.03764,0.08404,0.460553333333333,0.47376,1.28168204854494,0.792355690890848,0,"3: Chr + Active NC (Free)","Right-skewed"
1992,0.0729066666666667,0.0264546317349134,0.04322,0.09442,0.460806666666667,0.466286666666667,1.2743917579859,0.798083531607047,0,"3: Chr + Active NC (Free)","Right-skewed"
1992.5,0.0807066666666667,0.0292727828552728,0.04688,0.10448,0.461093333333333,0.4582,1.26685170735398,0.79941651832707,0,"3: Chr + Active NC (Free)","Right-skewed"
1993,0.08914,0.0328152256503404,0.05176,0.11582,0.46034,0.45052,1.26025829925362,0.802753751773629,0,"3: Chr + Active NC (Free)","Right-skewed"
1993.5,0.0982933333333333,0.0360197544778373,0.05692,0.12838,0.458033333333333,0.443673333333333,1.25502450018963,0.803251648103577,0,"3: Chr + Active NC (Free)","Right-skewed"
1994,0.107553333333333,0.0398266132935853,0.06122,0.14342,0.45542,0.437026666666667,1.24892568497896,0.806554455616495,0,"3: Chr + Active NC (Free)","Right-skewed"
1994.5,0.117553333333333,0.0432960198324665,0.0662,0.15616,0.452113333333333,0.430333333333333,1.24207650217874,0.807291527988932,0,"3: Chr + Active NC (Free)","Right-skewed"
1995,0.12852,0.0475056032992697,0.07018,0.16984,0.447726666666667,0.423753333333333,1.23696887201043,0.808079396954046,0,"3: Chr + Active NC (Free)","Right-skewed"
1995.5,0.139286666666667,0.0507540569693751,0.07602,0.18376,0.442606666666667,0.418106666666667,1.23136224985269,0.806781368930344,0,"3: Chr + Active NC (Free)","Right-skewed"
1996,0.15092,0.0540956139467505,0.08294,0.1975,0.43742,0.41166,1.22583220629966,0.806630443975993,0,"3: Chr + Active NC (Free)","Right-skewed"
1996.5,0.163766666666667,0.057318759842525,0.09218,0.2181,0.430166666666667,0.406066666666667,1.22007715901194,0.806943630522331,0,"3: Chr + Active NC (Free)","Right-skewed"
1997,0.176166666666667,0.0607260685562539,0.10054,0.2347,0.4232,0.400633333333333,1.21399289788309,0.805492996615563,0,"3: Chr + Active NC (Free)","Right-skewed"
1997.5,0.18942,0.0641244124796638,0.10862,0.2506,0.415493333333333,0.395086666666667,1.2086665712009,0.803842666257018,0,"3: Chr + Active NC (Free)","Right-skewed"
1998,0.202673333333333,0.0670804454436577,0.11638,0.26712,0.407333333333333,0.389993333333333,1.20256499019141,0.800965799277044,0,"3: Chr + Active NC (Free)","Right-skewed"
1998.5,0.2162,0.0698585763500458,0.12572,0.28284,0.39898,0.38482,1.19716237241283,0.798431561214181,0,"3: Chr + Active NC (Free)","Right-skewed"
1999,0.229926666666667,0.07263415143046,0.13658,0.29976,0.39002,0.380053333333333,1.19261022578719,0.79567543213846,0,"3: Chr + Active NC (Free)","Right-skewed"
1999.5,0.244233333333333,0.0751438176654163,0.14588,0.31572,0.379633333333333,0.376133333333333,1.18749856169462,0.791847765597332,0,"3: Chr + Active NC (Free)","Right-skewed"
2000,0.25882,0.0779221423977939,0.15568,0.33376,0.369013333333333,0.372166666666667,1.18275215037172,0.788838914682187,0,"3: Chr + Active NC (Free)","Right-skewed"
2000.5,0.273493333333333,0.0798836003770198,0.16538,0.35214,0.35868,0.367826666666667,1.17798478624608,0.785888057274594,0,"3: Chr + Active NC (Free)","Right-skewed"
2001,0.287413333333333,0.0824215561582055,0.17406,0.36762,0.34808,0.364506666666667,1.1735543305977,0.781946368736208,0,"3: Chr + Active NC (Free)","Right-skewed"
2001.5,0.30156,0.0833822506540687,0.18718,0.38088,0.33698,0.36146,1.16916431694146,0.777777248222415,0,"3: Chr + Active NC (Free)","Right-skewed"
2002,0.316133333333333,0.0843056235426768,0.19954,0.39722,0.325146666666667,0.35872,1.16478689244445,0.773857071030403,0,"3: Chr + Active NC (Free)","Right-skewed"
2002.5,0.32996,0.0850916325559363,0.21226,0.41066,0.313806666666667,0.356233333333333,1.16108106421729,0.769431351719255,0,"3: Chr + Active NC (Free)","Right-skewed"
2003,0.344026666666667,0.0853152326348597,0.22526,0.42562,0.302506666666667,0.353466666666667,1.15718265455149,0.765146765122579,0,"3: Chr + Active NC (Free)","Right-skewed"
2003.5,0.357633333333333,0.0860479430651723,0.23684,0.44186,0.29118,0.351186666666667,1.15364153298147,0.760434359025841,0,"3: Chr + Active NC (Free)","Right-skewed"
2004,0.370746666666667,0.0851666752592388,0.25294,0.45498,0.27984,0.349413333333333,1.14994310243964,0.75428316176639,0,"3: Chr + Active NC (Free)","Right-skewed"
2004.5,0.3842,0.0845784842616608,0.26732,0.46772,0.268393333333333,0.347406666666667,1.14587645986686,0.749547781047558,0,"3: Chr + Active NC (Free)","Right-skewed"
2005,0.396853333333333,0.0839556193651652,0.28008,0.47966,0.257273333333333,0.345873333333333,1.14253749834074,0.744459292191743,0,"3: Chr + Active NC (Free)","Right-skewed"
2005.5,0.40964,0.0831708569649,0.29308,0.49118,0.24616,0.3442,1.13935214762736,0.738663888632848,0,"3: Chr + Active NC (Free)","Right-skewed"
2006,0.422246666666667,0.0824291325021528,0.30762,0.50168,0.234913333333333,0.34284,1.13615581494231,0.732839065926907,0,"3: Chr + Active NC (Free)","Right-skewed"
2006.5,0.43354,0.0806479133706166,0.32368,0.51502,0.224593333333333,0.341866666666667,1.13345288081473,0.726382819569092,0,"3: Chr + Active NC (Free)","Right-skewed"
2007,0.444466666666667,0.0789934669203217,0.33944,0.5234,0.214493333333333,0.34104,1.13074091311461,0.71993052279852,0,"3: Chr + Active NC (Free)","Right-skewed"
2007.5,0.455486666666667,0.0775197182182938,0.35394,0.53326,0.204573333333333,0.33994,1.12777864024821,0.713576168805508,0,"3: Chr + Active NC (Free)","Right-skewed"
2008,0.46526,0.0760446357127816,0.36778,0.54144,0.19506,0.33968,1.12518041168786,0.706789092831681,0,"3: Chr + Active NC (Free)","Right-skewed"
2008.5,0.47514,0.0746251348985092,0.37918,0.54854,0.18588,0.33898,1.12303975549744,0.699506035341129,0,"3: Chr + Active NC (Free)","Right-skewed"
2009,0.484173333333333,0.0725861720151717,0.39474,0.55556,0.17688,0.338946666666667,1.12083279970939,0.693055158563269,0,"3: Chr + Active NC (Free)","Right-skewed"
2009.5,0.49286,0.070354572921982,0.41138,0.56292,0.16822,0.33892,1.11868021614459,0.686347295511431,0,"3: Chr + Active NC (Free)","Right-skewed"
2010,0.50178,0.0676613545279115,0.4278,0.56564,0.159826666666667,0.338393333333333,1.11616086398641,0.679193895484261,0,"3: Chr + Active NC (Free)","Right-skewed"
2010.5,0.509513333333333,0.0652762761643544,0.44028,0.5714,0.15234,0.338146666666667,1.11398675577403,0.67137107639498,0,"3: Chr + Active NC (Free)","Right-skewed"
2011,0.51718,0.0634299254947999,0.45006,0.57712,0.144633333333333,0.338186666666667,1.11190473404972,0.664740458527183,0,"3: Chr + Active NC (Free)","Right-skewed"
2011.5,0.523946666666667,0.0618131541258696,0.45926,0.58394,0.137786666666667,0.338266666666667,1.10985691399687,0.657297936151475,0,"3: Chr + Active NC (Free)","Right-skewed"
2012,0.52878,0.0595067159350885,0.46696,0.58664,0.130853333333333,0.340366666666667,1.10824993672732,0.6526493459609,0,"3: Chr + Active NC (Free)","Right-skewed"
2012.5,0.53322,0.0569402675526338,0.47384,0.5901,0.124173333333333,0.342606666666667,1.10659774066328,0.647942838031289,0,"3: Chr + Active NC (Free)","Right-skewed"
2013,0.537766666666667,0.0542714526681629,0.48472,0.5903,0.118046666666667,0.344186666666667,1.10475587701643,0.643039827473492,0,"3: Chr + Active NC (Free)","Right-skewed"
2013.5,0.5421,0.0522530381891809,0.49166,0.59458,0.1124,0.3455,1.10306727673381,0.638064775644301,0,"3: Chr + Active NC (Free)","Right-skewed"
2014,0.54656,0.0500819025748547,0.49806,0.59594,0.10672,0.34672,1.10124046925609,0.633292632294788,0,"3: Chr + Active NC (Free)","Right-skewed"
2014.5,0.550906666666667,0.0477400065970362,0.50698,0.59718,0.101593333333333,0.3475,1.09950215853698,0.628660386160801,0,"3: Chr + Active NC (Free)","Right-skewed"
2015,0.554913333333333,0.0456117856316298,0.51016,0.6002,0.09688,0.348206666666667,1.09792744245656,0.624141165723274,0,"3: Chr + Active NC (Free)","Right-skewed"
2015.5,0.558486666666667,0.0438735073099719,0.51268,0.60346,0.0924333333333333,0.34908,1.09639658912354,0.61938717193819,0,"3: Chr + Active NC (Free)","Right-skewed"
2016,0.561606666666667,0.0425247833081169,0.51542,0.60382,0.0884466666666667,0.349946666666667,1.09507300425464,0.613957333278814,0,"3: Chr + Active NC (Free)","Right-skewed"
2016.5,0.56468,0.0402681905778468,0.52046,0.60608,0.0842,0.35112,1.09359000183943,0.609365652657899,0,"3: Chr + Active NC (Free)","Right-skewed"
2017,0.567153333333333,0.0388544120188858,0.52422,0.60698,0.0805933333333333,0.352253333333333,1.0923657361723,0.604610139711779,0,"3: Chr + Active NC (Free)","Right-skewed"
2017.5,0.569786666666667,0.0378626167495914,0.52836,0.6071,0.0769733333333333,0.35324,1.09109926307335,0.599850415651885,0,"3: Chr + Active NC (Free)","Right-skewed"
2018,0.5719,0.0362308213237446,0.53346,0.60634,0.0734666666666667,0.354633333333333,1.0897857148637,0.595322283233756,0,"3: Chr + Active NC (Free)","Right-skewed"
2018.5,0.574226666666667,0.0348069645560942,0.53708,0.6073,0.0702933333333333,0.35548,1.08827724449665,0.590684939686734,0,"3: Chr + Active NC (Free)","Right-skewed"
2019,0.576606666666667,0.0337174663969564,0.53998,0.60816,0.0674733333333333,0.35592,1.0866887668697,0.585814157299323,0,"3: Chr + Active NC (Free)","Right-skewed"
2019.5,0.57834,0.032688631367643,0.54382,0.61078,0.0649266666666667,0.356733333333333,1.08559688169628,0.58046801172025,0,"3: Chr + Active NC (Free)","Right-skewed"
2020,0.579693333333333,0.0311888456335598,0.5466,0.61154,0.0624466666666667,0.35786,1.08431000380078,0.575722178069098,0,"3: Chr + Active NC (Free)","Right-skewed"
2020.5,0.58118,0.0304717551524189,0.54918,0.6115,0.0601933333333333,0.358626666666667,1.08297383526874,0.571163808593951,0,"3: Chr + Active NC (Free)","Right-skewed"
2021,0.582506666666667,0.0296430131714888,0.55152,0.61258,0.05796,0.359533333333333,1.08189466252457,0.566410820724387,0,"3: Chr + Active NC (Free)","Right-skewed"
2021.5,0.583653333333333,0.02854812915343,0.55194,0.6143,0.0561466666666667,0.3602,1.08082663115764,0.561332422721192,0,"3: Chr + Active NC (Free)","Right-skewed"
2022,0.58478,0.0280242431993542,0.55518,0.61576,0.0541666666666667,0.361053333333333,1.07967522902802,0.556824137407161,0,"3: Chr + Active NC (Free)","Right-skewed"
2022.5,0.5855,0.0271093698015,0.55686,0.61472,0.05242,0.36208,1.07865252116056,0.552397010177566,0,"3: Chr + Active NC (Free)","Right-skewed"
2023,0.586313333333333,0.0262834776124146,0.55834,0.61302,0.0506533333333333,0.363033333333333,1.07760376877002,0.548096194570917,0,"3: Chr + Active NC (Free)","Right-skewed"
2023.5,0.587066666666667,0.0254850508355772,0.55998,0.61532,0.0491133333333333,0.36382,1.07673825084337,0.543745084109824,0,"3: Chr + Active NC (Free)","Right-skewed"
2024,0.58736,0.0250559319151759,0.55968,0.61312,0.04764,0.365,1.07580500855158,0.538508340439214,0,"3: Chr + Active NC (Free)","Right-skewed"
2024.5,0.588186666666667,0.0248495019492632,0.56128,0.61282,0.04606,0.365753333333333,1.07463064387678,0.534169520331863,0,"3: Chr + Active NC (Free)","Right-skewed"
2025,0.588653333333333,0.02413924738611,0.56094,0.61246,0.0446666666666667,0.36668,1.07365321774077,0.529645724473404,0,"3: Chr + Active NC (Free)","Right-skewed"
2025.5,0.589046666666667,0.023465994961651,0.56218,0.61088,0.0432133333333333,0.36774,1.07269049762716,0.525416778745438,0,"3: Chr + Active NC (Free)","Right-skewed"
2026,0.589193333333333,0.0230263706894169,0.56252,0.61052,0.042,0.368806666666667,1.07185533244896,0.52088448110883,0,"3: Chr + Active NC (Free)","Right-skewed"
2026.5,0.5894,0.0228702487057327,0.56246,0.61174,0.04094,0.36966,1.07085194157753,0.516689245939136,0,"3: Chr + Active NC (Free)","Right-skewed"
2027,0.589566666666667,0.0226478945254693,0.56198,0.61394,0.0398666666666667,0.370566666666667,1.06993395977986,0.512404812783864,0,"3: Chr + Active NC (Free)","Right-skewed"
2027.5,0.58994,0.022339953384942,0.56378,0.61266,0.03892,0.37114,1.06901330052542,0.508274657265366,0,"3: Chr + Active NC (Free)","Right-skewed"
2028,0.590086666666667,0.0221413442779968,0.56418,0.61306,0.0379333333333333,0.37198,1.06808403240341,0.504459320357508,0,"3: Chr + Active NC (Free)","Right-skewed"
2028.5,0.589993333333333,0.0216416254940101,0.5669,0.6123,0.0371733333333333,0.372833333333333,1.06715854122358,0.50060280903672,0,"3: Chr + Active NC (Free)","Right-skewed"
2029,0.590153333333333,0.0214876826518619,0.56522,0.61272,0.0363133333333333,0.373533333333333,1.06618239632154,0.496300429103489,0,"3: Chr + Active NC (Free)","Right-skewed"
2029.5,0.589806666666667,0.0217503378227167,0.56528,0.6123,0.03552,0.374673333333333,1.06552266270926,0.492292599312775,0,"3: Chr + Active NC (Free)","Right-skewed"
2030,0.589986666666667,0.0215441764806614,0.56424,0.6121,0.0347533333333333,0.37526,1.06472563771133,0.488315106988227,0,"3: Chr + Active NC (Free)","Right-skewed"
2030.5,0.58992,0.0209297412541464,0.56628,0.61192,0.034,0.37608,1.06381388345216,0.48492246650268,0,"3: Chr + Active NC (Free)","Right-skewed"
2031,0.5894,0.0209196822023729,0.56458,0.61162,0.0331066666666667,0.377493333333333,1.06309997567156,0.481161799867918,0,"3: Chr + Active NC (Free)","Right-skewed"
2031.5,0.588693333333333,0.0210861440587028,0.56462,0.6102,0.03244,0.378866666666667,1.06223100012999,0.477271250425704,0,"3: Chr + Active NC (Free)","Right-skewed"
2032,0.587913333333333,0.0211472136149934,0.5631,0.61006,0.0318533333333333,0.380233333333333,1.06157903010724,0.473400286799872,0,"3: Chr + Active NC (Free)","Right-skewed"
2032.5,0.587693333333333,0.0211029485328854,0.56422,0.60908,0.0313933333333333,0.380913333333333,1.06070988090497,0.470192210209201,0,"3: Chr + Active NC (Free)","Right-skewed"
2033,0.587733333333333,0.0206007923070488,0.56588,0.60856,0.0308266666666667,0.38144,1.05960520928616,0.466564353200024,0,"3: Chr + Active NC (Free)","Right-skewed"
2033.5,0.5873,0.0204743573853937,0.565,0.6082,0.0302866666666667,0.382413333333333,1.05873876657669,0.463002360369426,0,"3: Chr + Active NC (Free)","Right-skewed"
2034,0.58678,0.0209009717642423,0.56324,0.60824,0.0299466666666667,0.383273333333333,1.05797719543035,0.458840082747224,0,"3: Chr + Active NC (Free)","Right-skewed"
2034.5,0.586666666666667,0.0210136463597666,0.5633,0.6077,0.0294466666666667,0.383886666666667,1.05735205790879,0.455871738836193,0,"3: Chr + Active NC (Free)","Right-skewed"
2035,0.586533333333333,0.0209300531876243,0.56224,0.60874,0.0290133333333333,0.384453333333333,1.05639372307743,0.452822610737158,0,"3: Chr + Active NC (Free)","Right-skewed"
2035.5,0.58622,0.020669307580615,0.56176,0.6076,0.0286333333333333,0.385146666666667,1.05566021915641,0.450050047872159,0,"3: Chr + Active NC (Free)","Right-skewed"
2036,0.585653333333333,0.0206967552568251,0.56192,0.60688,0.0281933333333333,0.386153333333333,1.05500582549542,0.446446758166746,0,"3: Chr + Active NC (Free)","Right-skewed"
2036.5,0.584833333333333,0.0211844499466054,0.55922,0.60762,0.0276066666666667,0.38756,1.05434081649581,0.443453805821067,0,"3: Chr + Active NC (Free)","Right-skewed"
2037,0.584886666666667,0.02112371984831,0.56026,0.60716,0.0272066666666667,0.387906666666667,1.05355238947357,0.44135611534854,0,"3: Chr + Active NC (Free)","Right-skewed"
2037.5,0.58464,0.0212166752896119,0.55966,0.60694,0.0267466666666667,0.388613333333333,1.05290201237905,0.438200612836443,0,"3: Chr + Active NC (Free)","Right-skewed"
2038,0.5842,0.0211053188262727,0.56012,0.60582,0.0264066666666667,0.389393333333333,1.05219246412768,0.435212775855621,0,"3: Chr + Active NC (Free)","Right-skewed"
2038.5,0.58336,0.0210421842317137,0.55804,0.60452,0.0260466666666667,0.390593333333333,1.05149572543722,0.4321604462139,0,"3: Chr + Active NC (Free)","Right-skewed"
2039,0.58308,0.0214144392150846,0.556,0.60494,0.0257466666666667,0.391173333333333,1.05059340969134,0.429239046074636,0,"3: Chr + Active NC (Free)","Right-skewed"
2039.5,0.58244,0.0216230018012428,0.55642,0.60644,0.02538,0.39218,1.05004916199723,0.426018325635861,0,"3: Chr + Active NC (Free)","Right-skewed"
2040,0.581626666666667,0.0217606879539661,0.55634,0.60542,0.0249466666666667,0.393426666666667,1.04936090190495,0.424040726639754,0,"3: Chr + Active NC (Free)","Right-skewed"
2040.5,0.580673333333333,0.0216355061516199,0.55576,0.60342,0.0245933333333333,0.394733333333333,1.0489225817469,0.421593070286449,0,"3: Chr + Active NC (Free)","Right-skewed"
2041,0.580193333333333,0.0218899116006679,0.55224,0.6029,0.02428,0.395526666666667,1.04822721891974,0.419369424837856,0,"3: Chr + Active NC (Free)","Right-skewed"
2041.5,0.579193333333333,0.0214595358328394,0.55122,0.6018,0.02398,0.396826666666667,1.04767681667691,0.41651064659277,0,"3: Chr + Active NC (Free)","Right-skewed"
2042,0.578613333333333,0.0214740859599679,0.55198,0.59982,0.0236866666666667,0.3977,1.04694700438781,0.414712540658097,0,"3: Chr + Active NC (Free)","Right-skewed"
2042.5,0.578126666666667,0.0213656174541107,0.55212,0.5998,0.0233066666666667,0.398566666666667,1.04617838394794,0.413048384212783,0,"3: Chr + Active NC (Free)","Right-skewed"
2043,0.577073333333333,0.0213768475036756,0.55088,0.59842,0.0229733333333333,0.399953333333333,1.0454786680931,0.410107537080843,0,"3: Chr + Active NC (Free)","Right-skewed"
2043.5,0.576506666666667,0.021446693070918,0.55102,0.59736,0.0226933333333333,0.4008,1.04476454148197,0.408144432738674,0,"3: Chr + Active NC (Free)","Right-skewed"
2044,0.576086666666667,0.0212918429148969,0.54836,0.59606,0.02242,0.401493333333333,1.04414890211171,0.406480630431415,0,"3: Chr + Active NC (Free)","Right-skewed"
2044.5,0.57552,0.0211850695635816,0.54764,0.59686,0.0220733333333333,0.402406666666667,1.04348305970123,0.404324905032841,0,"3: Chr + Active NC (Free)","Right-skewed"
2045,0.574773333333333,0.0211788921160756,0.5463,0.59626,0.0217533333333333,0.403473333333333,1.04287835164684,0.402378282156717,0,"3: Chr + Active NC (Free)","Right-skewed"
2045.5,0.57372,0.0216272879993516,0.5445,0.59582,0.0214533333333333,0.404826666666667,1.04239980258167,0.40001714674229,0,"3: Chr + Active NC (Free)","Right-skewed"
2046,0.5729,0.021530908016152,0.54378,0.5953,0.0212666666666667,0.405833333333333,1.04164465204988,0.397642398861138,0,"3: Chr + Active NC (Free)","Right-skewed"
2046.5,0.572206666666667,0.0213748471796648,0.5447,0.5961,0.02104,0.406753333333333,1.04081623074796,0.395653521044336,0,"3: Chr + Active NC (Free)","Right-skewed"
2047,0.571526666666667,0.0218058823657087,0.54336,0.5955,0.0206866666666667,0.407786666666667,1.04016254948277,0.393636138236828,0,"3: Chr + Active NC (Free)","Right-skewed"
2047.5,0.570853333333333,0.0220186086398932,0.54216,0.59462,0.02042,0.408726666666667,1.03956858198334,0.392002246457929,0,"3: Chr + Active NC (Free)","Right-skewed"
2048,0.56974,0.0223395211877191,0.54072,0.59302,0.0201333333333333,0.410126666666667,1.03905326657313,0.389966367520223,0,"3: Chr + Active NC (Free)","Right-skewed"
2048.5,0.56882,0.022139018450036,0.54088,0.59262,0.0199866666666667,0.411193333333333,1.03838177639409,0.38830065222546,0,"3: Chr + Active NC (Free)","Right-skewed"
2049,0.568533333333333,0.0222049595785504,0.54044,0.59166,0.01976,0.411706666666667,1.03747596744346,0.386634925097517,0,"3: Chr + Active NC (Free)","Right-skewed"
2049.5,0.5678,0.0220450948488899,0.53978,0.59086,0.0194733333333333,0.412726666666667,1.03670244943147,0.3852920431882,0,"3: Chr + Active NC (Free)","Right-skewed"
2050,0.56712,0.0218018411117518,0.53934,0.59072,0.0192133333333333,0.413666666666667,1.03607285626841,0.383587823283654,0,"3: Chr + Active NC (Free)","Right-skewed"
2050.5,0.566473333333333,0.0219842252744903,0.5379,0.5913,0.01896,0.414566666666667,1.03540578303172,0.382016154576152,0,"3: Chr + Active NC (Free)","Right-skewed"
2051,0.565793333333333,0.0221250666600723,0.5372,0.59038,0.01876,0.415446666666667,1.0347652022767,0.380446774263864,0,"3: Chr + Active NC (Free)","Right-skewed"
2051.5,0.564993333333333,0.0215872557124661,0.53826,0.58986,0.0185666666666667,0.41644,1.03418990812631,0.378786859077534,0,"3: Chr + Active NC (Free)","Right-skewed"
2052,0.5645,0.0220791522825774,0.5356,0.58746,0.0183,0.4172,1.03364902789942,0.377487268487551,0,"3: Chr + Active NC (Free)","Right-skewed"
2052.5,0.563766666666667,0.022548099290388,0.53298,0.58834,0.01806,0.418173333333333,1.03278401492734,0.376363538768611,0,"3: Chr + Active NC (Free)","Right-skewed"
2053,0.562913333333333,0.022437326248807,0.53386,0.58722,0.0178133333333333,0.419273333333333,1.03213393819951,0.374746616818045,0,"3: Chr + Active NC (Free)","Right-skewed"
2053.5,0.562093333333333,0.0225312493085115,0.53468,0.5883,0.01758,0.420326666666667,1.03155149543163,0.372912437094873,0,"3: Chr + Active NC (Free)","Right-skewed"
2054,0.561706666666667,0.0226845676440042,0.53498,0.58726,0.0174333333333333,0.42086,1.03101255519372,0.370697829426222,0,"3: Chr + Active NC (Free)","Right-skewed"
2054.5,0.560926666666667,0.0228861339338208,0.53426,0.58744,0.0172066666666667,0.421866666666667,1.03009621707043,0.36967018549506,0,"3: Chr + Active NC (Free)","Right-skewed"
2055,0.559906666666667,0.0224997001257156,0.53254,0.58626,0.01696,0.423133333333333,1.02959765625667,0.367760726843199,0,"3: Chr + Active NC (Free)","Right-skewed"
2055.5,0.558833333333333,0.0225819631004761,0.53152,0.58364,0.0166866666666667,0.42448,1.02916819485257,0.366616258664694,0,"3: Chr + Active NC (Free)","Right-skewed"
2056,0.557706666666667,0.0226192919388758,0.5298,0.58228,0.0164266666666667,0.425866666666667,1.02848629207069,0.365409622442413,0,"3: Chr + Active NC (Free)","Right-skewed"
2056.5,0.556693333333333,0.0228515287850964,0.52958,0.58292,0.0162933333333333,0.427013333333333,1.02786492200715,0.365011879506412,0,"3: Chr + Active NC (Free)","Right-skewed"
2057,0.55564,0.0227549706581919,0.52942,0.58074,0.01604,0.42832,1.02712122932076,0.364894835412301,0,"3: Chr + Active NC (Free)","Right-skewed"
2057.5,0.555246666666667,0.0233509762526971,0.52796,0.58042,0.0158133333333333,0.42894,1.02634518755394,0.364208602593917,0,"3: Chr + Active NC (Free)","Right-skewed"
2058,0.554526666666667,0.0232606510024434,0.52684,0.58106,0.0155933333333333,0.42988,1.02555721970687,0.362596740477309,0,"3: Chr + Active NC (Free)","Right-skewed"
2058.5,0.553413333333333,0.0234660684354259,0.52216,0.58088,0.01538,0.431206666666667,1.02513339304103,0.361495738223616,0,"3: Chr + Active NC (Free)","Right-skewed"
2059,0.552406666666667,0.023269188349334,0.52096,0.57926,0.0151933333333333,0.4324,1.02435563554723,0.360519712186429,0,"3: Chr + Active NC (Free)","Right-skewed"
2059.5,0.551506666666667,0.0229914966789948,0.52048,0.5769,0.01504,0.433453333333333,1.02374447667263,0.359810794066881,0,"3: Chr + Active NC (Free)","Right-skewed"
2060,0.550406666666667,0.0229421150654895,0.51874,0.5751,0.0148266666666667,0.434766666666667,1.0231582646976,0.358210806236925,0,"3: Chr + Active NC (Free)","Right-skewed"
2060.5,0.549273333333333,0.0232931236461622,0.51874,0.5747,0.0146933333333333,0.436033333333333,1.02249082352026,0.357680136165367,0,"3: Chr + Active NC (Free)","Right-skewed"
2061,0.54826,0.0232787101194973,0.52156,0.5747,0.01444,0.4373,1.02198674894861,0.356894114382531,0,"3: Chr + Active NC (Free)","Right-skewed"
2061.5,0.547466666666667,0.0234831316323945,0.5204,0.57464,0.0142666666666667,0.438266666666667,1.02144360959011,0.356459276672291,0,"3: Chr + Active NC (Free)","Right-skewed"
2062,0.546593333333333,0.0235741812792832,0.51834,0.57364,0.0141066666666667,0.4393,1.02077528012117,0.356472280331253,0,"3: Chr + Active NC (Free)","Right-skewed"
2062.5,0.545906666666667,0.0235133261310927,0.51718,0.57388,0.0139466666666667,0.440146666666667,1.02026598454645,0.355911216623709,0,"3: Chr + Active NC (Free)","Right-skewed"
2063,0.545326666666667,0.0236632981251752,0.51628,0.57288,0.0138266666666667,0.440846666666667,1.01937396585871,0.354832941441517,0,"3: Chr + Active NC (Free)","Right-skewed"
2063.5,0.544406666666667,0.0241658341513362,0.51334,0.57054,0.0136666666666667,0.441926666666667,1.01869211854951,0.354054302714891,0,"3: Chr + Active NC (Free)","Right-skewed"
2064,0.543333333333333,0.0239214423122614,0.51416,0.57026,0.0135466666666667,0.44312,1.01818887981498,0.353662191378571,0,"3: Chr + Active NC (Free)","Right-skewed"
2064.5,0.542686666666667,0.0236953470382767,0.51316,0.56796,0.0133533333333333,0.44396,1.01745902090113,0.353690367917696,0,"3: Chr + Active NC (Free)","Right-skewed"
2065,0.54184,0.0236174336542689,0.51102,0.56776,0.01322,0.44494,1.01667441458795,0.35345421548775,0,"3: Chr + Active NC (Free)","Right-skewed"
2065.5,0.541306666666667,0.0230511116245277,0.51138,0.56726,0.0130533333333333,0.44564,1.01581470621029,0.352748560759678,0,"3: Chr + Active NC (Free)","Right-skewed"
2066,0.5402,0.0233596173799558,0.51106,0.56726,0.0129466666666667,0.446853333333333,1.0152187095757,0.352246009054037,0,"3: Chr + Active NC (Free)","Right-skewed"
2066.5,0.539286666666667,0.023267481130559,0.50942,0.56762,0.01278,0.447933333333333,1.01441324676395,0.351848198426498,0,"3: Chr + Active NC (Free)","Right-skewed"
2067,0.538353333333333,0.0231632100290649,0.50712,0.56602,0.0126333333333333,0.449013333333333,1.0138014487823,0.351002276041605,0,"3: Chr + Active NC (Free)","Right-skewed"
2067.5,0.536913333333333,0.0237842418613573,0.50754,0.56594,0.0125066666666667,0.45058,1.01326486413072,0.350127703457846,0,"3: Chr + Active NC (Free)","Right-skewed"
2068,0.53612,0.0238183122827794,0.50798,0.56422,0.0123333333333333,0.451546666666667,1.01264532920396,0.349457311755591,0,"3: Chr + Active NC (Free)","Right-skewed"
2068.5,0.53506,0.0242387634827442,0.5034,0.56442,0.0121266666666667,0.452813333333333,1.01213707661686,0.348524115130217,0,"3: Chr + Active NC (Free)","Right-skewed"
2069,0.533953333333333,0.024338457341153,0.5003,0.56262,0.0119733333333333,0.454073333333333,1.01154230647218,0.347734567569136,0,"3: Chr + Active NC (Free)","Right-skewed"
2069.5,0.533053333333333,0.0236559788073403,0.50344,0.56218,0.0118066666666667,0.45514,1.01075793219717,0.347886705280752,0,"3: Chr + Active NC (Free)","Right-skewed"
2070,0.532146666666667,0.0235417125520863,0.5026,0.56148,0.0116333333333333,0.45622,1.0103100847633,0.347572089150019,0,"3: Chr + Active NC (Free)","Right-skewed"
2070.5,0.53086,0.0238240764918528,0.50046,0.55814,0.0114866666666667,0.457653333333333,1.00966245987214,0.347006292488672,0,"3: Chr + Active NC (Free)","Right-skewed"
2071,0.529633333333333,0.023800381528865,0.49772,0.5568,0.01136,0.459006666666667,1.00922707588172,0.34676197061791,0,"3: Chr + Active NC (Free)","Right-skewed"
2071.5,0.528606666666667,0.0241972060703131,0.49684,0.55534,0.0112533333333333,0.46014,1.00850852298296,0.346478088397232,0,"3: Chr + Active NC (Free)","Right-skewed"
2072,0.52782,0.0244107579449774,0.49496,0.55578,0.0111866666666667,0.460993333333333,1.00773981512246,0.346249116599671,0,"3: Chr + Active NC (Free)","Right-skewed"
2072.5,0.526513333333333,0.0243389673842859,0.49414,0.55594,0.0110533333333333,0.462433333333333,1.00728001562329,0.345336422222818,0,"3: Chr + Active NC (Free)","Right-skewed"
2073,0.52506,0.0246168515312244,0.49268,0.55296,0.0109333333333333,0.464006666666667,1.00668957964566,0.34531125541097,0,"3: Chr + Active NC (Free)","Right-skewed"
2073.5,0.523733333333333,0.0245171485844632,0.49078,0.54962,0.01074,0.465526666666667,1.00616546932147,0.344226336911785,0,"3: Chr + Active NC (Free)","Right-skewed"
2074,0.523186666666667,0.0245799993453233,0.4927,0.54988,0.01056,0.466253333333333,1.00547703899132,0.344154919512535,0,"3: Chr + Active NC (Free)","Right-skewed"
2074.5,0.521906666666667,0.0243083486911792,0.49148,0.54864,0.01042,0.467673333333333,1.00487013271155,0.343612033989691,0,"3: Chr + Active NC (Free)","Right-skewed"
2075,0.521006666666667,0.023860831175125,0.4893,0.54686,0.01028,0.468713333333333,1.00397289244456,0.343461378341831,0,"3: Chr + Active NC (Free)","Right-skewed"
2075.5,0.520013333333333,0.0234556034527644,0.49128,0.5455,0.01018,0.469806666666667,1.00336048346669,0.342869104758219,0,"3: Chr + Active NC (Free)","Right-skewed"
2076,0.518566666666667,0.0231298036328014,0.49086,0.54406,0.0100266666666667,0.471406666666667,1.00275343355243,0.34249302073406,0,"3: Chr + Active NC (Free)","Right-skewed"
2076.5,0.517473333333333,0.0235349473576305,0.48944,0.54276,0.00992666666666667,0.4726,1.00215671916128,0.341895221019588,0,"3: Chr + Active NC (Free)","Right-skewed"
2077,0.516266666666667,0.0241316694669964,0.48816,0.54254,0.00983333333333333,0.4739,1.00148445406718,0.342293995928918,0,"3: Chr + Active NC (Free)","Right-skewed"
2077.5,0.514346666666667,0.0241658027590334,0.48694,0.54184,0.00970666666666667,0.475946666666667,1.00087782919195,0.341517474500362,0,"3: Chr + Active NC (Free)","Right-skewed"
2078,0.51352,0.0237193708121471,0.48682,0.54184,0.00958666666666667,0.476893333333333,1.00010422605792,0.340985027494782,0,"3: Chr + Active NC (Free)","Right-skewed"
2078.5,0.5125,0.0238435562031714,0.48356,0.53876,0.00945333333333333,0.478046666666667,0.999356384061987,0.340869445388655,0,"3: Chr + Active NC (Free)","Right-skewed"
2079,0.511426666666667,0.0244374914528015,0.4829,0.53854,0.00933333333333333,0.47924,0.998784968964306,0.340760732634068,0,"3: Chr + Active NC (Free)","Right-skewed"
2079.5,0.5108,0.0245179174454534,0.48152,0.53824,0.00924,0.47996,0.998195884438464,0.340704557504732,0,"3: Chr + Active NC (Free)","Right-skewed"
1980,0.00524,0.000254070313373938,0.005,0.0056,0.32058,0.67418,1.1477104095895,0.0515895143596293,0,"4: Chr + Passive NC (Reg)","Right-skewed"
1980.5,0.00547333333333333,0.000515907859544929,0.0048,0.0062,0.316353333333333,0.678173333333333,1.16599527469957,0.0985210884914259,0,"4: Chr + Passive NC (Reg)","Right-skewed"
1981,0.00573333333333333,0.000573755524852572,0.005,0.0064,0.312013333333333,0.682253333333333,1.18330524367108,0.144729925079109,0,"4: Chr + Passive NC (Reg)","Right-skewed"
1981.5,0.00599333333333333,0.0006917909457659,0.00518,0.00682,0.308026666666667,0.68598,1.19854339132297,0.180952389891202,0,"4: Chr + Passive NC (Reg)","Right-skewed"
1982,0.00627333333333333,0.000776345698563572,0.0052,0.00704,0.304373333333333,0.689353333333333,1.21702812031719,0.217078855824884,0,"4: Chr + Passive NC (Reg)","Right-skewed"
1982.5,0.00656666666666667,0.000867947771086102,0.0054,0.0076,0.300726666666667,0.692706666666667,1.22870481080264,0.253142938808782,0,"4: Chr + Passive NC (Reg)","Right-skewed"
1983,0.00690666666666667,0.00100582213185013,0.0056,0.00782,0.29704,0.696053333333333,1.24080714528053,0.288201654992799,0,"4: Chr + Passive NC (Reg)","Right-skewed"
1983.5,0.00721333333333333,0.00108269565670943,0.00578,0.00826,0.293586666666667,0.6992,1.24313731478337,0.315845267157588,0,"4: Chr + Passive NC (Reg)","Right-skewed"
1984,0.00753333333333333,0.00107553782322864,0.006,0.00862,0.290253333333333,0.702213333333333,1.25281254249846,0.341227358162314,0,"4: Chr + Passive NC (Reg)","Right-skewed"
1984.5,0.00796,0.00115835793408095,0.00638,0.00906,0.287186666666667,0.704853333333333,1.26176420869276,0.375369764074443,0,"4: Chr + Passive NC (Reg)","Right-skewed"
1985,0.00832666666666667,0.00132507210820922,0.00678,0.00964,0.28376,0.707913333333333,1.2682283939509,0.393661297020071,0,"4: Chr + Passive NC (Reg)","Right-skewed"
1985.5,0.00878,0.00148681562059832,0.00698,0.01042,0.280493333333333,0.710726666666667,1.27696461454728,0.421165939122066,0,"4: Chr + Passive NC (Reg)","Right-skewed"
1986,0.00926666666666667,0.00169081358366694,0.00738,0.01084,0.277453333333333,0.71328,1.27788056245178,0.443982162690103,0,"4: Chr + Passive NC (Reg)","Right-skewed"
1986.5,0.00978666666666667,0.00192187647766507,0.0074,0.01182,0.274313333333333,0.7159,1.2826801125676,0.461945567568344,0,"4: Chr + Passive NC (Reg)","Right-skewed"
1987,0.01028,0.00211046652793103,0.0076,0.01282,0.27128,0.71844,1.28722411060056,0.482086533492981,0,"4: Chr + Passive NC (Reg)","Right-skewed"
1987.5,0.0108933333333333,0.0023912099567941,0.00778,0.01388,0.2686,0.720506666666667,1.28807586737461,0.494424491529896,0,"4: Chr + Passive NC (Reg)","Right-skewed"
1988,0.0115066666666667,0.00264430857051365,0.00854,0.01476,0.265733333333333,0.72276,1.29402403170943,0.519742313211963,0,"4: Chr + Passive NC (Reg)","Right-skewed"
1988.5,0.01226,0.00306038086428516,0.00878,0.016,0.262933333333333,0.724806666666667,1.29566153441249,0.537326264931814,0,"4: Chr + Passive NC (Reg)","Right-skewed"
1989,0.0130133333333333,0.00338146400994816,0.00972,0.01738,0.25998,0.727006666666667,1.29351785259852,0.553438001666903,0,"4: Chr + Passive NC (Reg)","Right-skewed"
1989.5,0.0138266666666667,0.00375149931713132,0.01012,0.01828,0.257086666666667,0.729086666666667,1.29142381941664,0.567279781057672,0,"4: Chr + Passive NC (Reg)","Right-skewed"
1990,0.0146666666666667,0.00409013391006931,0.01094,0.01916,0.254406666666667,0.730926666666667,1.28596440942682,0.579239708980177,0,"4: Chr + Passive NC (Reg)","Right-skewed"
1990.5,0.01562,0.0045258948438879,0.01132,0.02058,0.251333333333333,0.733046666666667,1.28642428602601,0.596188619917582,0,"4: Chr + Passive NC (Reg)","Right-skewed"
1991,0.0165333333333333,0.00492658749722524,0.01174,0.02204,0.248586666666667,0.73488,1.28474063567134,0.604968044660936,0,"4: Chr + Passive NC (Reg)","Right-skewed"
1991.5,0.0173466666666667,0.00529304900941716,0.01174,0.02362,0.245866666666667,0.736786666666667,1.28288421453412,0.616172041431092,0,"4: Chr + Passive NC (Reg)","Right-skewed"
1992,0.0183333333333333,0.00561656007948253,0.01264,0.0255,0.24322,0.738446666666667,1.28201192732382,0.623793190246032,0,"4: Chr + Passive NC (Reg)","Right-skewed"
1992.5,0.01952,0.00621180189305975,0.01304,0.0281,0.24044,0.74004,1.27781005017639,0.634448210474511,0,"4: Chr + Passive NC (Reg)","Right-skewed"
1993,0.0206133333333333,0.00648349274395519,0.01414,0.02912,0.23772,0.741666666666667,1.27480937466142,0.641905859366413,0,"4: Chr + Passive NC (Reg)","Right-skewed"
1993.5,0.02164,0.0069123377950664,0.01494,0.0299,0.23504,0.74332,1.27349315667502,0.648388626763796,0,"4: Chr + Passive NC (Reg)","Right-skewed"
1994,0.0228266666666667,0.00742813539202799,0.01538,0.03138,0.2325,0.744673333333333,1.27218977079251,0.657735594172224,0,"4: Chr + Passive NC (Reg)","Right-skewed"
1994.5,0.02404,0.00802949734330904,0.01578,0.03364,0.230013333333333,0.745946666666667,1.26705125615404,0.66111312029929,0,"4: Chr + Passive NC (Reg)","Right-skewed"
1995,0.02528,0.00856546393453344,0.01654,0.03634,0.227326666666667,0.747393333333333,1.26323064337605,0.662990370426987,0,"4: Chr + Passive NC (Reg)","Right-skewed"
1995.5,0.0266466666666667,0.00922196528285381,0.01736,0.03768,0.224773333333333,0.74858,1.25884856015912,0.668877423749768,0,"4: Chr + Passive NC (Reg)","Right-skewed"
1996,0.02796,0.00986311834301281,0.01844,0.04056,0.222253333333333,0.749786666666667,1.25584169396489,0.667994698288277,0,"4: Chr + Passive NC (Reg)","Right-skewed"
1996.5,0.02946,0.0104217478182024,0.01892,0.04306,0.219473333333333,0.751066666666667,1.26547641228755,0.675918785374778,0.0333333333333333,"4: Chr + Passive NC (Reg)","Right-skewed"
1997,0.0309066666666667,0.0109896168341266,0.0201,0.04644,0.216866666666667,0.752226666666667,1.27893778178567,0.67865642948082,0.0666666666666667,"4: Chr + Passive NC (Reg)","Right-skewed"
1997.5,0.03232,0.0113843934310574,0.02078,0.04872,0.214326666666667,0.753353333333333,1.29590061244248,0.681261910200713,0.1,"4: Chr + Passive NC (Reg)","Right-skewed"
1998,0.03382,0.0117559493375731,0.02118,0.05158,0.211786666666667,0.754393333333333,1.29864535533912,0.681756575261048,0.1,"4: Chr + Passive NC (Reg)","Right-skewed"
1998.5,0.03524,0.0122921225124902,0.02192,0.05438,0.209426666666667,0.755333333333333,1.3094452504586,0.680123881920226,0.133333333333333,"4: Chr + Passive NC (Reg)","Right-skewed"
1999,0.0369466666666667,0.0127983763338015,0.0238,0.05532,0.207033333333333,0.75602,1.31109117635868,0.680313402455641,0.133333333333333,"4: Chr + Passive NC (Reg)","Right-skewed"
1999.5,0.0386733333333333,0.0131511618297116,0.0248,0.05806,0.204646666666667,0.75668,1.33423203612973,0.681345655783019,0.2,"4: Chr + Passive NC (Reg)","Right-skewed"
2000,0.0403066666666667,0.0137571782725597,0.0262,0.0608,0.201813333333333,0.75788,1.35633390669795,0.682932151289681,0.233333333333333,"4: Chr + Passive NC (Reg)","Right-skewed"
2000.5,0.04204,0.0142094092187124,0.0274,0.06386,0.19938,0.75858,1.36213437134836,0.684736757814168,0.233333333333333,"4: Chr + Passive NC (Reg)","Right-skewed"
2001,0.0438533333333333,0.0147274019370727,0.02942,0.06628,0.19704,0.759106666666667,1.37318747316496,0.684778105704163,0.266666666666667,"4: Chr + Passive NC (Reg)","Right-skewed"
2001.5,0.0453933333333333,0.0150905755776368,0.0308,0.06776,0.194686666666667,0.75992,1.40547597418262,0.683619680781409,0.333333333333333,"4: Chr + Passive NC (Reg)","Right-skewed"
2002,0.0470533333333333,0.0156131627345235,0.03146,0.06932,0.192333333333333,0.760613333333333,1.42937509212782,0.678446836265315,0.366666666666667,"4: Chr + Passive NC (Reg)","Right-skewed"
2002.5,0.04864,0.0160782054239636,0.03228,0.07214,0.189906666666667,0.761453333333333,1.46272667792472,0.678181194269086,0.433333333333333,"4: Chr + Passive NC (Reg)","Right-skewed"
2003,0.05034,0.0166231371784983,0.0331,0.07464,0.187446666666667,0.762213333333333,1.48826409398824,0.674531526798032,0.466666666666667,"4: Chr + Passive NC (Reg)","Right-skewed"
2003.5,0.0519533333333333,0.0169777691019215,0.03426,0.0772,0.185026666666667,0.76302,1.49563032599444,0.670767580948238,0.466666666666667,"4: Chr + Passive NC (Reg)","Right-skewed"
2004,0.0535666666666667,0.0176767982225939,0.03564,0.07936,0.18298,0.763453333333333,1.51231597332751,0.668409891325615,0.5,"4: Chr + Passive NC (Reg)","Right-skewed"
2004.5,0.05514,0.0178864734096602,0.03724,0.0808,0.180766666666667,0.764093333333333,1.5352119968512,0.664518365908241,0.533333333333333,"4: Chr + Passive NC (Reg)","Right-skewed"
2005,0.0567333333333333,0.0181489874959028,0.03814,0.08224,0.178493333333333,0.764773333333333,1.55863297210257,0.662296129935735,0.566666666666667,"4: Chr + Passive NC (Reg)","Right-skewed"
2005.5,0.0586,0.0184956285608808,0.0397,0.08488,0.176326666666667,0.765073333333333,1.58168423107153,0.659875218189003,0.6,"4: Chr + Passive NC (Reg)","Right-skewed"
2006,0.06036,0.0189620601237822,0.04088,0.08832,0.174166666666667,0.765473333333333,1.60685624695996,0.659790373318528,0.633333333333333,"4: Chr + Passive NC (Reg)","Right-skewed"
2006.5,0.06198,0.0195384219177108,0.04206,0.09028,0.17196,0.76606,1.64250748906989,0.65681425112432,0.7,"4: Chr + Passive NC (Reg)","Right-skewed"
2007,0.0635933333333333,0.0199864425313129,0.04304,0.09448,0.169846666666667,0.76656,1.67017438296372,0.654055564561397,0.733333333333333,"4: Chr + Passive NC (Reg)","Right-skewed"
2007.5,0.0654133333333333,0.0205109177543677,0.04332,0.0974,0.167713333333333,0.766873333333333,1.68090246365175,0.65070072834376,0.733333333333333,"4: Chr + Passive NC (Reg)","Right-skewed"
2008,0.06688,0.0211049005585482,0.04498,0.10032,0.165473333333333,0.767646666666667,1.71494711779706,0.648445706096351,0.8,"4: Chr + Passive NC (Reg)","Right-skewed"
2008.5,0.0682133333333333,0.0213841019472868,0.04654,0.10406,0.163466666666667,0.76832,1.73390145886094,0.644186429626727,0.8,"4: Chr + Passive NC (Reg)","Right-skewed"
2009,0.0696066666666667,0.02187598168569,0.04688,0.1065,0.161273333333333,0.76912,1.7535432735881,0.639798978431663,0.833333333333333,"4: Chr + Passive NC (Reg)","Right-skewed"
2009.5,0.0711866666666667,0.0223256730729651,0.04748,0.10876,0.15932,0.769493333333333,1.76357847831701,0.636056683363454,0.833333333333333,"4: Chr + Passive NC (Reg)","Right-skewed"
2010,0.0723666666666667,0.0227279614106734,0.0483,0.11,0.157426666666667,0.770206666666667,1.7832144390329,0.630788189341839,0.866666666666667,"4: Chr + Passive NC (Reg)","Right-skewed"
2010.5,0.0736133333333333,0.0232899524485876,0.04896,0.11284,0.155646666666667,0.77074,1.7947749658207,0.626160607149833,0.866666666666667,"4: Chr + Passive NC (Reg)","Right-skewed"
2011,0.0750533333333333,0.0236955944302374,0.04948,0.11456,0.15366,0.771286666666667,1.79669361987405,0.62152829458301,0.866666666666667,"4: Chr + Passive NC (Reg)","Right-skewed"
2011.5,0.0765,0.0240151532621988,0.0507,0.11624,0.15172,0.77178,1.80052248856631,0.619398887796219,0.866666666666667,"4: Chr + Passive NC (Reg)","Right-skewed"
2012,0.0774533333333333,0.0244926411655495,0.05124,0.1175,0.149466666666667,0.77308,1.81862172283183,0.616796229063625,0.9,"4: Chr + Passive NC (Reg)","Right-skewed"
2012.5,0.0785333333333333,0.0249267801333444,0.05148,0.11978,0.14706,0.774406666666667,1.82885936614279,0.614095595370169,0.9,"4: Chr + Passive NC (Reg)","Right-skewed"
2013,0.0795333333333333,0.0254271824863747,0.05128,0.12194,0.144886666666667,0.77558,1.84262109153067,0.612721011596617,0.933333333333333,"4: Chr + Passive NC (Reg)","Right-skewed"
2013.5,0.0804066666666667,0.0258728713378389,0.05212,0.12278,0.142806666666667,0.776786666666667,1.85492043302097,0.609064250822366,0.933333333333333,"4: Chr + Passive NC (Reg)","Right-skewed"
2014,0.08142,0.0262217782610641,0.05184,0.12444,0.140666666666667,0.777913333333333,1.85920621788069,0.607743599387169,0.9,"4: Chr + Passive NC (Reg)","Right-skewed"
2014.5,0.0825066666666667,0.0263989411142573,0.05264,0.12634,0.138546666666667,0.778946666666667,1.86143236962751,0.60557652303693,0.933333333333333,"4: Chr + Passive NC (Reg)","Right-skewed"
2015,0.0836,0.0266828628976314,0.05318,0.12694,0.13648,0.77992,1.86514288362283,0.60379288739268,0.933333333333333,"4: Chr + Passive NC (Reg)","Right-skewed"
2015.5,0.0845333333333333,0.0267146005970045,0.05412,0.1278,0.134306666666667,0.78116,1.86991749614385,0.600340906732879,0.933333333333333,"4: Chr + Passive NC (Reg)","Right-skewed"
2016,0.0854133333333333,0.0269548247019461,0.05518,0.12808,0.13216,0.782426666666667,1.874215776736,0.598629146918293,0.933333333333333,"4: Chr + Passive NC (Reg)","Right-skewed"
2016.5,0.08632,0.0272044925296008,0.0558,0.13046,0.129926666666667,0.783753333333333,1.88834926787318,0.595883125917874,0.966666666666667,"4: Chr + Passive NC (Reg)","Right-skewed"
2017,0.08752,0.0275359877376799,0.057,0.13178,0.127766666666667,0.784713333333333,1.89561905562143,0.59169096508183,0.966666666666667,"4: Chr + Passive NC (Reg)","Right-skewed"
2017.5,0.0886333333333333,0.0279438887691071,0.05756,0.13324,0.12592,0.785446666666667,1.89825348421702,0.588154773854472,0.966666666666667,"4: Chr + Passive NC (Reg)","Right-skewed"
2018,0.08934,0.0282522699728834,0.05702,0.1337,0.124006666666667,0.786653333333333,1.90350152698468,0.584012875443143,0.966666666666667,"4: Chr + Passive NC (Reg)","Right-skewed"
2018.5,0.0901133333333333,0.0286536359049722,0.0572,0.13576,0.122126666666667,0.78776,1.90752578745704,0.579190467043222,0.966666666666667,"4: Chr + Passive NC (Reg)","Right-skewed"
2019,0.0907333333333333,0.0287295274434933,0.05796,0.13714,0.120146666666667,0.78912,1.91109041942525,0.575938398846094,0.966666666666667,"4: Chr + Passive NC (Reg)","Right-skewed"
2019.5,0.09152,0.0293125652708633,0.0584,0.13978,0.118293333333333,0.790186666666667,1.91322040456932,0.573023413434176,0.966666666666667,"4: Chr + Passive NC (Reg)","Right-skewed"
2020,0.09238,0.0295483402882988,0.05894,0.14062,0.11648,0.79114,1.91469697092772,0.570165292529782,0.966666666666667,"4: Chr + Passive NC (Reg)","Right-skewed"
2020.5,0.09306,0.0297575096288373,0.05954,0.1407,0.11468,0.79226,1.91803217336597,0.565669718689885,0.966666666666667,"4: Chr + Passive NC (Reg)","Right-skewed"
2021,0.0937333333333333,0.0298137822021192,0.05966,0.14068,0.112993333333333,0.793273333333333,1.91972448565703,0.563360813930039,0.966666666666667,"4: Chr + Passive NC (Reg)","Right-skewed"
2021.5,0.0943666666666667,0.0300224322262806,0.05988,0.1416,0.111373333333333,0.79426,1.92120151877735,0.558277243006687,0.966666666666667,"4: Chr + Passive NC (Reg)","Right-skewed"
2022,0.0948866666666667,0.0300641467455877,0.06018,0.14144,0.10968,0.795433333333333,1.92311817912835,0.555423499630239,0.966666666666667,"4: Chr + Passive NC (Reg)","Right-skewed"
2022.5,0.09544,0.0301831832602881,0.06094,0.14226,0.1081,0.79646,1.93534220583671,0.551828328596883,1,"4: Chr + Passive NC (Reg)","Right-skewed"
2023,0.0958733333333333,0.0304406934233101,0.06118,0.14372,0.106493333333333,0.797633333333333,1.94429888577559,0.547406598881058,1,"4: Chr + Passive NC (Reg)","Right-skewed"
2023.5,0.0963733333333333,0.0307218773372728,0.06232,0.1443,0.105,0.798626666666667,1.94756572209308,0.543876780295917,1,"4: Chr + Passive NC (Reg)","Right-skewed"
2024,0.0969933333333333,0.0308100065846654,0.0627,0.14638,0.103453333333333,0.799553333333333,1.94971590959236,0.54091258783096,1,"4: Chr + Passive NC (Reg)","Right-skewed"
2024.5,0.0975666666666667,0.0310244879180094,0.063,0.14774,0.102013333333333,0.80042,1.9514076143085,0.536844695898659,1,"4: Chr + Passive NC (Reg)","Right-skewed"
2025,0.09802,0.031134252121617,0.06358,0.14822,0.100333333333333,0.801646666666667,1.95384907842602,0.532264018814122,1,"4: Chr + Passive NC (Reg)","Right-skewed"
2025.5,0.0985066666666667,0.0312791539409935,0.0638,0.14836,0.0990133333333333,0.80248,1.95453512781791,0.528216829304935,1,"4: Chr + Passive NC (Reg)","Right-skewed"
2026,0.0989266666666667,0.0313781599132299,0.0636,0.14832,0.0974,0.803673333333333,1.95666054247984,0.52343613362358,1,"4: Chr + Passive NC (Reg)","Right-skewed"
2026.5,0.0995,0.03182195078439,0.0638,0.14944,0.0959733333333333,0.804526666666667,1.95990597748973,0.519698680767532,1,"4: Chr + Passive NC (Reg)","Right-skewed"
2027,0.1,0.032061965865686,0.06436,0.15026,0.0945666666666667,0.805433333333333,1.96093155019163,0.517366771486484,1,"4: Chr + Passive NC (Reg)","Right-skewed"
2027.5,0.100406666666667,0.0322223517767246,0.06542,0.15068,0.09304,0.806553333333333,1.96305306001201,0.513240783417988,1,"4: Chr + Passive NC (Reg)","Right-skewed"
2028,0.100886666666667,0.0323032904626238,0.06508,0.153,0.0917066666666667,0.807406666666667,1.9634086520076,0.50932019396679,1,"4: Chr + Passive NC (Reg)","Right-skewed"
2028.5,0.10116,0.0324207426152477,0.06454,0.1529,0.09038,0.80846,1.96534210914593,0.504115310566026,1,"4: Chr + Passive NC (Reg)","Right-skewed"
2029,0.101473333333333,0.0324806778990465,0.0648,0.15366,0.0890266666666667,0.8095,1.96740470878977,0.499034695872801,1,"4: Chr + Passive NC (Reg)","Right-skewed"
2029.5,0.101786666666667,0.0326077178650671,0.06438,0.15322,0.0876466666666667,0.810566666666667,1.96885561587053,0.494740050187414,1,"4: Chr + Passive NC (Reg)","Right-skewed"
2030,0.1021,0.032863217044026,0.06482,0.1552,0.08632,0.81158,1.97008121409225,0.489592443823021,1,"4: Chr + Passive NC (Reg)","Right-skewed"
2030.5,0.102286666666667,0.0328318467485388,0.06462,0.15522,0.08506,0.812653333333333,1.97171539257486,0.485991425905741,1,"4: Chr + Passive NC (Reg)","Right-skewed"
2031,0.102393333333333,0.0330936178171847,0.06424,0.15582,0.08376,0.813846666666667,1.97317713945499,0.480232064045103,1,"4: Chr + Passive NC (Reg)","Right-skewed"
2031.5,0.102673333333333,0.0334147389875964,0.06384,0.15634,0.08252,0.814806666666667,1.97459989419976,0.476487249015852,1,"4: Chr + Passive NC (Reg)","Right-skewed"
2032,0.10278,0.0336877487195732,0.06332,0.1555,0.08138,0.81584,1.97603081226111,0.47207840018779,1,"4: Chr + Passive NC (Reg)","Right-skewed"
2032.5,0.102993333333333,0.0338388262343649,0.06332,0.15618,0.0801533333333333,0.816853333333333,1.97630931601588,0.468886474815451,1,"4: Chr + Passive NC (Reg)","Right-skewed"
2033,0.1033,0.0340346577922341,0.06276,0.15708,0.07906,0.81764,1.97724154569279,0.465376247437455,1,"4: Chr + Passive NC (Reg)","Right-skewed"
2033.5,0.103406666666667,0.0339202912858888,0.06278,0.15684,0.07798,0.818613333333333,1.97770376464374,0.461640388128212,1,"4: Chr + Passive NC (Reg)","Right-skewed"
2034,0.103513333333333,0.0339620349227185,0.06298,0.157,0.0768133333333333,0.819673333333333,1.97787037918964,0.457485000122808,1,"4: Chr + Passive NC (Reg)","Right-skewed"
2034.5,0.103833333333333,0.0341549444427166,0.06338,0.15702,0.0756666666666667,0.8205,1.97900536259831,0.455289953136847,1,"4: Chr + Passive NC (Reg)","Right-skewed"
2035,0.103993333333333,0.0342392991925273,0.06338,0.15706,0.0745666666666667,0.82144,1.98030776356673,0.451200571433143,1,"4: Chr + Passive NC (Reg)","Right-skewed"
2035.5,0.104126666666667,0.0342969781853107,0.06374,0.157,0.07368,0.822193333333333,1.98048318087286,0.447721041022885,1,"4: Chr + Passive NC (Reg)","Right-skewed"
2036,0.104173333333333,0.0341637732444596,0.06374,0.15648,0.0726866666666667,0.82314,1.98117231023928,0.442490075934371,1,"4: Chr + Passive NC (Reg)","Right-skewed"
2036.5,0.104026666666667,0.0340818784221411,0.06396,0.15576,0.0717933333333333,0.82418,1.98267314360507,0.43848560490396,1,"4: Chr + Passive NC (Reg)","Right-skewed"
2037,0.104146666666667,0.034264646838812,0.06428,0.1565,0.0708666666666667,0.824986666666667,1.98238880536875,0.435121666216546,1,"4: Chr + Passive NC (Reg)","Right-skewed"
2037.5,0.104186666666667,0.0343254578625146,0.06376,0.15596,0.06984,0.825973333333333,1.9837227127373,0.432084433576475,1,"4: Chr + Passive NC (Reg)","Right-skewed"
2038,0.10424,0.034378116535839,0.06336,0.15678,0.0688533333333333,0.826906666666667,1.98500947322976,0.427742759530954,1,"4: Chr + Passive NC (Reg)","Right-skewed"
2038.5,0.104326666666667,0.0342880891487301,0.06358,0.15652,0.0679,0.827773333333333,1.98500540882646,0.423046353020684,1,"4: Chr + Passive NC (Reg)","Right-skewed"
2039,0.10426,0.0343460744130418,0.063,0.15652,0.0669066666666667,0.828833333333333,1.98528738985136,0.418113014950868,1,"4: Chr + Passive NC (Reg)","Right-skewed"
2039.5,0.1042,0.034376696196396,0.06298,0.15646,0.0659466666666667,0.829853333333333,1.98684296352477,0.414843511411749,1,"4: Chr + Passive NC (Reg)","Right-skewed"
2040,0.104333333333333,0.0344643077073532,0.06274,0.15664,0.0651066666666667,0.83056,1.98744738071425,0.410916161951123,1,"4: Chr + Passive NC (Reg)","Right-skewed"
2040.5,0.1045,0.0345674253677031,0.0631,0.15624,0.0643066666666667,0.831193333333333,1.98761803382164,0.407171090136199,1,"4: Chr + Passive NC (Reg)","Right-skewed"
2041,0.104306666666667,0.0345375650893176,0.06324,0.1571,0.0636066666666667,0.832086666666667,1.98905579006503,0.402703986280622,1,"4: Chr + Passive NC (Reg)","Right-skewed"
2041.5,0.10424,0.0345580331496515,0.06398,0.1571,0.0627133333333333,0.833046666666667,1.98953910246132,0.39870003156628,1,"4: Chr + Passive NC (Reg)","Right-skewed"
2042,0.104266666666667,0.0347442015339234,0.06364,0.15788,0.0617933333333333,0.83394,1.99048989605583,0.39532325002883,1,"4: Chr + Passive NC (Reg)","Right-skewed"
2042.5,0.10428,0.0348607713527734,0.0633,0.15806,0.0610333333333333,0.834686666666667,1.99143931541834,0.391119149181954,1,"4: Chr + Passive NC (Reg)","Right-skewed"
2043,0.10438,0.0349345930719602,0.06272,0.1579,0.0602466666666667,0.835373333333333,1.9916226544251,0.387357113530976,1,"4: Chr + Passive NC (Reg)","Right-skewed"
2043.5,0.104306666666667,0.0349959892611684,0.06286,0.15852,0.0595533333333333,0.83614,1.99218206786809,0.383635921115928,1,"4: Chr + Passive NC (Reg)","Right-skewed"
2044,0.1043,0.0349969752387555,0.06284,0.15788,0.0586266666666667,0.837073333333333,1.99169366232639,0.380467928705541,1,"4: Chr + Passive NC (Reg)","Right-skewed"
2044.5,0.104166666666667,0.0351340716186688,0.0632,0.15794,0.0578533333333333,0.83798,1.99201117464468,0.376311128506183,1,"4: Chr + Passive NC (Reg)","Right-skewed"
2045,0.10408,0.0350710254709811,0.06324,0.15728,0.05702,0.8389,1.9922141224878,0.372534627330413,1,"4: Chr + Passive NC (Reg)","Right-skewed"
2045.5,0.104053333333333,0.035223069765115,0.06324,0.15766,0.0563,0.839646666666667,1.99189959096929,0.368960600582089,1,"4: Chr + Passive NC (Reg)","Right-skewed"
2046,0.103986666666667,0.0352676831003168,0.06302,0.15784,0.0555866666666667,0.840426666666667,1.99213750899807,0.365965891439157,1,"4: Chr + Passive NC (Reg)","Right-skewed"
2046.5,0.10392,0.035358054245108,0.063,0.15806,0.0548533333333333,0.841226666666667,1.99187508807929,0.362470832257236,1,"4: Chr + Passive NC (Reg)","Right-skewed"
2047,0.103846666666667,0.0352416165950128,0.06336,0.15782,0.0541733333333333,0.84198,1.99144422501366,0.358827921301535,1,"4: Chr + Passive NC (Reg)","Right-skewed"
2047.5,0.103846666666667,0.0351220407597058,0.06318,0.15776,0.0535,0.842653333333333,1.99199996559409,0.355122567395982,1,"4: Chr + Passive NC (Reg)","Right-skewed"
2048,0.103726666666667,0.035309878790926,0.06262,0.15782,0.0526933333333333,0.84358,1.99172105231714,0.350591455110054,1,"4: Chr + Passive NC (Reg)","Right-skewed"
2048.5,0.103566666666667,0.0351979264018281,0.06262,0.15746,0.0519866666666667,0.844446666666667,1.99239392702034,0.348283370484464,1,"4: Chr + Passive NC (Reg)","Right-skewed"
2049,0.103466666666667,0.0350931895675356,0.06226,0.15796,0.05126,0.845273333333333,1.99215475402098,0.345452241748989,1,"4: Chr + Passive NC (Reg)","Right-skewed"
2049.5,0.10338,0.035121477857524,0.06192,0.15806,0.0505933333333333,0.846026666666667,1.99331008410871,0.342117645628177,1,"4: Chr + Passive NC (Reg)","Right-skewed"
2050,0.103353333333333,0.0351306009973752,0.0621,0.15806,0.04998,0.846666666666667,1.99251495286769,0.338949084645613,1,"4: Chr + Passive NC (Reg)","Right-skewed"
2050.5,0.103066666666667,0.0347996168561284,0.06194,0.15688,0.0494066666666667,0.847526666666667,1.99298753594923,0.335219340735368,1,"4: Chr + Passive NC (Reg)","Right-skewed"
2051,0.102873333333333,0.0346173360330195,0.0621,0.15626,0.0487733333333333,0.848353333333333,1.99273150458588,0.332284125667345,1,"4: Chr + Passive NC (Reg)","Right-skewed"
2051.5,0.102686666666667,0.0346165869483695,0.0618,0.15664,0.0481066666666667,0.849206666666667,1.99289359321204,0.329289347314915,1,"4: Chr + Passive NC (Reg)","Right-skewed"
2052,0.10258,0.0347182293367024,0.06232,0.15668,0.0475066666666667,0.849913333333333,1.99362352823287,0.32584782327812,1,"4: Chr + Passive NC (Reg)","Right-skewed"
2052.5,0.102366666666667,0.0346749271767461,0.06224,0.15684,0.0468333333333333,0.8508,1.99401008833603,0.321562391323722,1,"4: Chr + Passive NC (Reg)","Right-skewed"
2053,0.102166666666667,0.0346987462094201,0.06204,0.15628,0.04622,0.851613333333333,1.99424196575558,0.319312268701789,1,"4: Chr + Passive NC (Reg)","Right-skewed"
2053.5,0.102013333333333,0.0346275128139195,0.06168,0.15622,0.0455933333333333,0.852393333333333,1.99387191080697,0.316489498189929,1,"4: Chr + Passive NC (Reg)","Right-skewed"
2054,0.101893333333333,0.0346564511915949,0.06148,0.15642,0.0450466666666667,0.85306,1.99431641814606,0.314924034961247,1,"4: Chr + Passive NC (Reg)","Right-skewed"
2054.5,0.10186,0.0349083193325128,0.0614,0.15666,0.0445066666666667,0.853633333333333,1.99419147169071,0.312230515316165,1,"4: Chr + Passive NC (Reg)","Right-skewed"
2055,0.101713333333333,0.0349590374417056,0.06122,0.1572,0.04394,0.854346666666667,1.9945684904689,0.309220359904443,1,"4: Chr + Passive NC (Reg)","Right-skewed"
2055.5,0.101493333333333,0.0348750571210343,0.06068,0.15668,0.0434266666666667,0.85508,1.99519762388461,0.30746477645751,1,"4: Chr + Passive NC (Reg)","Right-skewed"
2056,0.101426666666667,0.0348739892532641,0.06104,0.15722,0.0428733333333333,0.8557,1.99486627878986,0.305038748397962,1,"4: Chr + Passive NC (Reg)","Right-skewed"
2056.5,0.101286666666667,0.0348056152161503,0.06086,0.15742,0.0423066666666667,0.856406666666667,1.99437591077163,0.301733245223513,1,"4: Chr + Passive NC (Reg)","Right-skewed"
2057,0.100993333333333,0.03479986061539,0.06046,0.15688,0.0417133333333333,0.857293333333333,1.9956141833902,0.298875858218758,1,"4: Chr + Passive NC (Reg)","Right-skewed"
2057.5,0.100826666666667,0.0348519126604546,0.06046,0.15688,0.0412266666666667,0.857946666666667,1.99576981685651,0.296362051183513,1,"4: Chr + Passive NC (Reg)","Right-skewed"
2058,0.100713333333333,0.0348447070470596,0.05976,0.15644,0.0407533333333333,0.858533333333333,1.99537630024171,0.29354680815771,1,"4: Chr + Passive NC (Reg)","Right-skewed"
2058.5,0.100433333333333,0.0349044837879856,0.05972,0.1559,0.0401466666666667,0.85942,1.99596084498109,0.290512346391482,1,"4: Chr + Passive NC (Reg)","Right-skewed"
2059,0.100233333333333,0.0349186674048901,0.05952,0.1563,0.03968,0.860086666666667,1.99637580532514,0.286837194867016,1,"4: Chr + Passive NC (Reg)","Right-skewed"
2059.5,0.100046666666667,0.0349563938538341,0.05946,0.15572,0.03916,0.860793333333333,1.99545772184776,0.28376801380199,1,"4: Chr + Passive NC (Reg)","Right-skewed"
2060,0.0998466666666667,0.0350598181765781,0.05928,0.15576,0.03866,0.861493333333333,1.99576899008616,0.282058683882099,1,"4: Chr + Passive NC (Reg)","Right-skewed"
2060.5,0.0997266666666667,0.0350700769724073,0.05928,0.15622,0.0381866666666667,0.862086666666667,1.99561142961727,0.278336512154208,1,"4: Chr + Passive NC (Reg)","Right-skewed"
2061,0.0997066666666667,0.0351651760865121,0.05946,0.1566,0.0376,0.862693333333333,1.99537215068881,0.276324677113536,1,"4: Chr + Passive NC (Reg)","Right-skewed"
2061.5,0.0994066666666667,0.0350986583232458,0.05944,0.15572,0.0370733333333333,0.86352,1.99578604211604,0.274024291026121,1,"4: Chr + Passive NC (Reg)","Right-skewed"
2062,0.0992066666666667,0.0351594783741203,0.05944,0.15628,0.0365333333333333,0.86426,1.99587714139909,0.271578122104453,1,"4: Chr + Passive NC (Reg)","Right-skewed"
2062.5,0.0990533333333333,0.0350898721348024,0.05946,0.15584,0.0361,0.864846666666667,1.9960916509941,0.270415549224737,1,"4: Chr + Passive NC (Reg)","Right-skewed"
2063,0.0987866666666667,0.0349989924321311,0.05926,0.15508,0.0355666666666667,0.865646666666667,1.99633017023911,0.268776965366179,1,"4: Chr + Passive NC (Reg)","Right-skewed"
2063.5,0.0986133333333333,0.0350124286635409,0.05922,0.15542,0.03506,0.866326666666667,1.99591309325499,0.266814498393943,1,"4: Chr + Passive NC (Reg)","Right-skewed"
2064,0.0984066666666667,0.0350311578882073,0.05922,0.15464,0.0346266666666667,0.866966666666667,1.99507337615261,0.265412414678284,1,"4: Chr + Passive NC (Reg)","Right-skewed"
2064.5,0.0981,0.0350410498189451,0.05868,0.15442,0.0341333333333333,0.867766666666667,1.99537752067286,0.263216513458093,1,"4: Chr + Passive NC (Reg)","Right-skewed"
2065,0.0979733333333333,0.0350320339446463,0.0585,0.15426,0.0337066666666667,0.86832,1.99545292331026,0.260495268273989,1,"4: Chr + Passive NC (Reg)","Right-skewed"
2065.5,0.09772,0.0348243513690616,0.0585,0.1546,0.03338,0.8689,1.99572079491421,0.257767810273419,1,"4: Chr + Passive NC (Reg)","Right-skewed"
2066,0.09756,0.0347141787587803,0.05858,0.15376,0.0329,0.86954,1.99531545206189,0.256099024990641,1,"4: Chr + Passive NC (Reg)","Right-skewed"
2066.5,0.0972933333333333,0.0346151146310328,0.05872,0.15314,0.0324,0.870306666666667,1.99554631284255,0.253738452736372,1,"4: Chr + Passive NC (Reg)","Right-skewed"
2067,0.0972333333333333,0.034628474762366,0.05836,0.15322,0.0319933333333333,0.870773333333333,1.99539895639559,0.252395267140774,1,"4: Chr + Passive NC (Reg)","Right-skewed"
2067.5,0.0971,0.0346226854075126,0.05834,0.1534,0.0316066666666667,0.871293333333333,1.99647927642871,0.251254235967175,1,"4: Chr + Passive NC (Reg)","Right-skewed"
2068,0.0968133333333333,0.0346091450275824,0.05848,0.15268,0.03122,0.871966666666667,1.99563300876958,0.24840800720306,1,"4: Chr + Passive NC (Reg)","Right-skewed"
2068.5,0.09654,0.0345157695094226,0.05826,0.15216,0.03088,0.87258,1.99639175097463,0.246989582706741,1,"4: Chr + Passive NC (Reg)","Right-skewed"
2069,0.0962733333333333,0.0343335960262241,0.0583,0.15196,0.0305,0.873226666666667,1.99627246824655,0.245248208918463,1,"4: Chr + Passive NC (Reg)","Right-skewed"
2069.5,0.0959933333333333,0.0341426008880738,0.05778,0.15104,0.03014,0.873866666666667,1.9961729180206,0.242344639849681,1,"4: Chr + Passive NC (Reg)","Right-skewed"
2070,0.0958466666666667,0.0339690602971478,0.05782,0.1501,0.0297933333333333,0.87436,1.99606450208227,0.241160691161809,1,"4: Chr + Passive NC (Reg)","Right-skewed"
2070.5,0.09562,0.0339688843421193,0.05748,0.14968,0.0294533333333333,0.874926666666667,1.996634451104,0.239829280155647,1,"4: Chr + Passive NC (Reg)","Right-skewed"
2071,0.09546,0.0340738002293399,0.05692,0.15,0.02902,0.87552,1.99589103529808,0.235948201054248,1,"4: Chr + Passive NC (Reg)","Right-skewed"
2071.5,0.0953,0.0341119758523561,0.05648,0.15042,0.02866,0.87604,1.99633204113,0.234900953488191,1,"4: Chr + Passive NC (Reg)","Right-skewed"
2072,0.09514,0.0341197546177052,0.0565,0.15072,0.0282466666666667,0.876613333333333,1.99634846605006,0.233983687499107,1,"4: Chr + Passive NC (Reg)","Right-skewed"
2072.5,0.0948466666666667,0.0339812801745145,0.0565,0.1499,0.0279666666666667,0.877186666666667,1.99615672005773,0.231871665242052,1,"4: Chr + Passive NC (Reg)","Right-skewed"
2073,0.0946533333333333,0.0340435393975515,0.0564,0.15026,0.0276666666666667,0.87768,1.99667119484821,0.230482169314216,1,"4: Chr + Passive NC (Reg)","Right-skewed"
2073.5,0.0945,0.0340192541830713,0.05624,0.15024,0.0273133333333333,0.878186666666667,1.99583177811686,0.2299171431682,1,"4: Chr + Passive NC (Reg)","Right-skewed"
2074,0.09426,0.0339938391984235,0.05618,0.15002,0.0269466666666667,0.878793333333333,1.99629669232316,0.228476072802315,1,"4: Chr + Passive NC (Reg)","Right-skewed"
2074.5,0.0940733333333333,0.0339182987265834,0.056,0.1496,0.0265933333333333,0.879333333333333,1.99681744776089,0.226512691297887,1,"4: Chr + Passive NC (Reg)","Right-skewed"
2075,0.0938266666666667,0.0339475755401983,0.05578,0.1495,0.02626,0.879913333333333,1.99622694088237,0.225174467980748,1,"4: Chr + Passive NC (Reg)","Right-skewed"
2075.5,0.09358,0.0339394328686894,0.05544,0.1496,0.02598,0.88044,1.99576905985643,0.22262392086228,1,"4: Chr + Passive NC (Reg)","Right-skewed"
2076,0.0932466666666667,0.0339250566877105,0.05508,0.14884,0.0257066666666667,0.881046666666667,1.99643737068601,0.220300247148818,1,"4: Chr + Passive NC (Reg)","Right-skewed"
2076.5,0.0930933333333333,0.0339691435370938,0.05486,0.1485,0.0253933333333333,0.881513333333333,1.99609596036121,0.218254871601021,0.966666666666667,"4: Chr + Passive NC (Reg)","Right-skewed"
2077,0.0929866666666667,0.0338870714166244,0.05506,0.14826,0.0250666666666667,0.881946666666667,1.99659003018012,0.21691317731199,1,"4: Chr + Passive NC (Reg)","Right-skewed"
2077.5,0.09272,0.0337508354941285,0.05486,0.14782,0.0248533333333333,0.882426666666667,1.99651840541741,0.21594122507483,0.966666666666667,"4: Chr + Passive NC (Reg)","Right-skewed"
2078,0.0925533333333333,0.033815388593762,0.0545,0.14746,0.0245333333333333,0.882913333333333,1.99619194216067,0.213349212257457,0.966666666666667,"4: Chr + Passive NC (Reg)","Right-skewed"
2078.5,0.0924,0.0337477866451753,0.05468,0.14668,0.0242933333333333,0.883306666666667,1.99649791075753,0.21277686747552,0.966666666666667,"4: Chr + Passive NC (Reg)","Right-skewed"
2079,0.0922266666666667,0.0337181311435864,0.05412,0.14668,0.0240066666666667,0.883766666666667,1.9964646865506,0.211928641805658,0.966666666666667,"4: Chr + Passive NC (Reg)","Right-skewed"
2079.5,0.0920333333333333,0.0337825943077337,0.05408,0.14668,0.02372,0.884246666666667,1.99553111141109,0.209991890629572,0.966666666666667,"4: Chr + Passive NC (Reg)","Right-skewed"
1980,0.00520666666666667,0.000275347220712363,0.0048,0.0056,0.326846666666667,0.667946666666667,1.14719958497003,0.0494164503015078,0,"5: Chr + Active NC (Reg)","Right-skewed"
1980.5,0.00541333333333333,0.000359821156087043,0.00498,0.0058,0.32854,0.666046666666667,1.16150943819741,0.09315678789001,0,"5: Chr + Active NC (Reg)","Right-skewed"
1981,0.00561333333333333,0.000484044265098465,0.005,0.0064,0.330333333333333,0.664053333333333,1.17156758719816,0.133346962150169,0,"5: Chr + Active NC (Reg)","Right-skewed"
1981.5,0.00586666666666667,0.00054414332121509,0.0052,0.00662,0.332186666666667,0.661946666666667,1.18341187876517,0.170575226060046,0,"5: Chr + Active NC (Reg)","Right-skewed"
1982,0.00616666666666667,0.000582700806490825,0.0056,0.007,0.333753333333333,0.66008,1.19823786047711,0.209323681463191,0,"5: Chr + Active NC (Reg)","Right-skewed"
1982.5,0.00638666666666667,0.000666298749052184,0.00558,0.00722,0.33504,0.658573333333333,1.21122446035359,0.234720784329116,0,"5: Chr + Active NC (Reg)","Right-skewed"
1983,0.00668,0.000834761993748456,0.00558,0.00762,0.336886666666667,0.656433333333333,1.22387645418086,0.271609243475032,0,"5: Chr + Active NC (Reg)","Right-skewed"
1983.5,0.00693333333333333,0.000916264279498583,0.00578,0.0082,0.338953333333333,0.654113333333333,1.23570961451076,0.296168118970805,0,"5: Chr + Active NC (Reg)","Right-skewed"
1984,0.0074,0.00100344235097196,0.00616,0.00862,0.340746666666667,0.651853333333333,1.24490973555552,0.336249569952206,0,"5: Chr + Active NC (Reg)","Right-skewed"
1984.5,0.00778666666666667,0.00118372099850381,0.00638,0.0094,0.342826666666667,0.649386666666667,1.25498816059131,0.361792610087461,0,"5: Chr + Active NC (Reg)","Right-skewed"
1985,0.00812,0.00123690380971309,0.0064,0.0096,0.344733333333333,0.647146666666667,1.26465684733053,0.388222001752325,0,"5: Chr + Active NC (Reg)","Right-skewed"
1985.5,0.0084,0.00136356530640362,0.00678,0.01022,0.34652,0.64508,1.26962463388899,0.406002494937322,0,"5: Chr + Active NC (Reg)","Right-skewed"
1986,0.00882,0.00156456449818009,0.0068,0.01102,0.348246666666667,0.642933333333333,1.2715931913698,0.425583651476363,0,"5: Chr + Active NC (Reg)","Right-skewed"
1986.5,0.00935333333333333,0.00176532371424959,0.0072,0.01202,0.350233333333333,0.640413333333333,1.27457645787901,0.447551193656623,0,"5: Chr + Active NC (Reg)","Right-skewed"
1987,0.00982666666666667,0.00191310063064871,0.00756,0.01244,0.3523,0.637873333333333,1.27578829722003,0.463917590445463,0,"5: Chr + Active NC (Reg)","Right-skewed"
1987.5,0.01034,0.00214067343577218,0.00776,0.01324,0.3541,0.63556,1.27619074116906,0.482704004614471,0,"5: Chr + Active NC (Reg)","Right-skewed"
1988,0.0108733333333333,0.00234916468401934,0.008,0.01404,0.355553333333333,0.633573333333333,1.28058498538712,0.499578881825335,0,"5: Chr + Active NC (Reg)","Right-skewed"
1988.5,0.01136,0.00254037738168551,0.00838,0.01464,0.357053333333333,0.631586666666667,1.28534430190954,0.509479580158315,0,"5: Chr + Active NC (Reg)","Right-skewed"
1989,0.0119933333333333,0.00284567831236619,0.00858,0.0157,0.357993333333333,0.630013333333333,1.27977730514829,0.52228760054507,0,"5: Chr + Active NC (Reg)","Right-skewed"
1989.5,0.01258,0.00300268845054469,0.00898,0.01702,0.35912,0.6283,1.28031084072788,0.536890197722404,0,"5: Chr + Active NC (Reg)","Right-skewed"
1990,0.0132933333333333,0.00327065672339652,0.00936,0.0182,0.360173333333333,0.626533333333333,1.28270345938938,0.552637762035678,0,"5: Chr + Active NC (Reg)","Right-skewed"
1990.5,0.0139266666666667,0.00354186131987059,0.00978,0.0196,0.361453333333333,0.62462,1.28174232252884,0.561987987675466,0,"5: Chr + Active NC (Reg)","Right-skewed"
1991,0.0146333333333333,0.00385713251838303,0.01,0.0199,0.362386666666667,0.62298,1.27595913536844,0.570053422674935,0,"5: Chr + Active NC (Reg)","Right-skewed"
1991.5,0.0153466666666667,0.00403841325389012,0.01056,0.02068,0.363246666666667,0.621406666666667,1.27458700957672,0.581883505279087,0,"5: Chr + Active NC (Reg)","Right-skewed"
1992,0.0160933333333333,0.00422920334336625,0.01096,0.02222,0.36408,0.619826666666667,1.2721451983635,0.589976227902419,0,"5: Chr + Active NC (Reg)","Right-skewed"
1992.5,0.0170066666666667,0.00471753393594382,0.01168,0.02386,0.365046666666667,0.617946666666667,1.27049767731588,0.598140220095358,0,"5: Chr + Active NC (Reg)","Right-skewed"
1993,0.01784,0.00506029847831679,0.0121,0.02514,0.365766666666667,0.616393333333333,1.26637277453628,0.603897913918424,0,"5: Chr + Active NC (Reg)","Right-skewed"
1993.5,0.0187466666666667,0.0054749418723624,0.01268,0.02706,0.366513333333333,0.61474,1.26212454267433,0.610712159232817,0,"5: Chr + Active NC (Reg)","Right-skewed"
1994,0.01972,0.00591330469482109,0.01332,0.02882,0.367266666666667,0.613013333333333,1.25997571354522,0.615809740727367,0,"5: Chr + Active NC (Reg)","Right-skewed"
1994.5,0.0207066666666667,0.00643947595497589,0.0139,0.03052,0.36782,0.611473333333333,1.25729068258244,0.620989908460964,0,"5: Chr + Active NC (Reg)","Right-skewed"
1995,0.0217,0.00690362223763728,0.01416,0.03202,0.368093333333333,0.610206666666667,1.25528728706049,0.630387696692882,0,"5: Chr + Active NC (Reg)","Right-skewed"
1995.5,0.02292,0.00752258209521906,0.01458,0.03458,0.36834,0.60874,1.251098843632,0.636950607305206,0,"5: Chr + Active NC (Reg)","Right-skewed"
1996,0.0239866666666667,0.00804623421592183,0.01536,0.03564,0.36886,0.607153333333333,1.24816015429948,0.640842528677518,0,"5: Chr + Active NC (Reg)","Right-skewed"
1996.5,0.02504,0.00856704189884418,0.01598,0.0375,0.36914,0.60582,1.24536375807683,0.644417820131448,0,"5: Chr + Active NC (Reg)","Right-skewed"
1997,0.0262266666666667,0.00907360451257243,0.01676,0.0393,0.368966666666667,0.604806666666667,1.24131740970385,0.648277471719824,0,"5: Chr + Active NC (Reg)","Right-skewed"
1997.5,0.02736,0.00964563864280568,0.0179,0.0419,0.368533333333333,0.604106666666667,1.23727941239227,0.652295070889735,0,"5: Chr + Active NC (Reg)","Right-skewed"
1998,0.0286533333333333,0.0104013173347827,0.0183,0.0452,0.368493333333333,0.602853333333333,1.23260154913593,0.652031162984062,0,"5: Chr + Active NC (Reg)","Right-skewed"
1998.5,0.0300066666666667,0.0109702397840494,0.0187,0.04752,0.36824,0.601753333333333,1.22867856355017,0.654390450767947,0,"5: Chr + Active NC (Reg)","Right-skewed"
1999,0.0312133333333333,0.0115109463145943,0.01914,0.04954,0.368093333333333,0.600693333333333,1.25113903596577,0.657336340458154,0.0666666666666667,"5: Chr + Active NC (Reg)","Right-skewed"
1999.5,0.0325333333333333,0.0118663050442123,0.0197,0.05244,0.36798,0.599486666666667,1.27367208736169,0.656237744708288,0.1,"5: Chr + Active NC (Reg)","Right-skewed"
2000,0.0337066666666667,0.0122296116986129,0.02012,0.0538,0.367453333333333,0.59884,1.2899615599836,0.654931546688683,0.133333333333333,"5: Chr + Active NC (Reg)","Right-skewed"
2000.5,0.0348733333333333,0.0126682316032674,0.02076,0.05464,0.366786666666667,0.59834,1.30890739731855,0.653067796146561,0.166666666666667,"5: Chr + Active NC (Reg)","Right-skewed"
2001,0.0361533333333333,0.0131165263834529,0.02134,0.05684,0.3662,0.597646666666667,1.31567860270859,0.653140498557018,0.166666666666667,"5: Chr + Active NC (Reg)","Right-skewed"
2001.5,0.0374533333333333,0.0135365592667269,0.02212,0.05822,0.365353333333333,0.597193333333333,1.31607726327719,0.653445302738672,0.166666666666667,"5: Chr + Active NC (Reg)","Right-skewed"
2002,0.0388133333333333,0.0139661594289698,0.0222,0.05988,0.36466,0.596526666666667,1.34311432372582,0.655921485761389,0.233333333333333,"5: Chr + Active NC (Reg)","Right-skewed"
2002.5,0.04014,0.0142190886753906,0.02366,0.06128,0.3639,0.59596,1.38112259836402,0.655152487585693,0.3,"5: Chr + Active NC (Reg)","Right-skewed"
2003,0.0414,0.014719913792851,0.0243,0.06318,0.362666666666667,0.595933333333333,1.39413095028364,0.655749705888636,0.3,"5: Chr + Active NC (Reg)","Right-skewed"
2003.5,0.0427133333333333,0.0151951610567387,0.02546,0.0651,0.36152,0.595766666666667,1.39825374430903,0.654683337572268,0.3,"5: Chr + Active NC (Reg)","Right-skewed"
2004,0.0441333333333333,0.0157409488679802,0.02642,0.06694,0.360233333333333,0.595633333333333,1.41305245809003,0.652885201085852,0.333333333333333,"5: Chr + Active NC (Reg)","Right-skewed"
2004.5,0.0454866666666667,0.0161506428468905,0.02746,0.06866,0.358986666666667,0.595526666666667,1.42244342530222,0.648574273893933,0.333333333333333,"5: Chr + Active NC (Reg)","Right-skewed"
2005,0.0468266666666667,0.016503770380783,0.02844,0.06924,0.35818,0.594993333333333,1.43575209636494,0.648074060958202,0.366666666666667,"5: Chr + Active NC (Reg)","Right-skewed"
2005.5,0.0482933333333333,0.0169437799254157,0.02924,0.07038,0.356853333333333,0.594853333333333,1.46898903761598,0.647347317127592,0.433333333333333,"5: Chr + Active NC (Reg)","Right-skewed"
2006,0.0494733333333333,0.0173888179157109,0.02966,0.0727,0.355546666666667,0.59498,1.49711055028106,0.643441328304201,0.466666666666667,"5: Chr + Active NC (Reg)","Right-skewed"
2006.5,0.0508333333333333,0.0177945426220074,0.03052,0.07428,0.353846666666667,0.59532,1.54392669016725,0.643696785582366,0.566666666666667,"5: Chr + Active NC (Reg)","Right-skewed"
2007,0.0519466666666667,0.0182418944368089,0.0318,0.07744,0.3521,0.595953333333333,1.57029476798047,0.639020449246083,0.566666666666667,"5: Chr + Active NC (Reg)","Right-skewed"
2007.5,0.05326,0.0189301547437069,0.03226,0.07996,0.350906666666667,0.595833333333333,1.57578703133341,0.636583843871286,0.566666666666667,"5: Chr + Active NC (Reg)","Right-skewed"
2008,0.0544266666666667,0.0193641498354711,0.03254,0.0813,0.34962,0.595953333333333,1.58079798403952,0.631932103821114,0.566666666666667,"5: Chr + Active NC (Reg)","Right-skewed"
2008.5,0.0558933333333333,0.0197655034450626,0.03352,0.0829,0.347733333333333,0.596373333333333,1.58338951015587,0.62794647810508,0.566666666666667,"5: Chr + Active NC (Reg)","Right-skewed"
2009,0.0572933333333333,0.0202163288957958,0.03474,0.08546,0.345966666666667,0.59674,1.59706543729483,0.625405021336211,0.6,"5: Chr + Active NC (Reg)","Right-skewed"
2009.5,0.0584933333333333,0.0205596681399041,0.0359,0.08674,0.343906666666667,0.5976,1.631716006851,0.620853189063342,0.666666666666667,"5: Chr + Active NC (Reg)","Right-skewed"
2010,0.05976,0.0209850127143323,0.03638,0.0889,0.341886666666667,0.598353333333333,1.65025222672864,0.618815180556797,0.666666666666667,"5: Chr + Active NC (Reg)","Right-skewed"
2010.5,0.0610133333333333,0.0214958493721436,0.0372,0.0903,0.33958,0.599406666666667,1.65563328364937,0.61615031965353,0.666666666666667,"5: Chr + Active NC (Reg)","Right-skewed"
2011,0.06246,0.0220896074800049,0.03832,0.0925,0.337086666666667,0.600453333333333,1.65891772066547,0.613670375711097,0.666666666666667,"5: Chr + Active NC (Reg)","Right-skewed"
2011.5,0.06364,0.0226510196162374,0.0389,0.09422,0.334826666666667,0.601533333333333,1.66247928966189,0.60983651517215,0.666666666666667,"5: Chr + Active NC (Reg)","Right-skewed"
2012,0.0648866666666667,0.0229786517616158,0.03936,0.09752,0.331946666666667,0.603166666666667,1.67667104442463,0.608238330007622,0.7,"5: Chr + Active NC (Reg)","Right-skewed"
2012.5,0.0657866666666667,0.0233604991286623,0.04032,0.09818,0.328986666666667,0.605226666666667,1.68685036515615,0.603666854264053,0.7,"5: Chr + Active NC (Reg)","Right-skewed"
2013,0.0670266666666667,0.0237114105127837,0.04116,0.1009,0.3262,0.606773333333333,1.68895882221245,0.603330153152739,0.7,"5: Chr + Active NC (Reg)","Right-skewed"
2013.5,0.0681733333333333,0.0242053133712889,0.04178,0.1032,0.323353333333333,0.608473333333333,1.69074053209373,0.603737892729509,0.7,"5: Chr + Active NC (Reg)","Right-skewed"
2014,0.0691266666666667,0.0243487581405809,0.04318,0.1047,0.320566666666667,0.610306666666667,1.6931305218538,0.603639810951732,0.7,"5: Chr + Active NC (Reg)","Right-skewed"
2014.5,0.0702,0.0246264786008041,0.04414,0.1061,0.317606666666667,0.612193333333333,1.6969582931833,0.602318759225804,0.7,"5: Chr + Active NC (Reg)","Right-skewed"
2015,0.0714133333333333,0.0250540344790647,0.04474,0.1081,0.31462,0.613966666666667,1.70849502801358,0.603675842953093,0.733333333333333,"5: Chr + Active NC (Reg)","Right-skewed"
2015.5,0.0723733333333333,0.0253801297968656,0.04528,0.10948,0.31148,0.616146666666667,1.7191178331355,0.603534464961037,0.733333333333333,"5: Chr + Active NC (Reg)","Right-skewed"
2016,0.0734733333333333,0.02571710732558,0.04566,0.11126,0.308366666666667,0.61816,1.71985738067684,0.603427938483806,0.733333333333333,"5: Chr + Active NC (Reg)","Right-skewed"
2016.5,0.0745333333333333,0.0262145173432629,0.04626,0.11234,0.305006666666667,0.62046,1.73291707408717,0.600851537967982,0.766666666666667,"5: Chr + Active NC (Reg)","Right-skewed"
2017,0.0756066666666667,0.0264995762273642,0.04632,0.11358,0.302173333333333,0.62222,1.74241703857755,0.598550105772143,0.766666666666667,"5: Chr + Active NC (Reg)","Right-skewed"
2017.5,0.0763866666666667,0.0269461753838294,0.04652,0.11554,0.2993,0.624313333333333,1.74523601346521,0.595331172688382,0.766666666666667,"5: Chr + Active NC (Reg)","Right-skewed"
2018,0.0773133333333333,0.0272706831766192,0.04766,0.118,0.29636,0.626326666666667,1.75825650000319,0.59527427866996,0.8,"5: Chr + Active NC (Reg)","Right-skewed"
2018.5,0.0781933333333333,0.0274115748686866,0.04872,0.1185,0.293486666666667,0.62832,1.76867750539889,0.592601797709506,0.8,"5: Chr + Active NC (Reg)","Right-skewed"
2019,0.0790866666666667,0.0276518594914218,0.04936,0.11894,0.290673333333333,0.63024,1.77274724794136,0.590271381650849,0.8,"5: Chr + Active NC (Reg)","Right-skewed"
2019.5,0.07998,0.0279196062614268,0.05014,0.12038,0.287366666666667,0.632653333333333,1.7873019525119,0.588940693745896,0.833333333333333,"5: Chr + Active NC (Reg)","Right-skewed"
2020,0.0809866666666667,0.0281879374217404,0.05078,0.12212,0.284386666666667,0.634626666666667,1.82183214991452,0.58651673144512,0.9,"5: Chr + Active NC (Reg)","Right-skewed"
2020.5,0.08194,0.0285131379276775,0.0508,0.1229,0.281733333333333,0.636326666666667,1.84937596064494,0.583742022216218,0.933333333333333,"5: Chr + Active NC (Reg)","Right-skewed"
2021,0.0827533333333333,0.028907017801235,0.05136,0.12378,0.278433333333333,0.638813333333333,1.86074723273407,0.58180922559861,0.933333333333333,"5: Chr + Active NC (Reg)","Right-skewed"
2021.5,0.0836666666666667,0.0294688770170103,0.0514,0.12546,0.27544,0.640893333333333,1.86531684349532,0.578943147587968,0.933333333333333,"5: Chr + Active NC (Reg)","Right-skewed"
2022,0.0847666666666667,0.0296707022955751,0.05194,0.12702,0.272533333333333,0.6427,1.86729705792107,0.578555480727503,0.933333333333333,"5: Chr + Active NC (Reg)","Right-skewed"
2022.5,0.0854533333333333,0.0300261464604496,0.0525,0.12808,0.269306666666667,0.64524,1.8712844709614,0.576801430310967,0.933333333333333,"5: Chr + Active NC (Reg)","Right-skewed"
2023,0.0862733333333333,0.0302549845802972,0.05218,0.12888,0.266426666666667,0.6473,1.87530413745996,0.57441531300962,0.933333333333333,"5: Chr + Active NC (Reg)","Right-skewed"
2023.5,0.0871866666666667,0.0306596413742138,0.05292,0.12952,0.263233333333333,0.64958,1.87839445357049,0.571837920755734,0.933333333333333,"5: Chr + Active NC (Reg)","Right-skewed"
2024,0.08818,0.0310063552996078,0.0528,0.1308,0.260473333333333,0.651346666666667,1.88236773356438,0.568189386604339,0.933333333333333,"5: Chr + Active NC (Reg)","Right-skewed"
2024.5,0.0890333333333333,0.0314806599997997,0.05338,0.133,0.257453333333333,0.653513333333333,1.88529002516594,0.566046570128977,0.933333333333333,"5: Chr + Active NC (Reg)","Right-skewed"
2025,0.08982,0.0319808283086968,0.05374,0.13336,0.25446,0.65572,1.8876933556225,0.563478936856249,0.933333333333333,"5: Chr + Active NC (Reg)","Right-skewed"
2025.5,0.0905133333333333,0.0321688512152011,0.05434,0.13298,0.251246666666667,0.65824,1.89100368662467,0.559519768142026,0.933333333333333,"5: Chr + Active NC (Reg)","Right-skewed"
2026,0.09104,0.0323434755985361,0.0548,0.13396,0.248453333333333,0.660506666666667,1.89391255808939,0.554908063808771,0.933333333333333,"5: Chr + Active NC (Reg)","Right-skewed"
2026.5,0.0918133333333333,0.0327510540323496,0.055,0.13602,0.245813333333333,0.662373333333333,1.89591652801327,0.55168834186787,0.933333333333333,"5: Chr + Active NC (Reg)","Right-skewed"
2027,0.0924666666666667,0.0329554070005927,0.05518,0.13738,0.242986666666667,0.664546666666667,1.89855581756214,0.547402605638944,0.933333333333333,"5: Chr + Active NC (Reg)","Right-skewed"
2027.5,0.0933133333333333,0.0332970199902316,0.05558,0.1392,0.23982,0.666866666666667,1.89883508580532,0.544889956402463,0.933333333333333,"5: Chr + Active NC (Reg)","Right-skewed"
2028,0.0939266666666667,0.0333698804244221,0.05594,0.1391,0.23718,0.668893333333333,1.90025416588211,0.541120526749114,0.933333333333333,"5: Chr + Active NC (Reg)","Right-skewed"
2028.5,0.09474,0.0337001033457947,0.05576,0.14,0.233773333333333,0.671486666666667,1.89947985530304,0.540093422623572,0.933333333333333,"5: Chr + Active NC (Reg)","Right-skewed"
2029,0.0953333333333333,0.0340063415316587,0.05656,0.1412,0.230913333333333,0.673753333333333,1.90106616918314,0.535554293274089,0.933333333333333,"5: Chr + Active NC (Reg)","Right-skewed"
2029.5,0.0961,0.0341237403455778,0.05646,0.14224,0.22792,0.67598,1.91424619059685,0.533128296055893,0.966666666666667,"5: Chr + Active NC (Reg)","Right-skewed"
2030,0.0967466666666667,0.0344130261356959,0.05704,0.14324,0.225033333333333,0.67822,1.92110579781681,0.52840529020124,0.966666666666667,"5: Chr + Active NC (Reg)","Right-skewed"
2030.5,0.0976333333333333,0.0346682437749128,0.05758,0.14474,0.222373333333333,0.679993333333333,1.92127216814241,0.526624992031791,0.966666666666667,"5: Chr + Active NC (Reg)","Right-skewed"
2031,0.09816,0.0347861407202193,0.05734,0.14494,0.219853333333333,0.681986666666667,1.92412937779736,0.524100810427506,0.966666666666667,"5: Chr + Active NC (Reg)","Right-skewed"
2031.5,0.0989866666666667,0.034928179842735,0.05826,0.14492,0.216973333333333,0.68404,1.92462650760338,0.521244880040825,0.966666666666667,"5: Chr + Active NC (Reg)","Right-skewed"
2032,0.09938,0.0351579431354743,0.0591,0.14602,0.214106666666667,0.686513333333333,1.92730979036927,0.516168899112179,0.966666666666667,"5: Chr + Active NC (Reg)","Right-skewed"
2032.5,0.09998,0.0352934633002223,0.0597,0.14758,0.2114,0.68862,1.92869197187383,0.512332916484506,0.966666666666667,"5: Chr + Active NC (Reg)","Right-skewed"
2033,0.10044,0.0354124233022527,0.05958,0.1479,0.209273333333333,0.690286666666667,1.93055291361664,0.509474126774247,0.966666666666667,"5: Chr + Active NC (Reg)","Right-skewed"
2033.5,0.10092,0.0356099404951618,0.05996,0.14826,0.206266666666667,0.692813333333333,1.93172030689492,0.507036605919479,0.966666666666667,"5: Chr + Active NC (Reg)","Right-skewed"
2034,0.101493333333333,0.0358580239982277,0.06084,0.14942,0.203793333333333,0.694713333333333,1.93239591734361,0.503860713870482,0.966666666666667,"5: Chr + Active NC (Reg)","Right-skewed"
2034.5,0.102166666666667,0.0360848075141511,0.0609,0.15098,0.201346666666667,0.696486666666667,1.93323987454902,0.503149129012617,0.966666666666667,"5: Chr + Active NC (Reg)","Right-skewed"
2035,0.102673333333333,0.0363198618914788,0.061,0.15176,0.198973333333333,0.698353333333333,1.93409887354651,0.49844592267602,0.966666666666667,"5: Chr + Active NC (Reg)","Right-skewed"
2035.5,0.103173333333333,0.0366008755626696,0.0605,0.15224,0.196426666666667,0.7004,1.93530622502321,0.495824368558273,0.966666666666667,"5: Chr + Active NC (Reg)","Right-skewed"
2036,0.103406666666667,0.0365856381595323,0.06032,0.15226,0.194046666666667,0.702546666666667,1.93648563924277,0.491200302279339,0.966666666666667,"5: Chr + Active NC (Reg)","Right-skewed"
2036.5,0.103826666666667,0.0366866971411496,0.0606,0.15362,0.19176,0.704413333333333,1.93676414827824,0.487546003451167,0.966666666666667,"5: Chr + Active NC (Reg)","Right-skewed"
2037,0.104406666666667,0.0369429936741623,0.06088,0.15466,0.189366666666667,0.706226666666667,1.9363238764838,0.484592106048263,0.966666666666667,"5: Chr + Active NC (Reg)","Right-skewed"
2037.5,0.10472,0.0369571457324515,0.06088,0.1552,0.187153333333333,0.708126666666667,1.9383023355162,0.480258573219884,0.966666666666667,"5: Chr + Active NC (Reg)","Right-skewed"
2038,0.10512,0.0371824059246417,0.06122,0.1559,0.184913333333333,0.709966666666667,1.93933070186022,0.475939188878589,0.966666666666667,"5: Chr + Active NC (Reg)","Right-skewed"
2038.5,0.105446666666667,0.0372225620616956,0.0614,0.15608,0.182466666666667,0.712086666666667,1.94088644362386,0.472650726546168,0.966666666666667,"5: Chr + Active NC (Reg)","Right-skewed"
2039,0.105786666666667,0.0373354572466455,0.06084,0.15664,0.18,0.714213333333333,1.94323819771075,0.469757347251986,0.966666666666667,"5: Chr + Active NC (Reg)","Right-skewed"
2039.5,0.106166666666667,0.0375341346559078,0.0611,0.15742,0.177413333333333,0.71642,1.94359913026968,0.466151837921135,0.966666666666667,"5: Chr + Active NC (Reg)","Right-skewed"
2040,0.10634,0.0376625360363539,0.06096,0.15752,0.175226666666667,0.718433333333333,1.94477799711306,0.461367769067287,0.966666666666667,"5: Chr + Active NC (Reg)","Right-skewed"
2040.5,0.1064,0.0377298930237843,0.06058,0.15798,0.17294,0.72066,1.94549571635337,0.456952810861224,0.966666666666667,"5: Chr + Active NC (Reg)","Right-skewed"
2041,0.10664,0.0379038493177599,0.06094,0.1588,0.170653333333333,0.722706666666667,1.94677963209416,0.453993831435785,0.966666666666667,"5: Chr + Active NC (Reg)","Right-skewed"
2041.5,0.107,0.0380995429423214,0.06094,0.16082,0.168306666666667,0.724693333333333,1.9470929049749,0.451503665903056,0.966666666666667,"5: Chr + Active NC (Reg)","Right-skewed"
2042,0.107373333333333,0.0381258436499835,0.06132,0.16058,0.166186666666667,0.72644,1.94674192624824,0.44785704233421,0.966666666666667,"5: Chr + Active NC (Reg)","Right-skewed"
2042.5,0.107373333333333,0.0380719729779897,0.06114,0.16008,0.164013333333333,0.728613333333333,1.9559381640326,0.444163051299096,1,"5: Chr + Active NC (Reg)","Right-skewed"
2043,0.107466666666667,0.0380477860458201,0.06098,0.16028,0.161973333333333,0.73056,1.9611502362602,0.439605516115756,1,"5: Chr + Active NC (Reg)","Right-skewed"
2043.5,0.107546666666667,0.0380330503580797,0.061,0.16002,0.16004,0.732413333333333,1.96211443436145,0.436480010227661,1,"5: Chr + Active NC (Reg)","Right-skewed"
2044,0.10768,0.0381433087185682,0.06138,0.15954,0.157613333333333,0.734706666666667,1.96372425079054,0.433725819561176,1,"5: Chr + Active NC (Reg)","Right-skewed"
2044.5,0.107826666666667,0.0381116593014873,0.06156,0.1598,0.155466666666667,0.736706666666667,1.96490139887373,0.431921872756743,1,"5: Chr + Active NC (Reg)","Right-skewed"
2045,0.108013333333333,0.0381654811842192,0.06176,0.15944,0.153566666666667,0.73842,1.96575260126901,0.429219411467206,1,"5: Chr + Active NC (Reg)","Right-skewed"
2045.5,0.108026666666667,0.038112564073149,0.06158,0.15972,0.151526666666667,0.740446666666667,1.96616111145614,0.425988194165564,1,"5: Chr + Active NC (Reg)","Right-skewed"
2046,0.108253333333333,0.0382067310673208,0.06174,0.15982,0.149513333333333,0.742233333333333,1.96647603424984,0.423413012412024,1,"5: Chr + Active NC (Reg)","Right-skewed"
2046.5,0.108433333333333,0.0383811406034655,0.06194,0.16042,0.14738,0.744186666666667,1.96718545083526,0.419672099665187,1,"5: Chr + Active NC (Reg)","Right-skewed"
2047,0.108653333333333,0.0385048831057634,0.062,0.16102,0.145566666666667,0.74578,1.96890602546362,0.416498073921795,1,"5: Chr + Active NC (Reg)","Right-skewed"
2047.5,0.108693333333333,0.0385853548538225,0.06214,0.16098,0.143766666666667,0.74754,1.97031274389386,0.412291107512673,1,"5: Chr + Active NC (Reg)","Right-skewed"
2048,0.108866666666667,0.0384250756249303,0.06252,0.16116,0.141786666666667,0.749346666666667,1.97154881955997,0.410180761893647,1,"5: Chr + Active NC (Reg)","Right-skewed"
2048.5,0.108886666666667,0.0385097097772294,0.06252,0.16078,0.139666666666667,0.751446666666667,1.97258205790493,0.405252474648656,1,"5: Chr + Active NC (Reg)","Right-skewed"
2049,0.108933333333333,0.0385701450859862,0.06254,0.1604,0.137893333333333,0.753173333333333,1.97280152492303,0.401248292614526,1,"5: Chr + Active NC (Reg)","Right-skewed"
2049.5,0.1091,0.0388527813764942,0.06236,0.16136,0.135986666666667,0.754913333333333,1.97356644566247,0.397433506038341,1,"5: Chr + Active NC (Reg)","Right-skewed"
2050,0.109126666666667,0.0389492856234195,0.06216,0.16202,0.13418,0.756693333333333,1.97420361094153,0.393572641492623,1,"5: Chr + Active NC (Reg)","Right-skewed"
2050.5,0.1092,0.0389542260112806,0.0625,0.1611,0.132526666666667,0.758273333333333,1.97586751325251,0.390950859046779,1,"5: Chr + Active NC (Reg)","Right-skewed"
2051,0.1091,0.0388221319743582,0.06248,0.16114,0.13098,0.75992,1.97753724685899,0.38791853695175,1,"5: Chr + Active NC (Reg)","Right-skewed"
2051.5,0.109093333333333,0.0388269274969135,0.06264,0.1614,0.129246666666667,0.76166,1.97778353088963,0.384395832409768,1,"5: Chr + Active NC (Reg)","Right-skewed"
2052,0.109173333333333,0.0388475973014028,0.06232,0.16162,0.12794,0.762886666666667,1.97827055831965,0.381502640953476,1,"5: Chr + Active NC (Reg)","Right-skewed"
2052.5,0.10918,0.0388608605509273,0.06234,0.16188,0.12652,0.7643,1.97959479086355,0.377151824443604,1,"5: Chr + Active NC (Reg)","Right-skewed"
2053,0.109166666666667,0.0387524088980582,0.06234,0.1624,0.124833333333333,0.766,1.98119490757967,0.373420881851658,1,"5: Chr + Active NC (Reg)","Right-skewed"
2053.5,0.109186666666667,0.0387401932714932,0.06214,0.1626,0.1233,0.767513333333333,1.98196618975558,0.371172082713021,1,"5: Chr + Active NC (Reg)","Right-skewed"
2054,0.1091,0.0386252999095599,0.0612,0.16344,0.121806666666667,0.769093333333333,1.98325549794715,0.368613463234007,1,"5: Chr + Active NC (Reg)","Right-skewed"
2054.5,0.10898,0.0386281423227981,0.061,0.16386,0.120013333333333,0.771006666666667,1.98319754728364,0.364006353008566,1,"5: Chr + Active NC (Reg)","Right-skewed"
2055,0.108826666666667,0.0386377958011041,0.0608,0.16398,0.11858,0.772593333333333,1.98434740027382,0.360592635508965,1,"5: Chr + Active NC (Reg)","Right-skewed"
2055.5,0.108746666666667,0.0386490820101834,0.06134,0.16438,0.116986666666667,0.774266666666667,1.9849777252409,0.357283451030002,1,"5: Chr + Active NC (Reg)","Right-skewed"
2056,0.10874,0.0387722314425477,0.06152,0.16442,0.115586666666667,0.775673333333333,1.98619223746524,0.353389017886171,1,"5: Chr + Active NC (Reg)","Right-skewed"
2056.5,0.108606666666667,0.0387170276478587,0.06166,0.16466,0.113993333333333,0.7774,1.98766873962513,0.350517768345729,1,"5: Chr + Active NC (Reg)","Right-skewed"
2057,0.108366666666667,0.038694242049898,0.06204,0.165,0.112633333333333,0.779,1.98872375962756,0.348443535013632,1,"5: Chr + Active NC (Reg)","Right-skewed"
2057.5,0.108153333333333,0.0386310464151107,0.06186,0.16462,0.111206666666667,0.78064,1.98851444117787,0.345691450913558,1,"5: Chr + Active NC (Reg)","Right-skewed"
2058,0.108226666666667,0.0385408957300964,0.062,0.16442,0.109733333333333,0.78204,1.98820386560262,0.342523906911177,1,"5: Chr + Active NC (Reg)","Right-skewed"
2058.5,0.10816,0.0387452653392243,0.06126,0.16358,0.108186666666667,0.783653333333333,1.98940318990953,0.339709520733422,1,"5: Chr + Active NC (Reg)","Right-skewed"
2059,0.108053333333333,0.0388013840255583,0.06054,0.16416,0.106646666666667,0.7853,1.99004725497584,0.33608949345821,1,"5: Chr + Active NC (Reg)","Right-skewed"
2059.5,0.107846666666667,0.0387551352177634,0.06016,0.16436,0.105106666666667,0.787046666666667,1.99068982405576,0.333447612543894,1,"5: Chr + Active NC (Reg)","Right-skewed"
2060,0.107573333333333,0.0387181409262068,0.06012,0.16462,0.10372,0.788706666666667,1.99121325637689,0.330530551707775,1,"5: Chr + Active NC (Reg)","Right-skewed"
2060.5,0.10738,0.0386058902062974,0.06082,0.16482,0.102526666666667,0.790093333333333,1.99040105078673,0.327299254620477,1,"5: Chr + Active NC (Reg)","Right-skewed"
2061,0.107186666666667,0.0385162010993613,0.06064,0.1639,0.10126,0.791553333333333,1.99060311912642,0.323964294000935,1,"5: Chr + Active NC (Reg)","Right-skewed"
2061.5,0.106986666666667,0.0385657319152758,0.06048,0.16404,0.100073333333333,0.79294,1.99150718531543,0.320552423603574,1,"5: Chr + Active NC (Reg)","Right-skewed"
2062,0.1069,0.0387499766407049,0.06012,0.16366,0.0990933333333333,0.794006666666667,1.99211626871857,0.317137522164692,1,"5: Chr + Active NC (Reg)","Right-skewed"
2062.5,0.106686666666667,0.0387675898527173,0.05974,0.16322,0.0976666666666667,0.795646666666667,1.99172875887693,0.31294079481437,1,"5: Chr + Active NC (Reg)","Right-skewed"
2063,0.106626666666667,0.0387833499054047,0.05974,0.1629,0.0963133333333333,0.79706,1.99238606885369,0.310413676738317,1,"5: Chr + Active NC (Reg)","Right-skewed"
2063.5,0.10646,0.0387228222824375,0.05938,0.1632,0.0952733333333333,0.798266666666667,1.99257268601196,0.307504473088763,1,"5: Chr + Active NC (Reg)","Right-skewed"
2064,0.106246666666667,0.0387385109404719,0.05938,0.16244,0.09408,0.799673333333333,1.99212403324616,0.303834171875301,1,"5: Chr + Active NC (Reg)","Right-skewed"
2064.5,0.10602,0.0387271748125979,0.05918,0.16264,0.09278,0.8012,1.99265375801398,0.300302246206315,1,"5: Chr + Active NC (Reg)","Right-skewed"
2065,0.105886666666667,0.0386970437553348,0.05936,0.16228,0.09144,0.802673333333333,1.99323088177269,0.298422610799155,1,"5: Chr + Active NC (Reg)","Right-skewed"
2065.5,0.105686666666667,0.0386856003980928,0.05934,0.16172,0.0901,0.804213333333333,1.99342180093757,0.295392050888487,1,"5: Chr + Active NC (Reg)","Right-skewed"
2066,0.105573333333333,0.0386311553143255,0.05916,0.16168,0.0889333333333333,0.805493333333333,1.99363678866155,0.2937272776766,1,"5: Chr + Active NC (Reg)","Right-skewed"
2066.5,0.105353333333333,0.0385670820271894,0.0595,0.16224,0.08764,0.807006666666667,1.99313084908256,0.291548181097669,1,"5: Chr + Active NC (Reg)","Right-skewed"
2067,0.105133333333333,0.038476874678922,0.05928,0.16174,0.08658,0.808286666666667,1.9939387139278,0.288488521268605,1,"5: Chr + Active NC (Reg)","Right-skewed"
2067.5,0.105073333333333,0.0386165404380338,0.05926,0.16182,0.0855,0.809426666666667,1.99400329863797,0.285693580981463,1,"5: Chr + Active NC (Reg)","Right-skewed"
2068,0.104973333333333,0.0385229258506146,0.05918,0.16198,0.0844533333333333,0.810573333333333,1.99391902833895,0.284562584918309,1,"5: Chr + Active NC (Reg)","Right-skewed"
2068.5,0.10478,0.0384368483404249,0.05934,0.16176,0.0834133333333333,0.811806666666667,1.9936081390317,0.282119454289876,1,"5: Chr + Active NC (Reg)","Right-skewed"
2069,0.1045,0.0384051271720775,0.05982,0.16154,0.0822933333333333,0.813206666666667,1.99292366492944,0.279207232079909,1,"5: Chr + Active NC (Reg)","Right-skewed"
2069.5,0.1043,0.0382038723438995,0.06004,0.16146,0.0812533333333333,0.814446666666667,1.99374893583078,0.277623851465046,1,"5: Chr + Active NC (Reg)","Right-skewed"
2070,0.104086666666667,0.038163520524849,0.0599,0.16112,0.0799933333333333,0.81592,1.99293954033135,0.27508004885921,1,"5: Chr + Active NC (Reg)","Right-skewed"
2070.5,0.1038,0.0380928086253235,0.05976,0.16082,0.0789066666666667,0.817293333333333,1.99373945240002,0.273188385604319,1,"5: Chr + Active NC (Reg)","Right-skewed"
2071,0.103673333333333,0.0380585568187554,0.05992,0.16024,0.0778333333333333,0.818493333333333,1.99350284233812,0.271026124402833,1,"5: Chr + Active NC (Reg)","Right-skewed"
2071.5,0.103513333333333,0.0381431670866788,0.05936,0.16,0.07674,0.819746666666667,1.99314824080414,0.268617862296484,1,"5: Chr + Active NC (Reg)","Right-skewed"
2072,0.10326,0.0382078219108655,0.059,0.1601,0.07574,0.821,1.99395296849491,0.266595703293189,1,"5: Chr + Active NC (Reg)","Right-skewed"
2072.5,0.10312,0.0381571921181948,0.05878,0.15972,0.0746,0.82228,1.9948117811861,0.265040256910979,1,"5: Chr + Active NC (Reg)","Right-skewed"
2073,0.1028,0.0380995067394987,0.05894,0.15864,0.0736933333333333,0.823506666666667,1.99474731854095,0.262264953990123,1,"5: Chr + Active NC (Reg)","Right-skewed"
2073.5,0.10268,0.0380896075970408,0.0587,0.15824,0.0727266666666667,0.824593333333333,1.99412310085328,0.260114976506984,1,"5: Chr + Active NC (Reg)","Right-skewed"
2074,0.10256,0.0379873445350894,0.05854,0.15764,0.0717733333333333,0.825666666666667,1.99490040562185,0.25778094938975,1,"5: Chr + Active NC (Reg)","Right-skewed"
2074.5,0.10242,0.0379912276625848,0.05852,0.15702,0.07086,0.82672,1.99492229986305,0.255230752803715,1,"5: Chr + Active NC (Reg)","Right-skewed"
2075,0.102173333333333,0.037855505073474,0.0585,0.15682,0.0699666666666667,0.82786,1.99460854198509,0.252459531885512,1,"5: Chr + Active NC (Reg)","Right-skewed"
2075.5,0.101966666666667,0.0379923071463007,0.05758,0.15606,0.0693333333333333,0.8287,1.99529980259673,0.248576625742972,1,"5: Chr + Active NC (Reg)","Right-skewed"
2076,0.1018,0.0377946538821163,0.05794,0.15516,0.0683,0.8299,1.99519501989166,0.247234171232242,1,"5: Chr + Active NC (Reg)","Right-skewed"
2076.5,0.101473333333333,0.0377675096029536,0.0574,0.15422,0.06742,0.831106666666667,1.9951032445985,0.244578606275136,1,"5: Chr + Active NC (Reg)","Right-skewed"
2077,0.101326666666667,0.0377383179762713,0.0574,0.15424,0.06652,0.832153333333333,1.99533960898265,0.24219226807331,1,"5: Chr + Active NC (Reg)","Right-skewed"
2077.5,0.1011,0.037668783380663,0.0572,0.1538,0.0656666666666667,0.833233333333333,1.99544641721234,0.239422403226004,1,"5: Chr + Active NC (Reg)","Right-skewed"
2078,0.100813333333333,0.0376343912173274,0.057,0.15312,0.0649666666666667,0.83422,1.99574064129797,0.238049646226135,1,"5: Chr + Active NC (Reg)","Right-skewed"
2078.5,0.10044,0.0374992193022183,0.05658,0.15182,0.0640866666666667,0.835473333333333,1.99563996540666,0.236283471094378,1,"5: Chr + Active NC (Reg)","Right-skewed"
2079,0.10006,0.0376323100356687,0.05618,0.1517,0.0632733333333333,0.836666666666667,1.99594809413277,0.234578462293788,1,"5: Chr + Active NC (Reg)","Right-skewed"
2079.5,0.0998333333333333,0.0375202412805025,0.05598,0.15114,0.0625333333333333,0.837633333333333,1.99599572780532,0.232994656201634,1,"5: Chr + Active NC (Reg)","Right-skewed"
1980,0.0048,0.000196521473776207,0.0046,0.005,0,0.9952,-0.512926350000374,0.00272222222222222,0,"1: Chr + Nones (Free)","Left-skewed"
1980.5,0.00456666666666667,0.000278336602637555,0.0042,0.005,0,0.995433333333333,-0.484838218881316,0.00557070707070707,0,"1: Chr + Nones (Free)","Left-skewed"
1981,0.00436666666666667,0.000283248804158943,0.004,0.0048,0,0.995633333333333,-0.471912504821621,0.00747474747474748,0,"1: Chr + Nones (Free)","Left-skewed"
1981.5,0.00417333333333333,0.000335213090573674,0.0038,0.0046,0,0.995826666666667,-0.449119265954325,0.0109645407986369,0,"1: Chr + Nones (Free)","Left-skewed"
1982,0.00398666666666667,0.00041666436780975,0.00358,0.0046,0,0.996013333333333,-0.42956362998392,0.0115817559346971,0,"1: Chr + Nones (Free)","Left-skewed"
1982.5,0.00378666666666667,0.000432899871622266,0.0034,0.0044,0,0.996213333333333,-0.413552673373,0.0141545140234399,0,"1: Chr + Nones (Free)","Left-skewed"
1983,0.00360666666666667,0.000474111389016761,0.0032,0.00422,0,0.996393333333333,-0.388476570989338,0.0217067818736953,0,"1: Chr + Nones (Free)","Left-skewed"
1983.5,0.00342666666666667,0.000581871732122878,0.00278,0.0042,0,0.996573333333333,-0.370538046948143,0.0262821500326548,0,"1: Chr + Nones (Free)","Left-skewed"
1984,0.00328,0.000579178967040473,0.00258,0.00402,0,0.99672,-0.365012417211202,0.0256755036902096,0,"1: Chr + Nones (Free)","Left-skewed"
1984.5,0.00314666666666667,0.000579972254588057,0.0024,0.00382,0,0.996853333333333,-0.360556505328708,0.0267703367896866,0,"1: Chr + Nones (Free)","Left-skewed"
1985,0.003,0.000577748304582779,0.0022,0.00362,0,0.997,-0.353694798354381,0.0257728620422119,0,"1: Chr + Nones (Free)","Left-skewed"
1985.5,0.00291333333333333,0.00056000821012044,0.00218,0.0036,0,0.997086666666667,-0.344778590026509,0.0289081717216392,0,"1: Chr + Nones (Free)","Left-skewed"
1986,0.00276,0.000569088805869099,0.002,0.00324,0,0.99724,-0.327229310707106,0.0303881766381766,0,"1: Chr + Nones (Free)","Left-skewed"
1986.5,0.00262666666666667,0.00059823495172989,0.0018,0.0032,0,0.997373333333333,-0.300076110649892,0.0296549576154839,0,"1: Chr + Nones (Free)","Left-skewed"
1987,0.00247333333333333,0.000544523412835882,0.0016,0.00302,0,0.997526666666667,-0.275473943876244,0.0319415769415769,0,"1: Chr + Nones (Free)","Left-skewed"
1987.5,0.00236666666666667,0.000558528444207192,0.0016,0.00282,0,0.997633333333333,-0.253283704396906,0.0402370777370777,0,"1: Chr + Nones (Free)","Left-skewed"
1988,0.00225333333333333,0.000495311349893512,0.0016,0.0028,0,0.997746666666667,-0.237952509560899,0.0436591186591187,0,"1: Chr + Nones (Free)","Left-skewed"
1988.5,0.00218,0.000507461566406078,0.00158,0.0026,0,0.99782,-0.227612188443563,0.044518907018907,0,"1: Chr + Nones (Free)","Left-skewed"
1989,0.00209333333333333,0.000529758131755351,0.00138,0.0026,0,0.997906666666667,-0.221184445065124,0.0426702926702927,0,"1: Chr + Nones (Free)","Left-skewed"
1989.5,0.00198666666666667,0.000509044631424013,0.00138,0.0026,0,0.998013333333333,-0.207036041582364,0.0397241647241647,0,"1: Chr + Nones (Free)","Left-skewed"
1990,0.00192,0.000505418911262795,0.0012,0.00242,0,0.99808,-0.186709044901628,0.0412958337958338,0,"1: Chr + Nones (Free)","Left-skewed"
1990.5,0.00184,0.000488205722606984,0.0012,0.0024,0,0.99816,-0.168047183841871,0.0457150257150257,0,"1: Chr + Nones (Free)","Left-skewed"
1991,0.00176,0.00048537223539934,0.00118,0.00222,0,0.99824,-0.140578188917349,0.0540885040885041,0,"1: Chr + Nones (Free)","Left-skewed"
1991.5,0.00164666666666667,0.000489005559049802,0.001,0.0022,0,0.998353333333333,-0.133148415836744,0.0558621933621934,0,"1: Chr + Nones (Free)","Left-skewed"
1992,0.00155333333333333,0.000435282970454641,0.001,0.002,0,0.998446666666667,-0.106614471809055,0.0548689273689274,0,"1: Chr + Nones (Free)","Left-skewed"
1992.5,0.00149333333333333,0.000425832517937902,0.00098,0.002,0,0.998506666666667,-0.0918605656085358,0.0603968253968254,0,"1: Chr + Nones (Free)","Left-skewed"
1993,0.00144,0.000459084546341581,8e-04,0.00182,0,0.99856,-0.0844072962034587,0.061957671957672,0,"1: Chr + Nones (Free)","Left-skewed"
1993.5,0.00134666666666667,0.000442355242898217,0.00078,0.0018,0,0.998653333333333,-0.0714527431494244,0.0669973544973545,0,"1: Chr + Nones (Free)","Left-skewed"
1994,0.00131333333333333,0.000447778680964644,0.00078,0.0018,0,0.998686666666667,-0.0670944338799883,0.0622354497354497,0,"1: Chr + Nones (Free)","Left-skewed"
1994.5,0.00122,0.000431037241370483,0.00078,0.0018,0,0.99878,-0.050531020522145,0.066023535851122,0,"1: Chr + Nones (Free)","Left-skewed"
1995,0.00119333333333333,0.000418481106839495,0.00078,0.0018,0,0.998806666666667,-0.0409956024794122,0.0672550629447181,0,"1: Chr + Nones (Free)","Left-skewed"
1995.5,0.00110666666666667,0.000416001768342837,0.00058,0.00144,0,0.998893333333333,-0.0129510206269275,0.0703338806787083,0,"1: Chr + Nones (Free)","Left-skewed"
1996,0.00106,0.000407346332354618,0.00058,0.00142,0,0.99894,-0.00066650010972189,0.0755062944718117,0,"1: Chr + Nones (Free)","Left-skewed"
1996.5,0.00102666666666667,0.000399079400390564,0.00058,0.00142,0,0.998973333333333,0.014090069698976,0.0782840722495895,0,"1: Chr + Nones (Free)","Left-skewed"
1997,0.00098,0.000390755236909774,0.00058,0.0014,0,0.99902,0.0469592473734506,0.0911740558292282,0,"1: Chr + Nones (Free)","Left-skewed"
1997.5,0.00094,0.0003792915355838,0.00058,0.0014,0,0.99906,0.0634758514317777,0.0949096880131363,0,"1: Chr + Nones (Free)","Left-skewed"
1998,0.000886666666666667,0.000362684752760655,0.00058,0.0012,0,0.999113333333333,0.0805054821748383,0.100574712643678,0,"1: Chr + Nones (Free)","Left-skewed"
1998.5,0.00086,0.00034898868670528,0.00058,0.0012,0,0.99914,0.0942185308601884,0.0994252873563218,0,"1: Chr + Nones (Free)","Left-skewed"
1999,0.000833333333333333,0.000352658214269786,0.00058,0.0012,0,0.999166666666667,0.116484392379254,0.106896551724138,0,"1: Chr + Nones (Free)","Left-skewed"
1999.5,8e-04,0.000363887060917874,4e-04,0.0012,0,0.9992,0.136437227696422,0.11264367816092,0,"1: Chr + Nones (Free)","Left-skewed"
2000,0.00078,0.000357578059961062,4e-04,0.00102,0,0.99922,0.146171565845805,0.0954022988505747,0,"1: Chr + Nones (Free)","Left-skewed"
2000.5,0.000766666666666667,0.000375392514882603,4e-04,0.00102,0,0.999233333333333,0.158700369460875,0.102298850574713,0,"1: Chr + Nones (Free)","Left-skewed"
2001,0.000733333333333333,0.000376309972499134,0.00038,0.00102,0,0.999266666666667,0.179709998200317,0.119540229885057,0,"1: Chr + Nones (Free)","Left-skewed"
2001.5,0.000706666666666667,0.000385006344178211,2e-04,0.00102,0,0.999293333333333,0.205767804211923,0.124137931034483,0,"1: Chr + Nones (Free)","Left-skewed"
2002,0.000686666666666667,0.000395433706317448,2e-04,0.00102,0,0.999313333333333,0.20642631641159,0.0971264367816092,0,"1: Chr + Nones (Free)","Left-skewed"
2002.5,0.000673333333333333,0.000398214405369366,2e-04,0.00102,0,0.999326666666667,0.223400852528835,0.0971264367816092,0,"1: Chr + Nones (Free)","Left-skewed"
2003,0.000653333333333333,0.000399770048845612,2e-04,0.001,0,0.999346666666667,0.234286096105382,0.0971264367816092,0,"1: Chr + Nones (Free)","Left-skewed"
2003.5,0.000626666666666667,0.000385006344178211,2e-04,0.001,0,0.999373333333333,0.248628049559414,0.0975095785440613,0,"1: Chr + Nones (Free)","Left-skewed"
2004,6e-04,0.00037508619698999,2e-04,0.001,0,0.9994,0.262353323917072,0.0975095785440613,0,"1: Chr + Nones (Free)","Left-skewed"
2004.5,0.000573333333333333,0.000381406953748639,2e-04,0.001,0,0.999426666666667,0.285044650827275,0.0860153256704981,0,"1: Chr + Nones (Free)","Left-skewed"
2005,0.00056,0.000380199584610414,2e-04,0.001,0,0.99944,0.283574787783108,0.0860153256704981,0,"1: Chr + Nones (Free)","Left-skewed"
2005.5,0.000533333333333333,0.000361351231689721,2e-04,0.001,0,0.999466666666667,0.291254124413028,0.0864942528735632,0,"1: Chr + Nones (Free)","Left-skewed"
2006,0.000526666666666667,0.000358092006413814,2e-04,0.001,0,0.999473333333333,0.297991227617048,0.0864942528735632,0,"1: Chr + Nones (Free)","Left-skewed"
2006.5,0.000493333333333333,0.000362874855727894,2e-04,0.001,0,0.999506666666667,0.279274950737434,0.0806547619047619,0,"1: Chr + Nones (Free)","Left-skewed"
2007,0.000493333333333333,0.000362874855727894,2e-04,0.001,0,0.999506666666667,0.279328427518091,0.0806547619047619,0,"1: Chr + Nones (Free)","Left-skewed"
2007.5,0.000446666666666667,0.000326669012424137,2e-04,0.001,0,0.999553333333333,0.293068649438375,0.0839285714285714,0,"1: Chr + Nones (Free)","Left-skewed"
2008,0.000433333333333333,0.000336650164612069,0.00018,0.001,0,0.999566666666667,0.356702935604747,0.087037037037037,0,"1: Chr + Nones (Free)","Left-skewed"
2008.5,0.000426666666666667,0.00034334393466503,0,0.001,0,0.999573333333333,0.3761898901876,0.0903846153846154,0,"1: Chr + Nones (Free)","Left-skewed"
2009,0.000426666666666667,0.00034334393466503,0,0.001,0,0.999573333333333,0.377794489356228,0.0903846153846154,0,"1: Chr + Nones (Free)","Left-skewed"
2009.5,4e-04,0.00032800336415432,0,0.00082,0,0.9996,0.39649728198444,0.0973333333333333,0,"1: Chr + Nones (Free)","Left-skewed"
2010,0.000386666666666667,0.000323486751136611,0,0.00082,0,0.999613333333333,0.397103122698282,0.0573333333333333,0,"1: Chr + Nones (Free)","Left-skewed"
2010.5,0.000373333333333333,0.000305053226936494,0,8e-04,0,0.999626666666667,0.416613568744837,0.0626666666666667,0,"1: Chr + Nones (Free)","Left-skewed"
2011,0.000373333333333333,0.000305053226936494,0,8e-04,0,0.999626666666667,0.416585568738223,0.0626666666666667,0,"1: Chr + Nones (Free)","Left-skewed"
2011.5,0.000366666666666667,0.000292826102724435,0,8e-04,0,0.999633333333333,0.42564700510415,0.0826666666666667,0,"1: Chr + Nones (Free)","Left-skewed"
2012,0.000366666666666667,0.000292826102724435,0,8e-04,0,0.999633333333333,0.438499281685101,0.0826666666666667,0,"1: Chr + Nones (Free)","Left-skewed"
2012.5,0.000353333333333333,0.000271310146146986,0,0.00062,0,0.999646666666667,0.435600430740043,0.078,0,"1: Chr + Nones (Free)","Left-skewed"
2013,0.00034,0.000252709455631397,0,0.00062,0,0.99966,0.435471150335155,0.08,0,"1: Chr + Nones (Free)","Left-skewed"
2013.5,0.000326666666666667,0.000243442740323247,0,6e-04,0,0.999673333333333,0.455334757319135,0.0633333333333333,0,"1: Chr + Nones (Free)","Left-skewed"
2014,0.000313333333333333,0.000244573285446352,0,6e-04,0,0.999686666666667,0.47579343716545,0.0659722222222222,0,"1: Chr + Nones (Free)","Left-skewed"
2014.5,0.000306666666666667,0.000239155602691742,0,6e-04,0,0.999693333333333,0.478380114696903,0.0729166666666667,0,"1: Chr + Nones (Free)","Left-skewed"
2015,0.000306666666666667,0.000239155602691742,0,6e-04,0,0.999693333333333,0.480885988333772,0.0729166666666667,0,"1: Chr + Nones (Free)","Left-skewed"
2015.5,3e-04,0.000244948974278318,0,6e-04,0,0.9997,0.486863818722466,0.0760869565217391,0,"1: Chr + Nones (Free)","Left-skewed"
2016,0.000286666666666667,0.000244573285446352,0,6e-04,0,0.999713333333333,0.510616493366865,0.0795454545454545,0,"1: Chr + Nones (Free)","Left-skewed"
2016.5,0.00028,0.000244102861303492,0,6e-04,0,0.99972,0.518499569753888,0.102272727272727,0,"1: Chr + Nones (Free)","Left-skewed"
2017,0.000273333333333333,0.000243442740323247,0,6e-04,0,0.999726666666667,0.535148233994025,0.102272727272727,0,"1: Chr + Nones (Free)","Left-skewed"
2017.5,0.00026,0.000229842524800996,0,6e-04,0,0.99974,0.527011967496775,0.106060606060606,0,"1: Chr + Nones (Free)","Left-skewed"
2018,0.00026,0.000229842524800996,0,6e-04,0,0.99974,0.534526027359319,0.106060606060606,0,"1: Chr + Nones (Free)","Left-skewed"
2018.5,0.000253333333333333,0.000234496280881225,0,6e-04,0,0.999746666666667,0.556821121904337,0.111111111111111,0,"1: Chr + Nones (Free)","Left-skewed"
2019,0.000253333333333333,0.000234496280881225,0,6e-04,0,0.999746666666667,0.556707450459342,0.111111111111111,0,"1: Chr + Nones (Free)","Left-skewed"
2019.5,0.000253333333333333,0.000234496280881225,0,6e-04,0,0.999746666666667,0.556595842644328,0.111111111111111,0,"1: Chr + Nones (Free)","Left-skewed"
2020,0.000253333333333333,0.000234496280881225,0,6e-04,0,0.999746666666667,0.55648626033368,0.111111111111111,0,"1: Chr + Nones (Free)","Left-skewed"
2020.5,0.000253333333333333,0.000234496280881225,0,6e-04,0,0.999746666666667,0.560757132319835,0.111111111111111,0,"1: Chr + Nones (Free)","Left-skewed"
2021,0.000246666666666667,0.000238867057721168,0,6e-04,0,0.999753333333333,0.559688247893279,0.116666666666667,0,"1: Chr + Nones (Free)","Left-skewed"
2021.5,0.00024,0.000231337937613592,0,6e-04,0,0.99976,0.560616868469746,0.116666666666667,0,"1: Chr + Nones (Free)","Left-skewed"
2022,0.00024,0.000231337937613592,0,6e-04,0,0.99976,0.560509928651867,0.116666666666667,0,"1: Chr + Nones (Free)","Left-skewed"
2022.5,0.000233333333333333,0.000223349630559946,0,6e-04,0,0.999766666666667,0.567906192195486,0.05,0,"1: Chr + Nones (Free)","Left-skewed"
2023,0.000233333333333333,0.000223349630559946,0,6e-04,0,0.999766666666667,0.567803091852827,0.05,0,"1: Chr + Nones (Free)","Left-skewed"
2023.5,0.00022,0.000212375724309211,0,0.00042,0,0.99978,0.571963842339864,0.0333333333333333,0,"1: Chr + Nones (Free)","Left-skewed"
2024,0.00022,0.000212375724309211,0,0.00042,0,0.99978,0.5718644412005,0.0333333333333333,0,"1: Chr + Nones (Free)","Left-skewed"
2024.5,0.000213333333333333,0.00020296650536197,0,4e-04,0,0.999786666666667,0.576638432989301,0.0166666666666667,0,"1: Chr + Nones (Free)","Left-skewed"
2025,2e-04,0.000210090292575556,0,4e-04,0,0.9998,0.573727507620011,0.0185185185185185,0,"1: Chr + Nones (Free)","Left-skewed"
2025.5,0.00018,0.000212375724309211,0,4e-04,0,0.99982,0.637883520978307,0.0208333333333333,0,"1: Chr + Nones (Free)","Left-skewed"
2026,0.00018,0.000212375724309211,0,4e-04,0,0.99982,0.637768017319452,0.0208333333333333,0,"1: Chr + Nones (Free)","Left-skewed"
2026.5,0.00018,0.000212375724309211,0,4e-04,0,0.99982,0.63765460088524,0.0208333333333333,0,"1: Chr + Nones (Free)","Left-skewed"
2027,0.000173333333333333,0.000201602773197492,0,4e-04,0,0.999826666666667,0.634205109871975,0.03125,0,"1: Chr + Nones (Free)","Left-skewed"
2027.5,0.00016,0.000206113460551924,0,4e-04,0,0.99984,0.623757224518173,0.0357142857142857,0,"1: Chr + Nones (Free)","Left-skewed"
2028,0.00016,0.000206113460551924,0,4e-04,0,0.99984,0.623709275839059,0.0357142857142857,0,"1: Chr + Nones (Free)","Left-skewed"
2028.5,0.00016,0.000206113460551924,0,4e-04,0,0.99984,0.623662046390131,0.0357142857142857,0,"1: Chr + Nones (Free)","Left-skewed"
2029,0.00016,0.000206113460551924,0,4e-04,0,0.99984,0.622771882765503,0.0357142857142857,0,"1: Chr + Nones (Free)","Left-skewed"
2029.5,0.00016,0.000206113460551924,0,4e-04,0,0.99984,0.622726059573417,0.0357142857142857,0,"1: Chr + Nones (Free)","Left-skewed"
2030,0.00016,0.000206113460551924,0,4e-04,0,0.99984,0.622680923729212,0.0357142857142857,0,"1: Chr + Nones (Free)","Left-skewed"
2030.5,0.00016,0.000206113460551924,0,4e-04,0,0.99984,0.62263646492267,0.0357142857142857,0,"1: Chr + Nones (Free)","Left-skewed"
2031,0.00016,0.000206113460551924,0,4e-04,0,0.99984,0.636733561835643,0.0357142857142857,0,"1: Chr + Nones (Free)","Left-skewed"
2031.5,0.00016,0.000206113460551924,0,4e-04,0,0.99984,0.636690426790066,0.0357142857142857,0,"1: Chr + Nones (Free)","Left-skewed"
2032,0.00016,0.000206113460551924,0,4e-04,0,0.99984,0.636647938770173,0.0357142857142857,0,"1: Chr + Nones (Free)","Left-skewed"
2032.5,0.000153333333333333,0.000208000884171419,0,4e-04,0,0.999846666666667,0.6764614031435,0.0384615384615385,0,"1: Chr + Nones (Free)","Left-skewed"
2033,0.000153333333333333,0.000208000884171419,0,4e-04,0,0.999846666666667,0.677929355974912,0.0384615384615385,0,"1: Chr + Nones (Free)","Left-skewed"
2033.5,0.000153333333333333,0.000208000884171419,0,4e-04,0,0.999846666666667,0.677862942748024,0.0384615384615385,0,"1: Chr + Nones (Free)","Left-skewed"
2034,0.000146666666666667,0.00020296650536197,0,4e-04,0,0.999853333333333,0.674786362842304,0.0384615384615385,0,"1: Chr + Nones (Free)","Left-skewed"
2034.5,0.000146666666666667,0.00020296650536197,0,4e-04,0,0.999853333333333,0.674721927069247,0.0384615384615385,0,"1: Chr + Nones (Free)","Left-skewed"
2035,0.000146666666666667,0.00020296650536197,0,4e-04,0,0.999853333333333,0.678171166946474,0.0384615384615385,0,"1: Chr + Nones (Free)","Left-skewed"
2035.5,0.000146666666666667,0.00020296650536197,0,4e-04,0,0.999853333333333,0.678055959111854,0.0384615384615385,0,"1: Chr + Nones (Free)","Left-skewed"
2036,0.00014,0.00019757146240948,0,4e-04,0,0.99986,0.682381076774233,0.0384615384615385,0,"1: Chr + Nones (Free)","Left-skewed"
2036.5,0.00014,0.00019757146240948,0,4e-04,0,0.99986,0.682269299252889,0.0384615384615385,0,"1: Chr + Nones (Free)","Left-skewed"
2037,0.00014,0.00019757146240948,0,4e-04,0,0.99986,0.682159198394366,0.0384615384615385,0,"1: Chr + Nones (Free)","Left-skewed"
2037.5,0.00014,0.00019757146240948,0,4e-04,0,0.99986,0.68205074904872,0.0384615384615385,0,"1: Chr + Nones (Free)","Left-skewed"
2038,0.00014,0.00019757146240948,0,4e-04,0,0.99986,0.681943926443259,0.0384615384615385,0,"1: Chr + Nones (Free)","Left-skewed"
2038.5,0.00014,0.00019757146240948,0,4e-04,0,0.99986,0.68183870617688,0.0384615384615385,0,"1: Chr + Nones (Free)","Left-skewed"
2039,0.00014,0.00019757146240948,0,4e-04,0,0.99986,0.683916552925058,0,0,"1: Chr + Nones (Free)","Left-skewed"
2039.5,0.00014,0.00019757146240948,0,4e-04,0,0.99986,0.68381446559211,0,0,"1: Chr + Nones (Free)","Left-skewed"
2040,0.000133333333333333,0.000176817328947397,0,4e-04,0,0.999866666666667,0.668716640878311,0,0,"1: Chr + Nones (Free)","Left-skewed"
2040.5,0.000133333333333333,0.000176817328947397,0,4e-04,0,0.999866666666667,0.668625020300277,0,0,"1: Chr + Nones (Free)","Left-skewed"
2041,0.000133333333333333,0.000176817328947397,0,4e-04,0,0.999866666666667,0.668535232133804,0,0,"1: Chr + Nones (Free)","Left-skewed"
2041.5,0.000133333333333333,0.000176817328947397,0,4e-04,0,0.999866666666667,0.685642669078708,0,0,"1: Chr + Nones (Free)","Left-skewed"
2042,0.000133333333333333,0.000176817328947397,0,4e-04,0,0.999866666666667,0.685642669078708,0,0,"1: Chr + Nones (Free)","Left-skewed"
2042.5,0.000133333333333333,0.000176817328947397,0,4e-04,0,0.999866666666667,0.685642669078708,0,0,"1: Chr + Nones (Free)","Left-skewed"
2043,0.000126666666666667,0.000170057461553103,0,4e-04,0,0.999873333333333,0.681719282869913,0,0,"1: Chr + Nones (Free)","Left-skewed"
2043.5,0.000126666666666667,0.000170057461553103,0,4e-04,0,0.999873333333333,0.681719282869913,0,0,"1: Chr + Nones (Free)","Left-skewed"
2044,0.00012,0.000162735240868994,0,4e-04,0,0.99988,0.698502787588966,0,0,"1: Chr + Nones (Free)","Left-skewed"
2044.5,0.00012,0.000162735240868994,0,4e-04,0,0.99988,0.698502787588966,0,0,"1: Chr + Nones (Free)","Left-skewed"
2045,0.00012,0.000162735240868994,0,4e-04,0,0.99988,0.698502787588966,0,0,"1: Chr + Nones (Free)","Left-skewed"
2045.5,0.00012,0.000162735240868994,0,4e-04,0,0.99988,0.698502787588966,0,0,"1: Chr + Nones (Free)","Left-skewed"
2046,0.00012,0.000162735240868994,0,4e-04,0,0.99988,0.698502787588966,0,0,"1: Chr + Nones (Free)","Left-skewed"
2046.5,0.00012,0.000162735240868994,0,4e-04,0,0.99988,0.698502787588966,0,0,"1: Chr + Nones (Free)","Left-skewed"
2047,0.00012,0.000162735240868994,0,4e-04,0,0.99988,0.698502787588966,0,0,"1: Chr + Nones (Free)","Left-skewed"
2047.5,0.00012,0.000162735240868994,0,4e-04,0,0.99988,0.694928943834589,0,0,"1: Chr + Nones (Free)","Left-skewed"
2048,0.00012,0.000162735240868994,0,4e-04,0,0.99988,0.694928943834589,0,0,"1: Chr + Nones (Free)","Left-skewed"
2048.5,0.00012,0.000162735240868994,0,4e-04,0,0.99988,0.696629763161875,0,0,"1: Chr + Nones (Free)","Left-skewed"
2049,0.000113333333333333,0.000145586408358921,0,4e-04,0,0.999886666666667,0.699257031814768,0,0,"1: Chr + Nones (Free)","Left-skewed"
2049.5,1e-04,0.000146216655497339,0,4e-04,0,0.9999,0.690766237555672,0,0,"1: Chr + Nones (Free)","Left-skewed"
2050,9.33333333333334e-05,0.000146059348668044,0,4e-04,0,0.999906666666667,0.695334318973559,0,0,"1: Chr + Nones (Free)","Left-skewed"
2050.5,9.33333333333334e-05,0.000146059348668044,0,4e-04,0,0.999906666666667,0.711959005908298,0,0,"1: Chr + Nones (Free)","Left-skewed"
2051,8.66666666666667e-05,0.000135782110784873,0,0.00022,0,0.999913333333333,0.711272599022185,0,0,"1: Chr + Nones (Free)","Left-skewed"
2051.5,8.66666666666667e-05,0.000135782110784873,0,0.00022,0,0.999913333333333,0.711272599022185,0,0,"1: Chr + Nones (Free)","Left-skewed"
2052,8.66666666666667e-05,0.000135782110784873,0,0.00022,0,0.999913333333333,0.731652074794129,0,0,"1: Chr + Nones (Free)","Left-skewed"
2052.5,8e-05,0.000134932933532641,0,0.00022,0,0.99992,0.712645595798977,0,0,"1: Chr + Nones (Free)","Left-skewed"
2053,8e-05,0.000134932933532641,0,0.00022,0,0.99992,0.712645595798977,0,0,"1: Chr + Nones (Free)","Left-skewed"
2053.5,8e-05,0.000134932933532641,0,0.00022,0,0.99992,0.712645595798977,0,0,"1: Chr + Nones (Free)","Left-skewed"
2054,8e-05,0.000134932933532641,0,0.00022,0,0.99992,0.712645595798977,0,0,"1: Chr + Nones (Free)","Left-skewed"
2054.5,8e-05,0.000134932933532641,0,0.00022,0,0.99992,0.712645595798977,0,0,"1: Chr + Nones (Free)","Left-skewed"
2055,8e-05,0.000134932933532641,0,0.00022,0,0.99992,0.712645595798977,0,0,"1: Chr + Nones (Free)","Left-skewed"
2055.5,6.66666666666667e-05,0.000121295686972625,0,2e-04,0,0.999933333333333,0.747875118830843,0,0,"1: Chr + Nones (Free)","Left-skewed"
2056,4.66666666666667e-05,0.000100801386598746,0,2e-04,0,0.999953333333333,0.718914787288011,0,0,"1: Chr + Nones (Free)","Left-skewed"
2056.5,4.66666666666667e-05,0.000100801386598746,0,2e-04,0,0.999953333333333,0.718914787288011,0,0,"1: Chr + Nones (Free)","Left-skewed"
2057,4.66666666666667e-05,0.000100801386598746,0,2e-04,0,0.999953333333333,0.718914787288011,0,0,"1: Chr + Nones (Free)","Left-skewed"
2057.5,4.66666666666667e-05,0.000100801386598746,0,2e-04,0,0.999953333333333,0.718914787288011,0,0,"1: Chr + Nones (Free)","Left-skewed"
2058,4.66666666666667e-05,0.000100801386598746,0,2e-04,0,0.999953333333333,0.718914787288011,0,0,"1: Chr + Nones (Free)","Left-skewed"
2058.5,4.66666666666667e-05,0.000100801386598746,0,2e-04,0,0.999953333333333,0.718914787288011,0,0,"1: Chr + Nones (Free)","Left-skewed"
2059,4.66666666666667e-05,0.000100801386598746,0,2e-04,0,0.999953333333333,0.718914787288011,0,0,"1: Chr + Nones (Free)","Left-skewed"
2059.5,4.66666666666667e-05,0.000100801386598746,0,2e-04,0,0.999953333333333,0.718914787288011,0,0,"1: Chr + Nones (Free)","Left-skewed"
2060,4.66666666666667e-05,0.000100801386598746,0,2e-04,0,0.999953333333333,0.718914787288011,0,0,"1: Chr + Nones (Free)","Left-skewed"
2060.5,4.66666666666667e-05,0.000100801386598746,0,2e-04,0,0.999953333333333,0.718914787288011,0,0,"1: Chr + Nones (Free)","Left-skewed"
2061,4.66666666666667e-05,0.000100801386598746,0,2e-04,0,0.999953333333333,0.718914787288011,0,0,"1: Chr + Nones (Free)","Left-skewed"
2061.5,4.66666666666667e-05,0.000100801386598746,0,2e-04,0,0.999953333333333,0.718914787288011,0,0,"1: Chr + Nones (Free)","Left-skewed"
2062,4.66666666666667e-05,0.000100801386598746,0,2e-04,0,0.999953333333333,0.718914787288011,0,0,"1: Chr + Nones (Free)","Left-skewed"
2062.5,4.66666666666667e-05,0.000100801386598746,0,2e-04,0,0.999953333333333,0.718914787288011,0,0,"1: Chr + Nones (Free)","Left-skewed"
2063,4.66666666666667e-05,0.000100801386598746,0,2e-04,0,0.999953333333333,0.718914787288011,0,0,"1: Chr + Nones (Free)","Left-skewed"
2063.5,4e-05,9.68468396223005e-05,0,2e-04,0,0.99996,0.769069641571949,0,0,"1: Chr + Nones (Free)","Left-skewed"
2064,4e-05,9.68468396223005e-05,0,2e-04,0,0.99996,0.769069641571949,0,0,"1: Chr + Nones (Free)","Left-skewed"
2064.5,4e-05,9.68468396223005e-05,0,2e-04,0,0.99996,0.769069641571949,0,0,"1: Chr + Nones (Free)","Left-skewed"
2065,4e-05,9.68468396223005e-05,0,2e-04,0,0.99996,0.769069641571949,0,0,"1: Chr + Nones (Free)","Left-skewed"
2065.5,4e-05,9.68468396223005e-05,0,2e-04,0,0.99996,0.769069641571949,0,0,"1: Chr + Nones (Free)","Left-skewed"
2066,4e-05,9.68468396223005e-05,0,2e-04,0,0.99996,0.769069641571949,0,0,"1: Chr + Nones (Free)","Left-skewed"
2066.5,4e-05,9.68468396223005e-05,0,2e-04,0,0.99996,0.769069641571949,0,0,"1: Chr + Nones (Free)","Left-skewed"
2067,4e-05,9.68468396223005e-05,0,2e-04,0,0.99996,0.769069641571949,0,0,"1: Chr + Nones (Free)","Left-skewed"
2067.5,4e-05,9.68468396223005e-05,0,2e-04,0,0.99996,0.769069641571949,0,0,"1: Chr + Nones (Free)","Left-skewed"
2068,4e-05,9.68468396223005e-05,0,2e-04,0,0.99996,0.769069641571949,0,0,"1: Chr + Nones (Free)","Left-skewed"
2068.5,4e-05,9.68468396223005e-05,0,2e-04,0,0.99996,0.769069641571949,0,0,"1: Chr + Nones (Free)","Left-skewed"
2069,3.33333333333333e-05,9.22266074754828e-05,0,2e-04,0,0.999966666666667,0.913509943503679,0,0,"1: Chr + Nones (Free)","Left-skewed"
2069.5,3.33333333333333e-05,9.22266074754828e-05,0,2e-04,0,0.999966666666667,0.913509943503679,0,0,"1: Chr + Nones (Free)","Left-skewed"
2070,3.33333333333333e-05,9.22266074754828e-05,0,2e-04,0,0.999966666666667,0.913509943503679,0,0,"1: Chr + Nones (Free)","Left-skewed"
2070.5,3.33333333333333e-05,9.22266074754828e-05,0,2e-04,0,0.999966666666667,0.913509943503679,0,0,"1: Chr + Nones (Free)","Left-skewed"
2071,3.33333333333333e-05,9.22266074754828e-05,0,2e-04,0,0.999966666666667,0.913509943503679,0,0,"1: Chr + Nones (Free)","Left-skewed"
2071.5,3.33333333333333e-05,9.22266074754828e-05,0,2e-04,0,0.999966666666667,0.913509943503679,0,0,"1: Chr + Nones (Free)","Left-skewed"
2072,3.33333333333333e-05,9.22266074754828e-05,0,2e-04,0,0.999966666666667,0.913509943503679,0,0,"1: Chr + Nones (Free)","Left-skewed"
2072.5,3.33333333333333e-05,9.22266074754828e-05,0,2e-04,0,0.999966666666667,0.913509943503679,0,0,"1: Chr + Nones (Free)","Left-skewed"
2073,3.33333333333333e-05,9.22266074754828e-05,0,2e-04,0,0.999966666666667,0.913509943503679,0,0,"1: Chr + Nones (Free)","Left-skewed"
2073.5,3.33333333333333e-05,9.22266074754828e-05,0,2e-04,0,0.999966666666667,0.913509943503679,0,0,"1: Chr + Nones (Free)","Left-skewed"
2074,3.33333333333333e-05,9.22266074754828e-05,0,2e-04,0,0.999966666666667,0.913509943503679,0,0,"1: Chr + Nones (Free)","Left-skewed"
2074.5,3.33333333333333e-05,9.22266074754828e-05,0,2e-04,0,0.999966666666667,0.913509943503679,0,0,"1: Chr + Nones (Free)","Left-skewed"
2075,3.33333333333333e-05,9.22266074754828e-05,0,2e-04,0,0.999966666666667,0.96849603579467,0,0,"1: Chr + Nones (Free)","Left-skewed"
2075.5,3.33333333333333e-05,9.22266074754828e-05,0,2e-04,0,0.999966666666667,0.96849603579467,0,0,"1: Chr + Nones (Free)","Left-skewed"
2076,3.33333333333333e-05,9.22266074754828e-05,0,2e-04,0,0.999966666666667,0.96849603579467,0,0,"1: Chr + Nones (Free)","Left-skewed"
2076.5,2.66666666666667e-05,8.68344970910609e-05,0,2.00000000000003e-05,0,0.999973333333333,1.16773516054702,0,0,"1: Chr + Nones (Free)","Left-skewed"
2077,2.66666666666667e-05,8.68344970910609e-05,0,2.00000000000003e-05,0,0.999973333333333,1.16773516054702,0,0,"1: Chr + Nones (Free)","Left-skewed"
2077.5,2.66666666666667e-05,8.68344970910609e-05,0,2.00000000000003e-05,0,0.999973333333333,1.16773516054702,0,0,"1: Chr + Nones (Free)","Left-skewed"
2078,2.66666666666667e-05,8.68344970910609e-05,0,2.00000000000003e-05,0,0.999973333333333,1.16773516054702,0,0,"1: Chr + Nones (Free)","Left-skewed"
2078.5,2.66666666666667e-05,8.68344970910609e-05,0,2.00000000000003e-05,0,0.999973333333333,1.16773516054702,0,0,"1: Chr + Nones (Free)","Left-skewed"
2079,2.66666666666667e-05,8.68344970910609e-05,0,2.00000000000003e-05,0,0.999973333333333,1.16773516054702,0,0,"1: Chr + Nones (Free)","Left-skewed"
2079.5,2.66666666666667e-05,8.68344970910609e-05,0,2.00000000000003e-05,0,0.999973333333333,1.16773516054702,0,0,"1: Chr + Nones (Free)","Left-skewed"
1980,0.00481333333333333,0.000222421366707014,0.00458,0.005,0.31046,0.684726666666667,-0.502073728162126,0.00405982905982906,0,"2: Chr + Passive NC (Free)","Left-skewed"
1980.5,0.00464666666666667,0.000290935866061439,0.0042,0.005,0.296413333333333,0.69894,-0.477026662086339,0.0112459207459207,0,"2: Chr + Passive NC (Free)","Left-skewed"
1981,0.00445333333333333,0.000374840962444657,0.00418,0.005,0.283346666666667,0.7122,-0.457935597905754,0.0123211340316603,0,"2: Chr + Passive NC (Free)","Left-skewed"
1981.5,0.00422666666666667,0.000377773270200739,0.0038,0.0048,0.270533333333333,0.72524,-0.445618539842481,0.0150089554694818,0,"2: Chr + Passive NC (Free)","Left-skewed"
1982,0.0041,0.000399137000073391,0.0036,0.00462,0.258426666666667,0.737473333333333,-0.429569747315224,0.0185970924786714,0,"2: Chr + Passive NC (Free)","Left-skewed"
1982.5,0.00397333333333333,0.00044173118158175,0.0034,0.0046,0.247186666666667,0.74884,-0.408904171842699,0.0220695050065423,0,"2: Chr + Passive NC (Free)","Left-skewed"
1983,0.00381333333333333,0.000484044265098465,0.00338,0.0044,0.236393333333333,0.759793333333333,-0.393016318455639,0.0260449325929202,0,"2: Chr + Passive NC (Free)","Left-skewed"
1983.5,0.00362,0.00046490636802961,0.003,0.00422,0.22572,0.77066,-0.381190788504797,0.0270216595410094,0,"2: Chr + Passive NC (Free)","Left-skewed"
1984,0.00352,0.000510847841574553,0.0028,0.00422,0.215526666666667,0.780953333333333,-0.377363152493793,0.025338632529035,0,"2: Chr + Passive NC (Free)","Left-skewed"
1984.5,0.00343333333333333,0.000568320777155935,0.00278,0.00422,0.20616,0.790406666666667,-0.354700744578846,0.0275608547512572,0,"2: Chr + Passive NC (Free)","Left-skewed"
1985,0.00329333333333333,0.000593605774981977,0.0026,0.0038,0.196773333333333,0.799933333333333,-0.333522699094506,0.0326037236757051,0,"2: Chr + Passive NC (Free)","Left-skewed"
1985.5,0.00308666666666667,0.000600421308021656,0.0024,0.0038,0.18788,0.809033333333333,-0.322349521787946,0.029565656937948,0,"2: Chr + Passive NC (Free)","Left-skewed"
1986,0.00298,0.000549231437932856,0.0024,0.00362,0.180046666666667,0.816973333333333,-0.308490590381,0.0309819483348895,0,"2: Chr + Passive NC (Free)","Left-skewed"
1986.5,0.00284,0.000534079937191377,0.00238,0.0036,0.172053333333333,0.825106666666667,-0.290700808689356,0.032973566394619,0,"2: Chr + Passive NC (Free)","Left-skewed"
1987,0.00272,0.000521536192416212,0.002,0.0034,0.164573333333333,0.832706666666667,-0.282878178125913,0.0317837989896813,0,"2: Chr + Passive NC (Free)","Left-skewed"
1987.5,0.00262,0.000501996015920445,0.00198,0.0032,0.1569,0.84048,-0.268464727590982,0.0326699226699227,0,"2: Chr + Passive NC (Free)","Left-skewed"
1988,0.00248666666666667,0.000500160893653462,0.0018,0.0032,0.149913333333333,0.8476,-0.257363467202449,0.0379182391682392,0,"2: Chr + Passive NC (Free)","Left-skewed"
1988.5,0.00239333333333333,0.000502362235933349,0.00178,0.003,0.14328,0.854326666666667,-0.249905666085971,0.039457671957672,0,"2: Chr + Passive NC (Free)","Left-skewed"
1989,0.00232,0.000508140626747876,0.0016,0.003,0.13708,0.8606,-0.241855789540268,0.043287407037407,0,"2: Chr + Passive NC (Free)","Left-skewed"
1989.5,0.00221333333333333,0.00053802533803513,0.0016,0.00282,0.13082,0.866966666666667,-0.225475116243562,0.0456222018722019,0,"2: Chr + Passive NC (Free)","Left-skewed"
1990,0.00208,0.000521536192416212,0.0014,0.0028,0.124806666666667,0.873113333333333,-0.204282867471632,0.0474645724645725,0,"2: Chr + Passive NC (Free)","Left-skewed"
1990.5,0.00197333333333333,0.000494754089619684,0.0014,0.00262,0.11916,0.878866666666667,-0.198973261626303,0.0406885706885707,0,"2: Chr + Passive NC (Free)","Left-skewed"
1991,0.00188666666666667,0.000462924238482619,0.00138,0.00242,0.113973333333333,0.88414,-0.190486833405069,0.04253959003959,0,"2: Chr + Passive NC (Free)","Left-skewed"
1991.5,0.00179333333333333,0.000444066889442177,0.0012,0.00224,0.108586666666667,0.88962,-0.183757278946718,0.0409739334739335,0,"2: Chr + Passive NC (Free)","Left-skewed"
1992,0.0017,0.000399137000073391,0.0012,0.0022,0.103606666666667,0.894693333333333,-0.168698781543232,0.0431364931364931,0,"2: Chr + Passive NC (Free)","Left-skewed"
1992.5,0.00160666666666667,0.000401663208837122,0.00118,0.0022,0.09874,0.899653333333333,-0.152815245237966,0.0466053391053391,0,"2: Chr + Passive NC (Free)","Left-skewed"
1993,0.00156,0.000404798800597923,0.00118,0.0022,0.0943866666666667,0.904053333333333,-0.14162301042579,0.0433645983645984,0,"2: Chr + Passive NC (Free)","Left-skewed"
1993.5,0.00144666666666667,0.000339099551381488,0.001,0.00182,0.09038,0.908173333333333,-0.12437776727252,0.0432275132275132,0,"2: Chr + Passive NC (Free)","Left-skewed"
1994,0.00138666666666667,0.000340114923106206,0.00098,0.0018,0.0862066666666667,0.912406666666667,-0.123788067129401,0.043968253968254,0,"2: Chr + Passive NC (Free)","Left-skewed"
1994.5,0.00132666666666667,0.000334182825590335,0.00098,0.00162,0.0818733333333333,0.9168,-0.102810972238303,0.0466798941798942,0,"2: Chr + Passive NC (Free)","Left-skewed"
1995,0.00124666666666667,0.000339099551381488,0.00098,0.0016,0.0781333333333333,0.92062,-0.0894207273879103,0.0499338624338624,0,"2: Chr + Passive NC (Free)","Left-skewed"
1995.5,0.00118,0.000357578059961063,0.00078,0.0016,0.0747266666666667,0.924093333333333,-0.0677094929369367,0.0533068783068783,0,"2: Chr + Passive NC (Free)","Left-skewed"
1996,0.00111333333333333,0.000347139377090005,6e-04,0.0016,0.0714066666666667,0.92748,-0.044859815998928,0.0588095238095238,0,"2: Chr + Passive NC (Free)","Left-skewed"
1996.5,0.00105333333333333,0.000348131300372217,6e-04,0.00142,0.06822,0.930726666666667,-0.025227614462027,0.0637301587301587,0,"2: Chr + Passive NC (Free)","Left-skewed"
1997,0.000993333333333333,0.000330029605080946,6e-04,0.0014,0.0652133333333333,0.933793333333333,-0.0147742284825394,0.0606746031746032,0,"2: Chr + Passive NC (Free)","Left-skewed"
1997.5,0.000973333333333333,0.000331072794717867,6e-04,0.0014,0.0621666666666667,0.93686,-0.00913764127410374,0.061468253968254,0,"2: Chr + Passive NC (Free)","Left-skewed"
1998,0.000926666666666667,0.000342338140292388,4e-04,0.0014,0.0592133333333333,0.93986,0.0101113221411262,0.061468253968254,0,"2: Chr + Passive NC (Free)","Left-skewed"
1998.5,0.000906666666666667,0.000339302868808398,4e-04,0.00122,0.0563933333333333,0.9427,0.00544503102778864,0.061468253968254,0,"2: Chr + Passive NC (Free)","Left-skewed"
1999,0.000886666666666667,0.000343143011639144,4e-04,0.00122,0.0538133333333333,0.9453,0.01883432019623,0.0642460317460317,0,"2: Chr + Passive NC (Free)","Left-skewed"
1999.5,0.000846666666666667,0.000304827066104513,4e-04,0.0012,0.0512466666666667,0.947906666666667,0.0362600750071769,0.0608730158730159,0,"2: Chr + Passive NC (Free)","Left-skewed"
2000,0.000806666666666667,0.000325823448419892,4e-04,0.0012,0.0491333333333333,0.95006,0.0372781277945842,0.0636507936507937,0,"2: Chr + Passive NC (Free)","Left-skewed"
2000.5,0.00076,0.000321204629158895,4e-04,0.0012,0.0468333333333333,0.952406666666667,0.0650265265052405,0.0647619047619048,0,"2: Chr + Passive NC (Free)","Left-skewed"
2001,0.00074,0.000320129284228559,4e-04,0.00102,0.0445133333333333,0.954746666666667,0.0816053576772267,0.0669950738916256,0,"2: Chr + Passive NC (Free)","Left-skewed"
2001.5,0.000733333333333333,0.000320918222834302,4e-04,0.00102,0.0425666666666667,0.9567,0.0910069996015234,0.0669950738916256,0,"2: Chr + Passive NC (Free)","Left-skewed"
2002,0.000713333333333333,0.000318112247954791,4e-04,0.00102,0.04074,0.958546666666667,0.108473174505169,0.0687192118226601,0,"2: Chr + Passive NC (Free)","Left-skewed"
2002.5,0.000686666666666667,0.000309318866090545,4e-04,0.00102,0.0390333333333333,0.96028,0.139052965212153,0.0648809523809524,0,"2: Chr + Passive NC (Free)","Left-skewed"
2003,0.000666666666666667,0.000312203882691769,4e-04,0.00102,0.0371933333333333,0.96214,0.154261991261954,0.0648809523809524,0,"2: Chr + Passive NC (Free)","Left-skewed"
2003.5,0.00064,0.000316881354931855,0.00038,0.00102,0.0354466666666667,0.963913333333333,0.161962032328698,0.0648809523809524,0,"2: Chr + Passive NC (Free)","Left-skewed"
2004,0.00062,0.000303315017762062,0.00038,0.001,0.0338933333333333,0.965486666666667,0.154985228412655,0.0696428571428571,0,"2: Chr + Passive NC (Free)","Left-skewed"
2004.5,0.000606666666666667,0.000303920739818713,0.00038,0.001,0.0324266666666667,0.966966666666667,0.152183590987481,0.0696428571428571,0,"2: Chr + Passive NC (Free)","Left-skewed"
2005,0.000586666666666667,0.000305956198502823,2e-04,0.001,0.0309133333333333,0.9685,0.156103887939008,0.0708333333333333,0,"2: Chr + Passive NC (Free)","Left-skewed"
2005.5,0.000573333333333333,0.000318328970301689,2e-04,0.001,0.02944,0.969986666666667,0.187670298213888,0.0708333333333333,0,"2: Chr + Passive NC (Free)","Left-skewed"
2006,0.000553333333333333,0.000330864419918214,0.00018,0.001,0.0280466666666667,0.9714,0.235362550979874,0.0734567901234568,0,"2: Chr + Passive NC (Free)","Left-skewed"
2006.5,0.00054,0.000345013742854717,0,0.001,0.0267266666666667,0.972733333333333,0.289157880041861,0.0762820512820513,0,"2: Chr + Passive NC (Free)","Left-skewed"
2007,0.00054,0.000345013742854717,0,0.001,0.0255666666666667,0.973893333333333,0.290494883239116,0.0685897435897436,0,"2: Chr + Passive NC (Free)","Left-skewed"
2007.5,0.000533333333333333,0.000337672901645582,0,0.00082,0.0244066666666667,0.97506,0.297191135902727,0.0685897435897436,0,"2: Chr + Passive NC (Free)","Left-skewed"
2008,0.000506666666666667,0.000322632847092463,0,0.00082,0.0232266666666667,0.976266666666667,0.308243379164583,0.0782051282051282,0,"2: Chr + Passive NC (Free)","Left-skewed"
2008.5,5e-04,0.000318401178303139,0,0.00082,0.02228,0.97722,0.319761325334385,0.0846153846153846,0,"2: Chr + Passive NC (Free)","Left-skewed"
2009,0.000466666666666667,0.000329402105528239,0,0.00082,0.02132,0.978213333333333,0.345535610002475,0.088,0,"2: Chr + Passive NC (Free)","Left-skewed"
2009.5,0.000453333333333333,0.000319194388220195,0,0.00082,0.0204133333333333,0.979133333333333,0.339883418804156,0.088,0,"2: Chr + Passive NC (Free)","Left-skewed"
2010,0.00042,0.000312277507001882,0,0.00082,0.01948,0.9801,0.349286139656098,0.088,0,"2: Chr + Passive NC (Free)","Left-skewed"
2010.5,0.000413333333333333,0.000305956198502823,0,0.00082,0.01866,0.980926666666667,0.356637589377206,0.0946666666666666,0,"2: Chr + Passive NC (Free)","Left-skewed"
2011,0.000413333333333333,0.000305956198502823,0,0.00082,0.0178066666666667,0.98178,0.356668667875481,0.0946666666666666,0,"2: Chr + Passive NC (Free)","Left-skewed"
2011.5,0.000406666666666667,0.000303920739818713,0,0.00082,0.0170666666666667,0.982526666666667,0.374689886502927,0.108,0,"2: Chr + Passive NC (Free)","Left-skewed"
2012,4e-04,0.000292433310994679,0,8e-04,0.01622,0.98338,0.377215756119981,0.108,0,"2: Chr + Passive NC (Free)","Left-skewed"
2012.5,4e-04,0.000292433310994679,0,8e-04,0.0155066666666667,0.984093333333333,0.379895931191661,0.108,0,"2: Chr + Passive NC (Free)","Left-skewed"
2013,4e-04,0.000292433310994679,0,8e-04,0.0147466666666667,0.984853333333333,0.403898034300296,0.108,0,"2: Chr + Passive NC (Free)","Left-skewed"
2013.5,0.000386666666666667,0.000282517418850631,0,8e-04,0.0140866666666667,0.985526666666667,0.410183574314776,0.108,0,"2: Chr + Passive NC (Free)","Left-skewed"
2014,0.000386666666666667,0.000282517418850631,0,8e-04,0.0135066666666667,0.986106666666667,0.410182617657038,0.108,0,"2: Chr + Passive NC (Free)","Left-skewed"
2014.5,0.000386666666666667,0.000282517418850631,0,8e-04,0.0128133333333333,0.9868,0.410181675349165,0.108,0,"2: Chr + Passive NC (Free)","Left-skewed"
2015,0.000366666666666667,0.000278336602637555,0,8e-04,0.0121533333333333,0.98748,0.415793114221061,0.108,0,"2: Chr + Passive NC (Free)","Left-skewed"
2015.5,0.00036,0.00028478667152074,0,8e-04,0.0116266666666667,0.988013333333333,0.420375434252655,0.1125,0,"2: Chr + Passive NC (Free)","Left-skewed"
2016,0.00036,0.00028478667152074,0,8e-04,0.01112,0.98852,0.420374496193388,0.1125,0,"2: Chr + Passive NC (Free)","Left-skewed"
2016.5,0.000353333333333333,0.000281294217469199,0,8e-04,0.0106866666666667,0.98896,0.440924896853338,0.126388888888889,0,"2: Chr + Passive NC (Free)","Left-skewed"
2017,0.000353333333333333,0.000281294217469199,0,8e-04,0.0101533333333333,0.989493333333333,0.440366868261747,0.126388888888889,0,"2: Chr + Passive NC (Free)","Left-skewed"
2017.5,0.000353333333333333,0.000281294217469199,0,8e-04,0.00972,0.989926666666667,0.440337898256948,0.126388888888889,0,"2: Chr + Passive NC (Free)","Left-skewed"
2018,0.000333333333333333,0.000289271776914963,0,8e-04,0.00929333333333333,0.990373333333333,0.4517879272634,0.153623188405797,0,"2: Chr + Passive NC (Free)","Left-skewed"
2018.5,0.000333333333333333,0.000289271776914963,0,8e-04,0.00894,0.990726666666667,0.45178701966267,0.153623188405797,0,"2: Chr + Passive NC (Free)","Left-skewed"
2019,0.000333333333333333,0.000289271776914963,0,8e-04,0.00852666666666667,0.99114,0.448565622896638,0.153623188405797,0,"2: Chr + Passive NC (Free)","Left-skewed"
2019.5,0.000326666666666667,0.000285189995149433,0,8e-04,0.00810666666666667,0.991566666666667,0.431921380305407,0.153623188405797,0,"2: Chr + Passive NC (Free)","Left-skewed"
2020,0.000326666666666667,0.000285189995149433,0,8e-04,0.00778666666666667,0.991886666666667,0.431920512937144,0.153623188405797,0,"2: Chr + Passive NC (Free)","Left-skewed"
2020.5,0.00032,0.000290540518866901,0,8e-04,0.00735333333333333,0.992326666666667,0.458285151464834,0.115151515151515,0,"2: Chr + Passive NC (Free)","Left-skewed"
2021,0.000306666666666667,0.000291172816717842,0,8e-04,0.00705333333333333,0.99264,0.486605194535995,0.115151515151515,0,"2: Chr + Passive NC (Free)","Left-skewed"
2021.5,3e-04,0.000286476814973291,0,8e-04,0.00675333333333333,0.992946666666667,0.482064304959108,0.122727272727273,0,"2: Chr + Passive NC (Free)","Left-skewed"
2022,3e-04,0.000286476814973291,0,8e-04,0.0064,0.9933,0.482776268972323,0.122727272727273,0,"2: Chr + Passive NC (Free)","Left-skewed"
2022.5,3e-04,0.000286476814973291,0,8e-04,0.00611333333333333,0.993586666666667,0.482964921344347,0.122727272727273,0,"2: Chr + Passive NC (Free)","Left-skewed"
2023,0.000293333333333333,0.000286396558124827,0,8e-04,0.00584666666666667,0.99386,0.4929146138832,0.122727272727273,0,"2: Chr + Passive NC (Free)","Left-skewed"
2023.5,0.00028,0.000285753691863803,0,8e-04,0.00558,0.99414,0.507563141234698,0.122727272727273,0,"2: Chr + Passive NC (Free)","Left-skewed"
2024,0.00028,0.000285753691863803,0,8e-04,0.00534666666666667,0.994373333333333,0.507562337711302,0.122727272727273,0,"2: Chr + Passive NC (Free)","Left-skewed"
2024.5,0.000273333333333333,0.000289986127294029,0,8e-04,0.00520666666666667,0.99452,0.496099169201623,0.128571428571429,0,"2: Chr + Passive NC (Free)","Left-skewed"
2025,0.000273333333333333,0.000289986127294029,0,8e-04,0.00492,0.994806666666667,0.495531523955396,0.128571428571429,0,"2: Chr + Passive NC (Free)","Left-skewed"
2025.5,0.00026,0.000293139957158281,0,8e-04,0.00472,0.99502,0.535271746212545,0.135,0,"2: Chr + Passive NC (Free)","Left-skewed"
2026,0.000253333333333333,0.000292118697336089,0,8e-04,0.00454,0.995206666666667,0.533902240687505,0.085,0,"2: Chr + Passive NC (Free)","Left-skewed"
2026.5,0.000246666666666667,0.000281294217469199,0,0.00062,0.00441333333333333,0.99534,0.535332403467827,0.085,0,"2: Chr + Passive NC (Free)","Left-skewed"
2027,0.00024,0.00028478667152074,0,0.00062,0.00425333333333333,0.995506666666667,0.528050069829252,0.0894736842105263,0,"2: Chr + Passive NC (Free)","Left-skewed"
2027.5,0.00024,0.00028478667152074,0,0.00062,0.00404666666666667,0.995713333333333,0.530867182401731,0.0631578947368421,0,"2: Chr + Passive NC (Free)","Left-skewed"
2028,0.000226666666666667,0.000250424926231717,0,0.00062,0.00384666666666667,0.995926666666667,0.550522521909085,0.0657894736842105,0,"2: Chr + Passive NC (Free)","Left-skewed"
2028.5,0.000213333333333333,0.000234496280881225,0,6e-04,0.00366666666666667,0.99612,0.524986073112467,0.0657894736842105,0,"2: Chr + Passive NC (Free)","Left-skewed"
2029,0.000213333333333333,0.000234496280881225,0,6e-04,0.00350666666666667,0.99628,0.524664434197242,0.0657894736842105,0,"2: Chr + Passive NC (Free)","Left-skewed"
2029.5,0.000193333333333333,0.000206670374456914,0,6e-04,0.00339333333333333,0.996413333333333,0.530435151545613,0.0740740740740741,0,"2: Chr + Passive NC (Free)","Left-skewed"
2030,0.000186666666666667,0.000209652147588585,0,6e-04,0.00328,0.996533333333333,0.506301853447908,0.0784313725490196,0,"2: Chr + Passive NC (Free)","Left-skewed"
2030.5,0.00018,0.000198962827926605,0,0.00042,0.00315333333333333,0.996666666666667,0.506823676868794,0.0784313725490196,0,"2: Chr + Passive NC (Free)","Left-skewed"
2031,0.00018,0.000198962827926605,0,0.00042,0.00305333333333333,0.996766666666667,0.506744574756227,0.0784313725490196,0,"2: Chr + Passive NC (Free)","Left-skewed"
2031.5,0.00018,0.000198962827926605,0,0.00042,0.00294,0.99688,0.506667054685911,0.0784313725490196,0,"2: Chr + Passive NC (Free)","Left-skewed"
2032,0.00018,0.000198962827926605,0,0.00042,0.00282,0.997,0.507206551175584,0.0784313725490196,0,"2: Chr + Passive NC (Free)","Left-skewed"
2032.5,0.00018,0.000198962827926605,0,0.00042,0.00274666666666667,0.997073333333333,0.507132100900052,0.0784313725490196,0,"2: Chr + Passive NC (Free)","Left-skewed"
2033,0.00018,0.000198962827926605,0,0.00042,0.00265333333333333,0.997166666666667,0.5007003226648,0.0784313725490196,0,"2: Chr + Passive NC (Free)","Left-skewed"
2033.5,0.000166666666666667,0.000197105491330515,0,0.00042,0.00259333333333333,0.99724,0.520459013942014,0.114583333333333,0,"2: Chr + Passive NC (Free)","Left-skewed"
2034,0.00016,0.000199309151648976,0,0.00042,0.00248,0.99736,0.537457279804499,0.122222222222222,0,"2: Chr + Passive NC (Free)","Left-skewed"
2034.5,0.000146666666666667,0.000181437427863947,0,4e-04,0.00237333333333333,0.99748,0.541182403176623,0.122222222222222,0,"2: Chr + Passive NC (Free)","Left-skewed"
2035,0.000146666666666667,0.000181437427863947,0,4e-04,0.00229333333333333,0.99756,0.541106133070592,0.122222222222222,0,"2: Chr + Passive NC (Free)","Left-skewed"
2035.5,0.000146666666666667,0.000181437427863947,0,4e-04,0.00221333333333333,0.99764,0.543358787533983,0.122222222222222,0,"2: Chr + Passive NC (Free)","Left-skewed"
2036,0.000146666666666667,0.000181437427863947,0,4e-04,0.00210666666666667,0.997746666666667,0.540980458557287,0.0888888888888889,0,"2: Chr + Passive NC (Free)","Left-skewed"
2036.5,0.00014,0.000167332005306815,0,4e-04,0.00206,0.9978,0.542211212292348,0.0888888888888889,0,"2: Chr + Passive NC (Free)","Left-skewed"
2037,0.000126666666666667,0.000161743375568305,0,4e-04,0.00198666666666667,0.997886666666667,0.533340007160412,0.0952380952380952,0,"2: Chr + Passive NC (Free)","Left-skewed"
2037.5,0.000126666666666667,0.000161743375568305,0,4e-04,0.00190666666666667,0.997966666666667,0.533340007160412,0.0952380952380952,0,"2: Chr + Passive NC (Free)","Left-skewed"
2038,0.00012,0.000162735240868995,0,4e-04,0.00182666666666667,0.998053333333333,0.516266384935378,0.102564102564103,0,"2: Chr + Passive NC (Free)","Left-skewed"
2038.5,0.00012,0.000162735240868995,0,4e-04,0.00175333333333333,0.998126666666667,0.516266384935378,0.102564102564103,0,"2: Chr + Passive NC (Free)","Left-skewed"
2039,0.00012,0.000162735240868995,0,4e-04,0.00170666666666667,0.998173333333333,0.516266384935378,0.102564102564103,0,"2: Chr + Passive NC (Free)","Left-skewed"
2039.5,0.00012,0.000162735240868995,0,4e-04,0.00166,0.99822,0.515005940477447,0.0769230769230769,0,"2: Chr + Passive NC (Free)","Left-skewed"
2040,0.000113333333333333,0.000163440030831375,0,4e-04,0.00158,0.998306666666667,0.564319852767163,0.0833333333333333,0,"2: Chr + Passive NC (Free)","Left-skewed"
2040.5,0.000113333333333333,0.000163440030831375,0,4e-04,0.00152666666666667,0.99836,0.564319852767163,0.0833333333333333,0,"2: Chr + Passive NC (Free)","Left-skewed"
2041,0.000113333333333333,0.000163440030831375,0,4e-04,0.00148,0.998406666666667,0.564319852767163,0.0833333333333333,0,"2: Chr + Passive NC (Free)","Left-skewed"
2041.5,0.000113333333333333,0.000163440030831375,0,4e-04,0.00142,0.998466666666667,0.587176108123948,0.0833333333333333,0,"2: Chr + Passive NC (Free)","Left-skewed"
2042,0.000106666666666667,0.000163861449745337,0,4e-04,0.00136666666666667,0.998526666666667,0.639869800237829,0.0909090909090909,0,"2: Chr + Passive NC (Free)","Left-skewed"
2042.5,1e-04,0.000155363866566466,0,0.00022,0.00131333333333333,0.998586666666667,0.634242365628332,0.0909090909090909,0,"2: Chr + Passive NC (Free)","Left-skewed"
2043,1e-04,0.000155363866566466,0,0.00022,0.00128666666666667,0.998613333333333,0.634242365628332,0.0909090909090909,0,"2: Chr + Passive NC (Free)","Left-skewed"
2043.5,1e-04,0.000155363866566466,0,0.00022,0.00125333333333333,0.998646666666667,0.634242365628332,0.0909090909090909,0,"2: Chr + Passive NC (Free)","Left-skewed"
2044,1e-04,0.000155363866566466,0,0.00022,0.00120666666666667,0.998693333333333,0.634242365628332,0.0909090909090909,0,"2: Chr + Passive NC (Free)","Left-skewed"
2044.5,1e-04,0.000155363866566466,0,0.00022,0.00114666666666667,0.998753333333333,0.634242365628332,0.0909090909090909,0,"2: Chr + Passive NC (Free)","Left-skewed"
2045,1e-04,0.000155363866566466,0,0.00022,0.00110666666666667,0.998793333333333,0.634242365628332,0.0909090909090909,0,"2: Chr + Passive NC (Free)","Left-skewed"
2045.5,1e-04,0.000155363866566466,0,0.00022,0.00107333333333333,0.998826666666667,0.642401889801037,0.0909090909090909,0,"2: Chr + Passive NC (Free)","Left-skewed"
2046,1e-04,0.000155363866566466,0,0.00022,0.00102666666666667,0.998873333333333,0.642401889801037,0.0909090909090909,0,"2: Chr + Passive NC (Free)","Left-skewed"
2046.5,1e-04,0.000155363866566466,0,0.00022,0.000993333333333333,0.998906666666667,0.642401889801037,0.0909090909090909,0,"2: Chr + Passive NC (Free)","Left-skewed"
2047,1e-04,0.000155363866566466,0,0.00022,0.00096,0.99894,0.642401889801037,0.0909090909090909,0,"2: Chr + Passive NC (Free)","Left-skewed"
2047.5,1e-04,0.000155363866566466,0,0.00022,0.000933333333333333,0.998966666666667,0.642401889801037,0.0909090909090909,0,"2: Chr + Passive NC (Free)","Left-skewed"
2048,1e-04,0.000155363866566466,0,0.00022,0.000926666666666667,0.998973333333333,0.642087079655366,0.0909090909090909,0,"2: Chr + Passive NC (Free)","Left-skewed"
2048.5,1e-04,0.000155363866566466,0,0.00022,0.00092,0.99898,0.642087079655366,0.0909090909090909,0,"2: Chr + Passive NC (Free)","Left-skewed"
2049,1e-04,0.000155363866566466,0,0.00022,0.000893333333333333,0.999006666666667,0.638607632371933,0.0909090909090909,0,"2: Chr + Passive NC (Free)","Left-skewed"
2049.5,1e-04,0.000155363866566466,0,0.00022,0.000866666666666667,0.999033333333333,0.638607632371933,0.0909090909090909,0,"2: Chr + Passive NC (Free)","Left-skewed"
2050,1e-04,0.000155363866566466,0,0.00022,0.000846666666666667,0.999053333333333,0.638607632371933,0.0909090909090909,0,"2: Chr + Passive NC (Free)","Left-skewed"
2050.5,1e-04,0.000155363866566466,0,0.00022,0.000833333333333333,0.999066666666667,0.638607632371933,0.0909090909090909,0,"2: Chr + Passive NC (Free)","Left-skewed"
2051,1e-04,0.000155363866566466,0,0.00022,8e-04,0.9991,0.638607632371933,0.0909090909090909,0,"2: Chr + Passive NC (Free)","Left-skewed"
2051.5,1e-04,0.000155363866566466,0,0.00022,0.000793333333333333,0.999106666666667,0.638607632371933,0.0909090909090909,0,"2: Chr + Passive NC (Free)","Left-skewed"
2052,1e-04,0.000155363866566466,0,0.00022,0.000766666666666667,0.999133333333333,0.638607632371933,0.0909090909090909,0,"2: Chr + Passive NC (Free)","Left-skewed"
2052.5,9.33333333333333e-05,0.000155215830452272,0,0.00022,0.000753333333333333,0.999153333333333,0.610271290357109,0.1,0,"2: Chr + Passive NC (Free)","Left-skewed"
2053,9.33333333333333e-05,0.000155215830452272,0,0.00022,0.00074,0.999166666666667,0.610271290357109,0.1,0,"2: Chr + Passive NC (Free)","Left-skewed"
2053.5,9.33333333333333e-05,0.000155215830452272,0,0.00022,0.000733333333333333,0.999173333333333,0.610271290357109,0.1,0,"2: Chr + Passive NC (Free)","Left-skewed"
2054,9.33333333333333e-05,0.000155215830452272,0,0.00022,0.00072,0.999186666666667,0.610271290357109,0.1,0,"2: Chr + Passive NC (Free)","Left-skewed"
2054.5,8.66666666666667e-05,0.000154770872545533,0,0.00022,0.00072,0.999193333333333,0.598696032519929,0.111111111111111,0,"2: Chr + Passive NC (Free)","Left-skewed"
2055,8.66666666666667e-05,0.000154770872545533,0,0.00022,0.000706666666666667,0.999206666666667,0.598696032519929,0.111111111111111,0,"2: Chr + Passive NC (Free)","Left-skewed"
2055.5,8.66666666666667e-05,0.000154770872545533,0,0.00022,0.00068,0.999233333333333,0.598696032519929,0.111111111111111,0,"2: Chr + Passive NC (Free)","Left-skewed"
2056,8.66666666666667e-05,0.000154770872545533,0,0.00022,0.000666666666666667,0.999246666666667,0.598696032519929,0.111111111111111,0,"2: Chr + Passive NC (Free)","Left-skewed"
2056.5,8.66666666666667e-05,0.000154770872545533,0,0.00022,0.000666666666666667,0.999246666666667,0.598696032519929,0.111111111111111,0,"2: Chr + Passive NC (Free)","Left-skewed"
2057,8.66666666666667e-05,0.000154770872545533,0,0.00022,0.000653333333333333,0.99926,0.598696032519929,0.111111111111111,0,"2: Chr + Passive NC (Free)","Left-skewed"
2057.5,8.66666666666667e-05,0.000154770872545533,0,0.00022,0.000646666666666667,0.999266666666667,0.598696032519929,0.111111111111111,0,"2: Chr + Passive NC (Free)","Left-skewed"
2058,8e-05,0.000154026419587792,0,0.00022,0.000646666666666667,0.999273333333333,0.649923540333407,0.125,0,"2: Chr + Passive NC (Free)","Left-skewed"
2058.5,8e-05,0.000154026419587792,0,0.00022,0.000646666666666667,0.999273333333333,0.649923540333407,0.125,0,"2: Chr + Passive NC (Free)","Left-skewed"
2059,8e-05,0.000154026419587792,0,0.00022,0.000613333333333333,0.999306666666667,0.649923540333407,0.125,0,"2: Chr + Passive NC (Free)","Left-skewed"
2059.5,8e-05,0.000154026419587792,0,0.00022,6e-04,0.99932,0.630133361355052,0.125,0,"2: Chr + Passive NC (Free)","Left-skewed"
2060,8e-05,0.000154026419587792,0,0.00022,6e-04,0.99932,0.630133361355052,0.125,0,"2: Chr + Passive NC (Free)","Left-skewed"
2060.5,8e-05,0.000154026419587792,0,0.00022,0.000586666666666667,0.999333333333333,0.630133361355052,0.125,0,"2: Chr + Passive NC (Free)","Left-skewed"
2061,8e-05,0.000154026419587792,0,0.00022,0.000566666666666667,0.999353333333333,0.630133361355052,0.125,0,"2: Chr + Passive NC (Free)","Left-skewed"
2061.5,8e-05,0.000154026419587792,0,0.00022,0.00056,0.99936,0.642088586520382,0,0,"2: Chr + Passive NC (Free)","Left-skewed"
2062,8e-05,0.000154026419587792,0,0.00022,0.00054,0.99938,0.642088586520382,0,0,"2: Chr + Passive NC (Free)","Left-skewed"
2062.5,8e-05,0.000154026419587792,0,0.00022,0.00054,0.99938,0.642088586520382,0,0,"2: Chr + Passive NC (Free)","Left-skewed"
2063,8e-05,0.000154026419587792,0,0.00022,0.00054,0.99938,0.642088586520382,0,0,"2: Chr + Passive NC (Free)","Left-skewed"
2063.5,8e-05,0.000154026419587792,0,0.00022,0.000533333333333333,0.999386666666667,0.642088586520382,0,0,"2: Chr + Passive NC (Free)","Left-skewed"
2064,8e-05,0.000154026419587792,0,0.00022,0.000513333333333333,0.999406666666667,0.642088586520382,0,0,"2: Chr + Passive NC (Free)","Left-skewed"
2064.5,7.33333333333333e-05,0.000143679080456828,0,2e-04,0.000506666666666667,0.99942,0.649423160085778,0,0,"2: Chr + Passive NC (Free)","Left-skewed"
2065,7.33333333333333e-05,0.000143679080456828,0,2e-04,0.00048,0.999446666666667,0.649423160085778,0,0,"2: Chr + Passive NC (Free)","Left-skewed"
2065.5,6e-05,0.000119192686653688,0,2e-04,0.00048,0.99946,0.621200037686279,0,0,"2: Chr + Passive NC (Free)","Left-skewed"
2066,6e-05,0.000119192686653688,0,2e-04,0.000466666666666667,0.999473333333333,0.621200037686279,0,0,"2: Chr + Passive NC (Free)","Left-skewed"
2066.5,6e-05,0.000119192686653688,0,2e-04,0.000466666666666667,0.999473333333333,0.621200037686279,0,0,"2: Chr + Passive NC (Free)","Left-skewed"
2067,6e-05,0.000119192686653688,0,2e-04,0.000466666666666667,0.999473333333333,0.621200037686279,0,0,"2: Chr + Passive NC (Free)","Left-skewed"
2067.5,6e-05,0.000119192686653688,0,2e-04,0.000466666666666667,0.999473333333333,0.621200037686279,0,0,"2: Chr + Passive NC (Free)","Left-skewed"
2068,6e-05,0.000119192686653688,0,2e-04,0.000466666666666667,0.999473333333333,0.621200037686279,0,0,"2: Chr + Passive NC (Free)","Left-skewed"
2068.5,6e-05,0.000119192686653688,0,2e-04,0.000453333333333333,0.999486666666667,0.621200037686279,0,0,"2: Chr + Passive NC (Free)","Left-skewed"
2069,6e-05,0.000119192686653688,0,2e-04,0.000446666666666667,0.999493333333333,0.621200037686279,0,0,"2: Chr + Passive NC (Free)","Left-skewed"
2069.5,6e-05,0.000119192686653688,0,2e-04,0.00044,0.9995,0.640517688045442,0,0,"2: Chr + Passive NC (Free)","Left-skewed"
2070,5.33333333333333e-05,0.000104166091952438,0,2e-04,0.000433333333333333,0.999513333333333,0.654516080494524,0,0,"2: Chr + Passive NC (Free)","Left-skewed"
2070.5,5.33333333333333e-05,0.000104166091952438,0,2e-04,0.000426666666666667,0.99952,0.654516080494524,0,0,"2: Chr + Passive NC (Free)","Left-skewed"
2071,5.33333333333333e-05,0.000104166091952438,0,2e-04,0.00042,0.999526666666667,0.654516080494524,0,0,"2: Chr + Passive NC (Free)","Left-skewed"
2071.5,5.33333333333333e-05,0.000104166091952438,0,2e-04,0.00042,0.999526666666667,0.654516080494524,0,0,"2: Chr + Passive NC (Free)","Left-skewed"
2072,5.33333333333333e-05,0.000104166091952438,0,2e-04,4e-04,0.999546666666667,0.654516080494524,0,0,"2: Chr + Passive NC (Free)","Left-skewed"
2072.5,5.33333333333333e-05,0.000104166091952438,0,2e-04,0.000393333333333333,0.999553333333333,0.719679732644365,0,0,"2: Chr + Passive NC (Free)","Left-skewed"
2073,4.66666666666667e-05,0.000100801386598746,0,2e-04,0.00038,0.999573333333333,0.698155745866176,0,0,"2: Chr + Passive NC (Free)","Left-skewed"
2073.5,4.66666666666667e-05,0.000100801386598746,0,2e-04,0.00038,0.999573333333333,0.698155745866176,0,0,"2: Chr + Passive NC (Free)","Left-skewed"
2074,3.33333333333333e-05,7.58098043578903e-05,0,2e-04,0.00038,0.999586666666667,0.780421731932267,0,0,"2: Chr + Passive NC (Free)","Left-skewed"
2074.5,3.33333333333333e-05,7.58098043578903e-05,0,2e-04,0.000366666666666667,0.9996,0.780421731932267,0,0,"2: Chr + Passive NC (Free)","Left-skewed"
2075,3.33333333333333e-05,7.58098043578903e-05,0,2e-04,0.000366666666666667,0.9996,0.780421731932267,0,0,"2: Chr + Passive NC (Free)","Left-skewed"
2075.5,3.33333333333333e-05,7.58098043578903e-05,0,2e-04,0.00036,0.999606666666667,0.780421731932267,0,0,"2: Chr + Passive NC (Free)","Left-skewed"
2076,3.33333333333333e-05,7.58098043578903e-05,0,2e-04,0.00036,0.999606666666667,0.780421731932267,0,0,"2: Chr + Passive NC (Free)","Left-skewed"
2076.5,3.33333333333333e-05,7.58098043578903e-05,0,2e-04,0.000353333333333333,0.999613333333333,0.780421731932267,0,0,"2: Chr + Passive NC (Free)","Left-skewed"
2077,3.33333333333333e-05,7.58098043578903e-05,0,2e-04,0.000353333333333333,0.999613333333333,0.865732064933932,0,0,"2: Chr + Passive NC (Free)","Left-skewed"
2077.5,3.33333333333333e-05,7.58098043578903e-05,0,2e-04,0.000353333333333333,0.999613333333333,0.865732064933932,0,0,"2: Chr + Passive NC (Free)","Left-skewed"
2078,3.33333333333333e-05,7.58098043578903e-05,0,2e-04,0.000353333333333333,0.999613333333333,0.865732064933932,0,0,"2: Chr + Passive NC (Free)","Left-skewed"
2078.5,3.33333333333333e-05,7.58098043578903e-05,0,2e-04,0.000353333333333333,0.999613333333333,0.865732064933932,0,0,"2: Chr + Passive NC (Free)","Left-skewed"
2079,3.33333333333333e-05,7.58098043578903e-05,0,2e-04,0.000353333333333333,0.999613333333333,0.865732064933932,0,0,"2: Chr + Passive NC (Free)","Left-skewed"
2079.5,3.33333333333333e-05,7.58098043578903e-05,0,2e-04,0.000353333333333333,0.999613333333333,0.865732064933932,0,0,"2: Chr + Passive NC (Free)","Left-skewed"
1980,0.00472,0.000226517868671737,0.0044,0.005,0.31126,0.68402,-0.497468873397328,0.00272222222222222,0,"3: Chr + Active NC (Free)","Left-skewed"
1980.5,0.00452,0.000308947043782699,0.0042,0.0048,0.29852,0.69696,-0.494039109722304,0.00411594202898551,0,"3: Chr + Active NC (Free)","Left-skewed"
1981,0.00434,0.000390048626499931,0.00398,0.0048,0.285953333333333,0.709706666666667,-0.476370198797215,0.00422705314009662,0,"3: Chr + Active NC (Free)","Left-skewed"
1981.5,0.00418,0.00046490636802961,0.00358,0.0046,0.273993333333333,0.721826666666667,-0.463390954072928,0.00568115942028985,0,"3: Chr + Active NC (Free)","Left-skewed"
1982,0.00397333333333333,0.000494754089619684,0.00338,0.0046,0.26284,0.733186666666667,-0.436777558781368,0.0109239804605937,0,"3: Chr + Active NC (Free)","Left-skewed"
1982.5,0.00379333333333333,0.000518574527170285,0.0032,0.0046,0.251793333333333,0.744413333333333,-0.421770613185403,0.0113147300618696,0,"3: Chr + Active NC (Free)","Left-skewed"
1983,0.00361333333333333,0.000555681211843087,0.00296,0.00424,0.24188,0.754506666666667,-0.407797598491728,0.0118932597193467,0,"3: Chr + Active NC (Free)","Left-skewed"
1983.5,0.00340666666666667,0.000564424231091896,0.00258,0.004,0.23162,0.764973333333333,-0.378683657101089,0.0125614764778851,0,"3: Chr + Active NC (Free)","Left-skewed"
1984,0.00318666666666667,0.000587063606571656,0.0024,0.0038,0.221633333333333,0.77518,-0.345827579736989,0.0149488304093567,0,"3: Chr + Active NC (Free)","Left-skewed"
1984.5,0.00304,0.000551862051728447,0.0024,0.0036,0.21252,0.78444,-0.330799815925396,0.0148262813897489,0,"3: Chr + Active NC (Free)","Left-skewed"
1985,0.0029,0.000540114930298205,0.0022,0.0036,0.203753333333333,0.793346666666667,-0.311069055769853,0.0196073643132467,0,"3: Chr + Active NC (Free)","Left-skewed"
1985.5,0.00276666666666667,0.000514837325049736,0.0022,0.0034,0.194973333333333,0.80226,-0.301144434704029,0.0206850175967823,0,"3: Chr + Active NC (Free)","Left-skewed"
1986,0.00266666666666667,0.000479463301485384,0.00218,0.0032,0.187113333333333,0.81022,-0.283155676313928,0.0198338031077969,0,"3: Chr + Active NC (Free)","Left-skewed"
1986.5,0.0026,0.000527845327397309,0.00198,0.0032,0.178873333333333,0.818526666666667,-0.273000683268499,0.0200952410162937,0,"3: Chr + Active NC (Free)","Left-skewed"
1987,0.00251333333333333,0.000516442294625606,0.0018,0.00302,0.17158,0.825906666666667,-0.260168261093702,0.020993509414562,0,"3: Chr + Active NC (Free)","Left-skewed"
1987.5,0.00238,0.000533950791998534,0.00176,0.00282,0.164273333333333,0.833346666666667,-0.247972355094489,0.0214941199151725,0,"3: Chr + Active NC (Free)","Left-skewed"
1988,0.00226,0.000568482553640042,0.00158,0.00282,0.157733333333333,0.840006666666667,-0.233643392888601,0.0217077951288478,0,"3: Chr + Active NC (Free)","Left-skewed"
1988.5,0.00216,0.000578702472540197,0.00156,0.0028,0.150973333333333,0.846866666666667,-0.230355954968477,0.0225402959613486,0,"3: Chr + Active NC (Free)","Left-skewed"
1989,0.00210666666666667,0.000569896138954637,0.00156,0.0028,0.14482,0.853073333333333,-0.215996739307213,0.0237252221462748,0,"3: Chr + Active NC (Free)","Left-skewed"
1989.5,0.00201333333333333,0.000570379990298865,0.00156,0.00262,0.138446666666667,0.85954,-0.202613452514809,0.0240955925166452,0,"3: Chr + Active NC (Free)","Left-skewed"
1990,0.00196666666666667,0.000570742609620818,0.00156,0.0026,0.13272,0.865313333333333,-0.195436859567514,0.0206949191159717,0,"3: Chr + Active NC (Free)","Left-skewed"
1990.5,0.00184,0.00051030754756661,0.00138,0.0024,0.12748,0.87068,-0.177295610598278,0.0218443865502689,0,"3: Chr + Active NC (Free)","Left-skewed"
1991,0.00178,0.000510172384659309,0.0012,0.00222,0.122226666666667,0.875993333333333,-0.160551872898439,0.0255480902539726,0,"3: Chr + Active NC (Free)","Left-skewed"
1991.5,0.00168666666666667,0.000502911065925065,0.001,0.0022,0.116866666666667,0.881446666666667,-0.14934584341851,0.0269295519295519,0,"3: Chr + Active NC (Free)","Left-skewed"
1992,0.00156666666666667,0.000509450910181793,0.001,0.00202,0.111606666666667,0.886826666666667,-0.125833934566362,0.0223544973544974,0,"3: Chr + Active NC (Free)","Left-skewed"
1992.5,0.00152666666666667,0.00054198443375874,8e-04,0.00202,0.107093333333333,0.89138,-0.114378937146296,0.0231481481481482,0,"3: Chr + Active NC (Free)","Left-skewed"
1993,0.00144,0.0004966091920768,8e-04,0.002,0.102693333333333,0.895866666666667,-0.0971813591291715,0.0239309764309764,0,"3: Chr + Active NC (Free)","Left-skewed"
1993.5,0.00139333333333333,0.000482760262722987,8e-04,0.00182,0.098,0.900606666666667,-0.0866491485219729,0.0255952380952381,0,"3: Chr + Active NC (Free)","Left-skewed"
1994,0.00132666666666667,0.000482760262722987,8e-04,0.0018,0.0939733333333333,0.9047,-0.0753079184644256,0.02744708994709,0,"3: Chr + Active NC (Free)","Left-skewed"
1994.5,0.00127333333333333,0.000477011771222742,8e-04,0.0018,0.09006,0.908666666666667,-0.0598595251508133,0.0330026455026455,0,"3: Chr + Active NC (Free)","Left-skewed"
1995,0.00124,0.000468011199394438,0.00078,0.0018,0.08624,0.91252,-0.0481888900363098,0.0333689458689459,0,"3: Chr + Active NC (Free)","Left-skewed"
1995.5,0.00116,0.000465054687180944,6e-04,0.0018,0.0828133333333333,0.916026666666667,-0.0322203000401196,0.0393518518518518,0,"3: Chr + Active NC (Free)","Left-skewed"
1996,0.00109333333333333,0.000454049468164241,0.00058,0.0018,0.07952,0.919386666666667,-0.0219572057089314,0.0398569023569024,0,"3: Chr + Active NC (Free)","Left-skewed"
1996.5,0.00105333333333333,0.000460684148910586,0.00058,0.00162,0.07624,0.922706666666667,-0.0104040954493318,0.0398569023569024,0,"3: Chr + Active NC (Free)","Left-skewed"
1997,0.00103333333333333,0.000458132139749292,0.00058,0.0016,0.0730466666666667,0.92592,0.00958456427308717,0.0407828282828283,0,"3: Chr + Active NC (Free)","Left-skewed"
1997.5,0.00101333333333333,0.00046366853003749,0.00058,0.0016,0.07018,0.928806666666667,0.0255671201340861,0.0407828282828283,0,"3: Chr + Active NC (Free)","Left-skewed"
1998,0.000986666666666667,0.00046663382478854,4e-04,0.0016,0.0671333333333333,0.93188,0.0339388597226863,0.0413780663780664,0,"3: Chr + Active NC (Free)","Left-skewed"
1998.5,0.000946666666666667,0.000451612691350128,4e-04,0.0016,0.0643133333333333,0.93474,0.036950036248717,0.041984126984127,0,"3: Chr + Active NC (Free)","Left-skewed"
1999,0.000906666666666667,0.00044173118158175,4e-04,0.0016,0.0616733333333333,0.93742,0.0614061120975565,0.0505026455026455,0,"3: Chr + Active NC (Free)","Left-skewed"
1999.5,0.00088,0.000431836495239448,4e-04,0.0016,0.05912,0.94,0.0724391655092869,0.0530952380952381,0,"3: Chr + Active NC (Free)","Left-skewed"
2000,0.000813333333333333,0.000374840962444657,4e-04,0.0014,0.05668,0.942506666666667,0.0895383806531959,0.0489285714285714,0,"3: Chr + Active NC (Free)","Left-skewed"
2000.5,0.000786666666666667,0.000382129544141443,4e-04,0.0014,0.05442,0.944793333333333,0.0986315017434135,0.0489285714285714,0,"3: Chr + Active NC (Free)","Left-skewed"
2001,0.000773333333333333,0.000362874855727895,4e-04,0.0014,0.05212,0.947106666666667,0.099525651943845,0.0495238095238095,0,"3: Chr + Active NC (Free)","Left-skewed"
2001.5,0.000746666666666667,0.000378502797633111,0.00038,0.0014,0.0498466666666667,0.949406666666667,0.108563338383534,0.0495238095238095,0,"3: Chr + Active NC (Free)","Left-skewed"
2002,0.000713333333333333,0.000381226092146555,0.00038,0.0014,0.0478533333333333,0.951433333333333,0.158353129687957,0.0512315270935961,0,"3: Chr + Active NC (Free)","Left-skewed"
2002.5,7e-04,0.000388631551419363,0.00038,0.0014,0.0459133333333333,0.953386666666667,0.168894688180804,0.0512315270935961,0,"3: Chr + Active NC (Free)","Left-skewed"
2003,0.00068,0.000380924465315451,0.00038,0.00122,0.04404,0.95528,0.174413529212973,0.0512315270935961,0,"3: Chr + Active NC (Free)","Left-skewed"
2003.5,0.00064,0.000390931689949659,2e-04,0.00104,0.0421266666666667,0.957233333333333,0.188405926758624,0.0463054187192118,0,"3: Chr + Active NC (Free)","Left-skewed"
2004,0.00062,0.000365211322859557,2e-04,0.001,0.04044,0.95894,0.196728537392373,0.0482758620689655,0,"3: Chr + Active NC (Free)","Left-skewed"
2004.5,0.000606666666666667,0.000369466841714431,2e-04,0.001,0.0387133333333333,0.96068,0.221879145279386,0.0439655172413793,0,"3: Chr + Active NC (Free)","Left-skewed"
2005,0.000593333333333333,0.000380501786060726,2e-04,0.001,0.03706,0.962346666666667,0.232360203343274,0.0353448275862069,0,"3: Chr + Active NC (Free)","Left-skewed"
2005.5,0.000586666666666667,0.000385722191733121,2e-04,0.001,0.03554,0.963873333333333,0.220755581753518,0.0353448275862069,0,"3: Chr + Active NC (Free)","Left-skewed"
2006,0.000566666666666667,0.000386258206772168,2e-04,0.001,0.03408,0.965353333333333,0.235706760749349,0.0383928571428571,0,"3: Chr + Active NC (Free)","Left-skewed"
2006.5,0.000533333333333333,0.00039421098266103,2e-04,0.001,0.03256,0.966906666666667,0.245641689330235,0.0401785714285714,0,"3: Chr + Active NC (Free)","Left-skewed"
2007,0.000526666666666667,0.000398214405369367,2e-04,0.001,0.0312133333333333,0.96826,0.261454991829281,0.0401785714285714,0,"3: Chr + Active NC (Free)","Left-skewed"
2007.5,0.00052,0.000380924465315451,2e-04,0.001,0.02988,0.9696,0.261589987036578,0.0318877551020408,0,"3: Chr + Active NC (Free)","Left-skewed"
2008,0.000506666666666667,0.000381406953748639,2e-04,0.001,0.0286666666666667,0.970826666666667,0.280635259763032,0.0318877551020408,0,"3: Chr + Active NC (Free)","Left-skewed"
2008.5,5e-04,0.000388631551419363,0.00018,0.001,0.0274733333333333,0.972026666666667,0.292608485758079,0.0330687830687831,0,"3: Chr + Active NC (Free)","Left-skewed"
2009,0.000493333333333333,0.000385006344178211,0.00018,0.001,0.0263333333333333,0.973173333333333,0.301320974342202,0.0330687830687831,0,"3: Chr + Active NC (Free)","Left-skewed"
2009.5,0.000493333333333333,0.000385006344178211,0.00018,0.001,0.0252266666666667,0.97428,0.302996668222781,0.0330687830687831,0,"3: Chr + Active NC (Free)","Left-skewed"
2010,0.00048,0.000395142924818961,0,0.001,0.02434,0.97518,0.342238008448483,0.0343406593406593,0,"3: Chr + Active NC (Free)","Left-skewed"
2010.5,0.000473333333333333,0.000380501786060726,0,0.001,0.0231533333333333,0.976373333333333,0.342324837104857,0.0343406593406593,0,"3: Chr + Active NC (Free)","Left-skewed"
2011,0.000473333333333333,0.000380501786060726,0,0.001,0.0223066666666667,0.97722,0.343377710073241,0.0343406593406593,0,"3: Chr + Active NC (Free)","Left-skewed"
2011.5,0.000473333333333333,0.000380501786060726,0,0.001,0.0213266666666667,0.9782,0.355981810310298,0.0151098901098901,0,"3: Chr + Active NC (Free)","Left-skewed"
2012,0.000473333333333333,0.000380501786060726,0,0.001,0.02048,0.979046666666667,0.368648608432646,0.0151098901098901,0,"3: Chr + Active NC (Free)","Left-skewed"
2012.5,0.00046,0.000368220323850479,0,0.001,0.0195,0.98004,0.3749424708666,0.0183150183150183,0,"3: Chr + Active NC (Free)","Left-skewed"
2013,0.000446666666666667,0.000358861545997063,0,0.001,0.0186933333333333,0.98086,0.382134660295769,0.02,0,"3: Chr + Active NC (Free)","Left-skewed"
2013.5,0.000433333333333333,0.000344747117047617,0,0.00082,0.01796,0.981606666666667,0.394521205846294,0.02,0,"3: Chr + Active NC (Free)","Left-skewed"
2014,0.000433333333333333,0.000344747117047617,0,0.00082,0.01716,0.982406666666667,0.394432918350516,0.02,0,"3: Chr + Active NC (Free)","Left-skewed"
2014.5,0.000433333333333333,0.000344747117047617,0,0.00082,0.0164866666666667,0.98308,0.392354036284133,0.02,0,"3: Chr + Active NC (Free)","Left-skewed"
2015,0.000426666666666667,0.00034334393466503,0,0.00082,0.0159,0.983673333333333,0.400251547814698,0.02,0,"3: Chr + Active NC (Free)","Left-skewed"
2015.5,0.00042,0.000341800506446226,0,0.00082,0.01528,0.9843,0.396071739440322,0.02,0,"3: Chr + Active NC (Free)","Left-skewed"
2016,0.000413333333333333,0.000331904985711619,0,8e-04,0.0146866666666667,0.9849,0.402637905630131,0.02,0,"3: Chr + Active NC (Free)","Left-skewed"
2016.5,0.000413333333333333,0.000331904985711619,0,8e-04,0.0141733333333333,0.985413333333333,0.402554982699263,0.02,0,"3: Chr + Active NC (Free)","Left-skewed"
2017,0.000393333333333333,0.00032156227833901,0,8e-04,0.01364,0.985966666666667,0.416435168243498,0.0133333333333333,0,"3: Chr + Active NC (Free)","Left-skewed"
2017.5,0.000386666666666667,0.000319194388220195,0,8e-04,0.01318,0.986433333333333,0.413741407871328,0.0133333333333333,0,"3: Chr + Active NC (Free)","Left-skewed"
2018,0.000366666666666667,0.000319841914974746,0,0.00062,0.0125933333333333,0.98704,0.425429516128248,0.0138888888888889,0,"3: Chr + Active NC (Free)","Left-skewed"
2018.5,0.000373333333333333,0.000322632847092463,0,0.00062,0.0120533333333333,0.987573333333333,0.429264116710546,0.0277777777777778,0,"3: Chr + Active NC (Free)","Left-skewed"
2019,0.000353333333333333,0.000295638797945355,0,6e-04,0.0115666666666667,0.98808,0.43519206697331,0.0277777777777778,0,"3: Chr + Active NC (Free)","Left-skewed"
2019.5,0.000346666666666667,0.000292118697336089,0,6e-04,0.0111,0.988553333333333,0.43925547614056,0.0277777777777778,0,"3: Chr + Active NC (Free)","Left-skewed"
2020,0.000333333333333333,0.000274594790283018,0,6e-04,0.0106733333333333,0.988993333333333,0.437589139726695,0.0277777777777778,0,"3: Chr + Active NC (Free)","Left-skewed"
2020.5,0.000326666666666667,0.000270291456143859,0,6e-04,0.0102733333333333,0.9894,0.438390519781817,0.0277777777777778,0,"3: Chr + Active NC (Free)","Left-skewed"
2021,0.000326666666666667,0.000270291456143859,0,6e-04,0.00983333333333333,0.98984,0.437868685611158,0.0138888888888889,0,"3: Chr + Active NC (Free)","Left-skewed"
2021.5,0.00032,0.000270886157536386,0,6e-04,0.00943333333333333,0.990246666666667,0.452133238410001,0,0,"3: Chr + Active NC (Free)","Left-skewed"
2022,0.00032,0.000270886157536386,0,6e-04,0.00900666666666667,0.990673333333333,0.452133987092133,0,0,"3: Chr + Active NC (Free)","Left-skewed"
2022.5,3e-04,0.000266522949778477,0,6e-04,0.00867333333333333,0.991026666666667,0.48354416110053,0,0,"3: Chr + Active NC (Free)","Left-skewed"
2023,0.000286666666666667,0.000255603860169078,0,6e-04,0.00839333333333333,0.99132,0.504569306435632,0,0,"3: Chr + Active NC (Free)","Left-skewed"
2023.5,0.00028,0.000249689462305094,0,6e-04,0.00804666666666667,0.991673333333333,0.510114583297012,0,0,"3: Chr + Active NC (Free)","Left-skewed"
2024,0.000273333333333333,0.000254522315712006,0,6e-04,0.00778666666666667,0.99194,0.531919332664587,0,0,"3: Chr + Active NC (Free)","Left-skewed"
2024.5,0.000273333333333333,0.000254522315712006,0,6e-04,0.00760666666666667,0.99212,0.53203832261511,0,0,"3: Chr + Active NC (Free)","Left-skewed"
2025,0.000273333333333333,0.000254522315712006,0,6e-04,0.00738,0.992346666666667,0.532154932766623,0,0,"3: Chr + Active NC (Free)","Left-skewed"
2025.5,0.000266666666666667,0.000236837399966704,0,6e-04,0.00718,0.992553333333333,0.532010813336251,0,0,"3: Chr + Active NC (Free)","Left-skewed"
2026,0.000253333333333333,0.000240306317929391,0,6e-04,0.00688666666666667,0.99286,0.55472585385405,0,0,"3: Chr + Active NC (Free)","Left-skewed"
2026.5,0.000253333333333333,0.000240306317929391,0,6e-04,0.00664666666666667,0.9931,0.558579418140868,0,0,"3: Chr + Active NC (Free)","Left-skewed"
2027,0.00024,0.000237225340275792,0,6e-04,0.00644,0.99332,0.566554897608889,0,0,"3: Chr + Active NC (Free)","Left-skewed"
2027.5,0.00024,0.000237225340275792,0,6e-04,0.00625333333333333,0.993506666666667,0.566665574267012,0,0,"3: Chr + Active NC (Free)","Left-skewed"
2028,0.00024,0.000237225340275792,0,6e-04,0.00605333333333333,0.993706666666667,0.563188696148915,0,0,"3: Chr + Active NC (Free)","Left-skewed"
2028.5,0.00024,0.000237225340275792,0,6e-04,0.00583333333333333,0.993926666666667,0.563188696148915,0,0,"3: Chr + Active NC (Free)","Left-skewed"
2029,0.000226666666666667,0.000214850923992032,0,0.00042,0.00566666666666667,0.994106666666667,0.57894929110109,0,0,"3: Chr + Active NC (Free)","Left-skewed"
2029.5,0.000226666666666667,0.000214850923992032,0,0.00042,0.00543333333333333,0.99434,0.58650339293898,0,0,"3: Chr + Active NC (Free)","Left-skewed"
2030,0.000226666666666667,0.000214850923992032,0,0.00042,0.00528666666666667,0.994486666666667,0.58650339293898,0,0,"3: Chr + Active NC (Free)","Left-skewed"
2030.5,0.000226666666666667,0.000214850923992032,0,0.00042,0.0051,0.994673333333333,0.58650339293898,0,0,"3: Chr + Active NC (Free)","Left-skewed"
2031,0.000226666666666667,0.000214850923992032,0,0.00042,0.00492,0.994853333333333,0.586081229945025,0,0,"3: Chr + Active NC (Free)","Left-skewed"
2031.5,0.000226666666666667,0.000214850923992032,0,0.00042,0.00478,0.994993333333333,0.5780748709219,0,0,"3: Chr + Active NC (Free)","Left-skewed"
2032,0.00022,0.000212375724309211,0,0.00042,0.00462,0.99516,0.565304562921907,0,0,"3: Chr + Active NC (Free)","Left-skewed"
2032.5,0.00022,0.000212375724309211,0,0.00042,0.00448666666666667,0.995293333333333,0.565304562921907,0,0,"3: Chr + Active NC (Free)","Left-skewed"
2033,0.00022,0.000212375724309211,0,0.00042,0.00431333333333333,0.995466666666667,0.565304562921907,0,0,"3: Chr + Active NC (Free)","Left-skewed"
2033.5,0.00022,0.000212375724309211,0,0.00042,0.00414,0.99564,0.565304562921907,0,0,"3: Chr + Active NC (Free)","Left-skewed"
2034,0.00022,0.000212375724309211,0,0.00042,0.00406666666666667,0.995713333333333,0.565304562921907,0,0,"3: Chr + Active NC (Free)","Left-skewed"
2034.5,0.00022,0.000212375724309211,0,0.00042,0.00396,0.99582,0.570637270630608,0,0,"3: Chr + Active NC (Free)","Left-skewed"
2035,0.000213333333333333,0.000216131079852392,0,0.00042,0.00390666666666667,0.99588,0.584015349364729,0,0,"3: Chr + Active NC (Free)","Left-skewed"
2035.5,0.000213333333333333,0.000216131079852392,0,0.00042,0.00379333333333333,0.995993333333333,0.584015349364729,0,0,"3: Chr + Active NC (Free)","Left-skewed"
2036,0.000206666666666667,0.000206670374456914,0,4e-04,0.00366666666666667,0.996126666666667,0.582200261531527,0,0,"3: Chr + Active NC (Free)","Left-skewed"
2036.5,0.000186666666666667,0.000196053007141424,0,4e-04,0.00354666666666667,0.996266666666667,0.598581148538016,0,0,"3: Chr + Active NC (Free)","Left-skewed"
2037,0.000166666666666667,0.000189978825196358,0,4e-04,0.00345333333333333,0.99638,0.597035730830097,0,0,"3: Chr + Active NC (Free)","Left-skewed"
2037.5,0.00016,0.000192264186060169,0,4e-04,0.00336,0.99648,0.591862779929368,0,0,"3: Chr + Active NC (Free)","Left-skewed"
2038,0.00016,0.000192264186060169,0,4e-04,0.00327333333333333,0.996566666666667,0.591862779929368,0,0,"3: Chr + Active NC (Free)","Left-skewed"
2038.5,0.00016,0.000192264186060169,0,4e-04,0.00318666666666667,0.996653333333333,0.592855292836114,0,0,"3: Chr + Active NC (Free)","Left-skewed"
2039,0.000146666666666667,0.000173668994182122,0,4e-04,0.00310666666666667,0.996746666666667,0.591738861250408,0,0,"3: Chr + Active NC (Free)","Left-skewed"
2039.5,0.000146666666666667,0.000173668994182122,0,4e-04,0.00303333333333333,0.99682,0.594674456237866,0,0,"3: Chr + Active NC (Free)","Left-skewed"
2040,0.000146666666666667,0.000173668994182122,0,4e-04,0.00300666666666667,0.996846666666667,0.594674456237866,0,0,"3: Chr + Active NC (Free)","Left-skewed"
2040.5,0.000133333333333333,0.000168836450822791,0,4e-04,0.00293333333333333,0.996933333333333,0.617634640676538,0,0,"3: Chr + Active NC (Free)","Left-skewed"
2041,0.000126666666666667,0.000170057461553103,0,4e-04,0.00286,0.997013333333333,0.627682994941477,0,0,"3: Chr + Active NC (Free)","Left-skewed"
2041.5,0.00012,0.000162735240868995,0,4e-04,0.00278,0.9971,0.646353605156247,0,0,"3: Chr + Active NC (Free)","Left-skewed"
2042,0.00012,0.000162735240868995,0,4e-04,0.00273333333333333,0.997146666666667,0.646353605156247,0,0,"3: Chr + Active NC (Free)","Left-skewed"
2042.5,0.00012,0.000162735240868995,0,4e-04,0.00264666666666667,0.997233333333333,0.647530273434427,0,0,"3: Chr + Active NC (Free)","Left-skewed"
2043,0.00012,0.000162735240868995,0,4e-04,0.00259333333333333,0.997286666666667,0.647530273434427,0,0,"3: Chr + Active NC (Free)","Left-skewed"
2043.5,0.00012,0.000162735240868995,0,4e-04,0.00253333333333333,0.997346666666667,0.628500590373253,0,0,"3: Chr + Active NC (Free)","Left-skewed"
2044,0.00012,0.000162735240868995,0,4e-04,0.00248666666666667,0.997393333333333,0.628500590373253,0,0,"3: Chr + Active NC (Free)","Left-skewed"
2044.5,0.000113333333333333,0.000163440030831375,0,4e-04,0.00243333333333333,0.997453333333333,0.619456265899739,0,0,"3: Chr + Active NC (Free)","Left-skewed"
2045,0.000113333333333333,0.000163440030831375,0,4e-04,0.00236666666666667,0.99752,0.619456265899739,0,0,"3: Chr + Active NC (Free)","Left-skewed"
2045.5,0.000113333333333333,0.000163440030831375,0,4e-04,0.00231333333333333,0.997573333333333,0.619456265899739,0,0,"3: Chr + Active NC (Free)","Left-skewed"
2046,1e-04,0.00016400168207716,0,4e-04,0.00226666666666667,0.997633333333333,0.612012822726561,0,0,"3: Chr + Active NC (Free)","Left-skewed"
2046.5,9.33333333333333e-05,0.000155215830452272,0,0.00022,0.00223333333333333,0.997673333333333,0.620356971871981,0,0,"3: Chr + Active NC (Free)","Left-skewed"
2047,9.33333333333333e-05,0.000155215830452272,0,0.00022,0.00216666666666667,0.99774,0.633739597556868,0,0,"3: Chr + Active NC (Free)","Left-skewed"
2047.5,9.33333333333333e-05,0.000155215830452272,0,0.00022,0.00212,0.997786666666667,0.633739597556868,0,0,"3: Chr + Active NC (Free)","Left-skewed"
2048,8.66666666666667e-05,0.000145586408358921,0,2e-04,0.00209333333333333,0.99782,0.60857049939163,0,0,"3: Chr + Active NC (Free)","Left-skewed"
2048.5,8.66666666666667e-05,0.000145586408358921,0,2e-04,0.00204666666666667,0.997866666666667,0.618590026011393,0,0,"3: Chr + Active NC (Free)","Left-skewed"
2049,8.66666666666667e-05,0.000145586408358921,0,2e-04,0.00199333333333333,0.99792,0.618590026011393,0,0,"3: Chr + Active NC (Free)","Left-skewed"
2049.5,8.66666666666667e-05,0.000145586408358921,0,2e-04,0.00194666666666667,0.997966666666667,0.618061226581682,0,0,"3: Chr + Active NC (Free)","Left-skewed"
2050,8e-05,0.000134932933532641,0,2e-04,0.00193333333333333,0.997986666666667,0.627439214236904,0,0,"3: Chr + Active NC (Free)","Left-skewed"
2050.5,8e-05,0.000134932933532641,0,2e-04,0.00191333333333333,0.998006666666667,0.627439214236904,0,0,"3: Chr + Active NC (Free)","Left-skewed"
2051,8e-05,0.000134932933532641,0,2e-04,0.00188,0.99804,0.627439214236904,0,0,"3: Chr + Active NC (Free)","Left-skewed"
2051.5,8e-05,0.000134932933532641,0,2e-04,0.00181333333333333,0.998106666666667,0.627439214236904,0,0,"3: Chr + Active NC (Free)","Left-skewed"
2052,8e-05,0.000134932933532641,0,2e-04,0.00176,0.99816,0.627439214236904,0,0,"3: Chr + Active NC (Free)","Left-skewed"
2052.5,8e-05,0.000134932933532641,0,2e-04,0.00172666666666667,0.998193333333333,0.627439214236904,0,0,"3: Chr + Active NC (Free)","Left-skewed"
2053,8e-05,0.000134932933532641,0,2e-04,0.00170666666666667,0.998213333333333,0.627439214236904,0,0,"3: Chr + Active NC (Free)","Left-skewed"
2053.5,8e-05,0.000134932933532641,0,2e-04,0.00168666666666667,0.998233333333333,0.627439214236904,0,0,"3: Chr + Active NC (Free)","Left-skewed"
2054,8e-05,0.000134932933532641,0,2e-04,0.00166,0.99826,0.627439214236904,0,0,"3: Chr + Active NC (Free)","Left-skewed"
2054.5,8e-05,0.000134932933532641,0,2e-04,0.00164,0.99828,0.627439214236904,0,0,"3: Chr + Active NC (Free)","Left-skewed"
2055,8e-05,0.000134932933532641,0,2e-04,0.0016,0.99832,0.627439214236904,0,0,"3: Chr + Active NC (Free)","Left-skewed"
2055.5,8e-05,0.000134932933532641,0,2e-04,0.00158,0.99834,0.627439214236904,0,0,"3: Chr + Active NC (Free)","Left-skewed"
2056,8e-05,0.000134932933532641,0,2e-04,0.00156,0.99836,0.627439214236904,0,0,"3: Chr + Active NC (Free)","Left-skewed"
2056.5,8e-05,0.000134932933532641,0,2e-04,0.00151333333333333,0.998406666666667,0.627439214236904,0,0,"3: Chr + Active NC (Free)","Left-skewed"
2057,8e-05,0.000134932933532641,0,2e-04,0.0015,0.99842,0.627439214236904,0,0,"3: Chr + Active NC (Free)","Left-skewed"
2057.5,7.33333333333333e-05,0.000133735027091874,0,2e-04,0.00146666666666667,0.99846,0.604921450239071,0,0,"3: Chr + Active NC (Free)","Left-skewed"
2058,7.33333333333333e-05,0.000133735027091874,0,2e-04,0.00144,0.998486666666667,0.604921450239071,0,0,"3: Chr + Active NC (Free)","Left-skewed"
2058.5,7.33333333333333e-05,0.000133735027091874,0,2e-04,0.00140666666666667,0.99852,0.604921450239071,0,0,"3: Chr + Active NC (Free)","Left-skewed"
2059,6.66666666666667e-05,0.000132178910450253,0,2e-04,0.00139333333333333,0.99854,0.595690047529718,0,0,"3: Chr + Active NC (Free)","Left-skewed"
2059.5,6.66666666666667e-05,0.000132178910450253,0,2e-04,0.00136,0.998573333333333,0.595690047529718,0,0,"3: Chr + Active NC (Free)","Left-skewed"
2060,6.66666666666667e-05,0.000132178910450253,0,2e-04,0.00133333333333333,0.9986,0.595690047529718,0,0,"3: Chr + Active NC (Free)","Left-skewed"
2060.5,6.66666666666667e-05,0.000132178910450253,0,2e-04,0.00129333333333333,0.99864,0.628569694305215,0,0,"3: Chr + Active NC (Free)","Left-skewed"
2061,6.66666666666667e-05,0.000132178910450253,0,2e-04,0.00127333333333333,0.99866,0.625913411094395,0,0,"3: Chr + Active NC (Free)","Left-skewed"
2061.5,6.66666666666667e-05,0.000132178910450253,0,2e-04,0.00126,0.998673333333333,0.625913411094395,0,0,"3: Chr + Active NC (Free)","Left-skewed"
2062,6.66666666666667e-05,0.000132178910450253,0,2e-04,0.00122,0.998713333333333,0.625913411094395,0,0,"3: Chr + Active NC (Free)","Left-skewed"
2062.5,6e-05,0.000106996616124385,0,2e-04,0.00120666666666667,0.998733333333333,0.632426020244796,0,0,"3: Chr + Active NC (Free)","Left-skewed"
2063,6e-05,0.000106996616124385,0,2e-04,0.00119333333333333,0.998746666666667,0.632426020244796,0,0,"3: Chr + Active NC (Free)","Left-skewed"
2063.5,6e-05,0.000106996616124385,0,2e-04,0.00118666666666667,0.998753333333333,0.632426020244796,0,0,"3: Chr + Active NC (Free)","Left-skewed"
2064,6e-05,0.000106996616124385,0,2e-04,0.00117333333333333,0.998766666666667,0.632426020244796,0,0,"3: Chr + Active NC (Free)","Left-skewed"
2064.5,6e-05,0.000106996616124385,0,2e-04,0.00116,0.99878,0.632426020244796,0,0,"3: Chr + Active NC (Free)","Left-skewed"
2065,6e-05,0.000106996616124385,0,2e-04,0.00112666666666667,0.998813333333333,0.632426020244796,0,0,"3: Chr + Active NC (Free)","Left-skewed"
2065.5,6e-05,0.000106996616124385,0,2e-04,0.00110666666666667,0.998833333333333,0.632426020244796,0,0,"3: Chr + Active NC (Free)","Left-skewed"
2066,6e-05,0.000106996616124385,0,2e-04,0.00110666666666667,0.998833333333333,0.632426020244796,0,0,"3: Chr + Active NC (Free)","Left-skewed"
2066.5,6e-05,0.000106996616124385,0,2e-04,0.00109333333333333,0.998846666666667,0.666964658697115,0,0,"3: Chr + Active NC (Free)","Left-skewed"
2067,6e-05,0.000106996616124385,0,2e-04,0.00106,0.99888,0.666964658697115,0,0,"3: Chr + Active NC (Free)","Left-skewed"
2067.5,6e-05,0.000106996616124385,0,2e-04,0.00104666666666667,0.998893333333333,0.666964658697115,0,0,"3: Chr + Active NC (Free)","Left-skewed"
2068,6e-05,0.000106996616124385,0,2e-04,0.00103333333333333,0.998906666666667,0.666964658697115,0,0,"3: Chr + Active NC (Free)","Left-skewed"
2068.5,6e-05,0.000106996616124385,0,2e-04,0.00101333333333333,0.998926666666667,0.666964658697115,0,0,"3: Chr + Active NC (Free)","Left-skewed"
2069,6e-05,0.000106996616124385,0,2e-04,0.001,0.99894,0.666964658697115,0,0,"3: Chr + Active NC (Free)","Left-skewed"
2069.5,6e-05,0.000106996616124385,0,2e-04,0.001,0.99894,0.666964658697115,0,0,"3: Chr + Active NC (Free)","Left-skewed"
2070,6e-05,0.000106996616124385,0,2e-04,0.000993333333333333,0.998946666666667,0.666964658697115,0,0,"3: Chr + Active NC (Free)","Left-skewed"
2070.5,6e-05,0.000106996616124385,0,2e-04,0.000973333333333333,0.998966666666667,0.666964658697115,0,0,"3: Chr + Active NC (Free)","Left-skewed"
2071,5.33333333333333e-05,0.000104166091952438,0,2e-04,0.000953333333333333,0.998993333333333,0.716695000405059,0,0,"3: Chr + Active NC (Free)","Left-skewed"
2071.5,5.33333333333333e-05,0.000104166091952438,0,2e-04,0.000946666666666667,0.999,0.716695000405059,0,0,"3: Chr + Active NC (Free)","Left-skewed"
2072,5.33333333333333e-05,0.000104166091952438,0,2e-04,0.00092,0.999026666666667,0.716695000405059,0,0,"3: Chr + Active NC (Free)","Left-skewed"
2072.5,5.33333333333333e-05,0.000104166091952438,0,2e-04,0.000906666666666667,0.99904,0.716695000405059,0,0,"3: Chr + Active NC (Free)","Left-skewed"
2073,5.33333333333333e-05,0.000104166091952438,0,2e-04,0.000886666666666667,0.99906,0.716695000405059,0,0,"3: Chr + Active NC (Free)","Left-skewed"
2073.5,5.33333333333333e-05,0.000104166091952438,0,2e-04,0.00086,0.999086666666667,0.716695000405059,0,0,"3: Chr + Active NC (Free)","Left-skewed"
2074,5.33333333333333e-05,0.000104166091952438,0,2e-04,0.000846666666666667,0.9991,0.711830464747041,0,0,"3: Chr + Active NC (Free)","Left-skewed"
2074.5,5.33333333333333e-05,0.000104166091952438,0,2e-04,0.000846666666666667,0.9991,0.711830464747041,0,0,"3: Chr + Active NC (Free)","Left-skewed"
2075,5.33333333333333e-05,0.000104166091952438,0,2e-04,0.00084,0.999106666666667,0.711830464747041,0,0,"3: Chr + Active NC (Free)","Left-skewed"
2075.5,5.33333333333333e-05,0.000104166091952438,0,2e-04,0.000826666666666667,0.99912,0.711830464747041,0,0,"3: Chr + Active NC (Free)","Left-skewed"
2076,5.33333333333333e-05,0.000104166091952438,0,2e-04,8e-04,0.999146666666667,0.711830464747041,0,0,"3: Chr + Active NC (Free)","Left-skewed"
2076.5,5.33333333333333e-05,0.000104166091952438,0,2e-04,0.000786666666666667,0.99916,0.711830464747041,0,0,"3: Chr + Active NC (Free)","Left-skewed"
2077,5.33333333333333e-05,0.000104166091952438,0,2e-04,0.000773333333333333,0.999173333333333,0.711830464747041,0,0,"3: Chr + Active NC (Free)","Left-skewed"
2077.5,5.33333333333333e-05,0.000104166091952438,0,2e-04,0.000766666666666667,0.99918,0.711830464747041,0,0,"3: Chr + Active NC (Free)","Left-skewed"
2078,5.33333333333333e-05,0.000104166091952438,0,2e-04,0.000753333333333333,0.999193333333333,0.711830464747041,0,0,"3: Chr + Active NC (Free)","Left-skewed"
2078.5,4.66666666666667e-05,8.60366134304153e-05,0,2e-04,0.000753333333333333,0.9992,0.706638984098908,0,0,"3: Chr + Active NC (Free)","Left-skewed"
2079,4.66666666666667e-05,8.60366134304153e-05,0,2e-04,0.000733333333333333,0.99922,0.706638984098908,0,0,"3: Chr + Active NC (Free)","Left-skewed"
2079.5,4.66666666666667e-05,8.60366134304153e-05,0,2e-04,0.000733333333333333,0.99922,0.706638984098908,0,0,"3: Chr + Active NC (Free)","Left-skewed"
1980,0.00479333333333333,0.000213239922077964,0.00458,0.005,0.31048,0.684726666666667,-0.506618318473103,0.00138888888888889,0,"4: Chr + Passive NC (Reg)","Left-skewed"
1980.5,0.00459333333333333,0.000259885032052747,0.0042,0.005,0.296473333333333,0.698933333333333,-0.491581325899026,0.00151515151515152,0,"4: Chr + Passive NC (Reg)","Left-skewed"
1981,0.00443333333333333,0.000336650164612069,0.00418,0.00482,0.283346666666667,0.71222,-0.47673295118831,0.00185185185185185,0,"4: Chr + Passive NC (Reg)","Left-skewed"
1981.5,0.00422666666666667,0.00034334393466503,0.004,0.00462,0.27056,0.725213333333333,-0.461665472911637,0.00208333333333333,0,"4: Chr + Passive NC (Reg)","Left-skewed"
1982,0.00408,0.00039514292481896,0.0036,0.0046,0.25838,0.73754,-0.441586428329046,0.0054250208855472,0,"4: Chr + Passive NC (Reg)","Left-skewed"
1982.5,0.00394,0.000461332403161643,0.0034,0.00442,0.246986666666667,0.749073333333333,-0.421997010394153,0.0103562378167641,0,"4: Chr + Passive NC (Reg)","Left-skewed"
1983,0.00376,0.000491022859219265,0.00318,0.0044,0.236273333333333,0.759966666666667,-0.405203216157876,0.0144637560083784,0,"4: Chr + Passive NC (Reg)","Left-skewed"
1983.5,0.00355333333333333,0.000456926262317458,0.003,0.00404,0.2256,0.770846666666667,-0.385627841603249,0.0167942807106894,0,"4: Chr + Passive NC (Reg)","Left-skewed"
1984,0.00340666666666667,0.000496840592859162,0.0028,0.004,0.21542,0.781173333333333,-0.3760265820364,0.0150904426097925,0,"4: Chr + Passive NC (Reg)","Left-skewed"
1984.5,0.00326666666666667,0.000541602560309064,0.0026,0.00382,0.206206666666667,0.790526666666667,-0.348789567664146,0.0176416122004357,0,"4: Chr + Passive NC (Reg)","Left-skewed"
1985,0.00309333333333333,0.000534940108367498,0.0024,0.0038,0.196786666666667,0.80012,-0.333568050850675,0.0186567238231325,0,"4: Chr + Passive NC (Reg)","Left-skewed"
1985.5,0.00292,0.000581555583372496,0.0022,0.0038,0.188166666666667,0.808913333333333,-0.328125796037654,0.0166680180844268,0,"4: Chr + Passive NC (Reg)","Left-skewed"
1986,0.00282,0.000554231372075872,0.002,0.00342,0.180213333333333,0.816966666666667,-0.317441785783136,0.0174334733893557,0,"4: Chr + Passive NC (Reg)","Left-skewed"
1986.5,0.00272,0.000562261443666986,0.0018,0.0034,0.172173333333333,0.825106666666667,-0.302121252386933,0.017914242620125,0,"4: Chr + Passive NC (Reg)","Left-skewed"
1987,0.00258666666666667,0.000540582912287719,0.0018,0.0032,0.164513333333333,0.8329,-0.2983077465863,0.0164178876678877,0,"4: Chr + Passive NC (Reg)","Left-skewed"
1987.5,0.00246666666666667,0.000501950219631893,0.0018,0.003,0.157113333333333,0.84042,-0.288346469331159,0.0143345543345543,0,"4: Chr + Passive NC (Reg)","Left-skewed"
1988,0.00234,0.000478935601458931,0.00178,0.003,0.15016,0.8475,-0.276700244845124,0.0193125393125393,0,"4: Chr + Passive NC (Reg)","Left-skewed"
1988.5,0.00224,0.000482522109552398,0.0016,0.0028,0.143453333333333,0.854306666666667,-0.273601270785544,0.01995744995745,0,"4: Chr + Passive NC (Reg)","Left-skewed"
1989,0.00215333333333333,0.000494614676451194,0.00158,0.0028,0.137046666666667,0.8608,-0.274213633627717,0.0173901098901099,0,"4: Chr + Passive NC (Reg)","Left-skewed"
1989.5,0.00205333333333333,0.000514435300267118,0.00138,0.0026,0.130933333333333,0.867013333333333,-0.260771748535969,0.0177869352869353,0,"4: Chr + Passive NC (Reg)","Left-skewed"
1990,0.00189333333333333,0.000486318565475797,0.0012,0.0024,0.125046666666667,0.87306,-0.245007399123682,0.0195758870758871,0,"4: Chr + Passive NC (Reg)","Left-skewed"
1990.5,0.00181333333333333,0.000454656621724748,0.0012,0.0024,0.119346666666667,0.87884,-0.239319172868922,0.0154092204092204,0,"4: Chr + Passive NC (Reg)","Left-skewed"
1991,0.00173333333333333,0.000452832718853627,0.0012,0.0022,0.114126666666667,0.88414,-0.223536359973661,0.0154092204092204,0,"4: Chr + Passive NC (Reg)","Left-skewed"
1991.5,0.00162,0.000418041410256993,0.00116,0.0022,0.108906666666667,0.889473333333333,-0.206988687384907,0.0170117845117845,0,"4: Chr + Passive NC (Reg)","Left-skewed"
1992,0.00156666666666667,0.000396826491514637,0.00116,0.00202,0.103826666666667,0.894606666666667,-0.189618799485317,0.0172643097643098,0,"4: Chr + Passive NC (Reg)","Left-skewed"
1992.5,0.0015,0.000409372943532608,0.00098,0.002,0.0988666666666667,0.899633333333333,-0.174012676021028,0.0176346801346801,0,"4: Chr + Passive NC (Reg)","Left-skewed"
1993,0.00142,0.000390755236909774,8e-04,0.00182,0.0945,0.90408,-0.154198805006715,0.0189959114959115,0,"4: Chr + Passive NC (Reg)","Left-skewed"
1993.5,0.00132666666666667,0.000384109658671918,8e-04,0.0018,0.0904,0.908273333333333,-0.14773356879242,0.0160858585858586,0,"4: Chr + Passive NC (Reg)","Left-skewed"
1994,0.00126,0.000368220323850479,0.00078,0.00162,0.0862466666666667,0.912493333333333,-0.139552106414432,0.0175,0,"4: Chr + Passive NC (Reg)","Left-skewed"
1994.5,0.00123333333333333,0.000364202798123408,0.00078,0.00162,0.0820266666666667,0.91674,-0.126834712434909,0.0180952380952381,0,"4: Chr + Passive NC (Reg)","Left-skewed"
1995,0.00117333333333333,0.00040593301072394,0.00078,0.00162,0.0781333333333333,0.920693333333333,-0.120647721006299,0.0197619047619048,0,"4: Chr + Passive NC (Reg)","Left-skewed"
1995.5,0.00112,0.000412226921103849,6e-04,0.00162,0.07482,0.92406,-0.102028704339777,0.0201322751322751,0,"4: Chr + Passive NC (Reg)","Left-skewed"
1996,0.00106666666666667,0.000401147778542877,6e-04,0.00162,0.07134,0.927593333333333,-0.106354116980703,0.0205026455026455,0,"4: Chr + Passive NC (Reg)","Left-skewed"
1996.5,0.00100666666666667,0.000418481106839495,0.00058,0.00162,0.06804,0.930953333333333,-0.0819745950981932,0.0212962962962963,0,"4: Chr + Passive NC (Reg)","Left-skewed"
1997,0.000953333333333333,0.000388394869575595,0.00058,0.0014,0.0648066666666667,0.93424,-0.0701339992823357,0.0223544973544974,0,"4: Chr + Passive NC (Reg)","Left-skewed"
1997.5,0.000893333333333333,0.000335213090573674,4e-04,0.0014,0.0617933333333333,0.937313333333333,-0.0538730621420102,0.0242063492063492,0,"4: Chr + Passive NC (Reg)","Left-skewed"
1998,0.000853333333333333,0.000310431660904544,4e-04,0.0012,0.05896,0.940186666666667,-0.0499397861376188,0.025,0,"4: Chr + Passive NC (Reg)","Left-skewed"
1998.5,0.000826666666666667,0.000305053226936494,4e-04,0.0012,0.0562866666666667,0.942886666666667,-0.0531187890856353,0.025,0,"4: Chr + Passive NC (Reg)","Left-skewed"
1999,0.00082,0.000312277507001882,4e-04,0.0012,0.05376,0.94542,-0.0481718763720302,0.025,0,"4: Chr + Passive NC (Reg)","Left-skewed"
1999.5,0.000793333333333333,0.000308425739492684,4e-04,0.0012,0.0511266666666667,0.94808,-0.0359656819045603,0.0261111111111111,0,"4: Chr + Passive NC (Reg)","Left-skewed"
2000,0.000753333333333333,0.000330864419918214,0.00038,0.0012,0.04886,0.950386666666667,-0.0443278526533851,0.0261111111111111,0,"4: Chr + Passive NC (Reg)","Left-skewed"
2000.5,7e-04,0.000318401178303139,0.00038,0.0012,0.0466,0.9527,-0.0100364974124925,0.03,0,"4: Chr + Passive NC (Reg)","Left-skewed"
2001,0.000666666666666667,0.000312203882691769,0.00038,0.001,0.0444266666666667,0.954906666666667,0.0378629951261492,0.0321428571428571,0,"4: Chr + Passive NC (Reg)","Left-skewed"
2001.5,0.00066,0.000311392866394494,0.00038,0.001,0.0424533333333333,0.956886666666667,0.0442255666461772,0.0321428571428571,0,"4: Chr + Passive NC (Reg)","Left-skewed"
2002,0.00062,0.000303315017762062,2e-04,0.001,0.0405466666666667,0.958833333333333,0.0767906938773428,0.0333333333333333,0,"4: Chr + Passive NC (Reg)","Left-skewed"
2002.5,0.000593333333333333,0.000308425739492684,0.00018,0.001,0.03888,0.960526666666667,0.110269553122745,0.0271604938271605,0,"4: Chr + Passive NC (Reg)","Left-skewed"
2003,0.000573333333333333,0.000305053226936494,0.00018,0.001,0.03708,0.962346666666667,0.126279522372615,0.0271604938271605,0,"4: Chr + Passive NC (Reg)","Left-skewed"
2003.5,0.000533333333333333,0.000307754193599634,0.00018,0.001,0.0353866666666667,0.96408,0.126503271362885,0.0271604938271605,0,"4: Chr + Passive NC (Reg)","Left-skewed"
2004,0.000513333333333333,0.000304827066104513,0.00018,0.001,0.03382,0.965666666666667,0.11715150137315,0.0271604938271605,0,"4: Chr + Passive NC (Reg)","Left-skewed"
2004.5,5e-04,0.000300574163204702,0.00018,0.001,0.0321866666666667,0.967313333333333,0.112102118257183,0.0271604938271605,0,"4: Chr + Passive NC (Reg)","Left-skewed"
2005,0.000486666666666667,0.000309318866090545,0.00018,0.001,0.03064,0.968873333333333,0.11328675212493,0.0271604938271605,0,"4: Chr + Passive NC (Reg)","Left-skewed"
2005.5,0.000466666666666667,0.000316591037550767,0.00018,0.001,0.0291933333333333,0.97034,0.153206723381913,0.0333333333333333,0,"4: Chr + Passive NC (Reg)","Left-skewed"
2006,0.000453333333333333,0.000327722899490674,0,0.001,0.0277933333333333,0.971753333333333,0.187119263998834,0.0346153846153846,0,"4: Chr + Passive NC (Reg)","Left-skewed"
2006.5,0.000433333333333333,0.000344747117047617,0,0.001,0.0264533333333333,0.973113333333333,0.255010247180898,0.0375,0,"4: Chr + Passive NC (Reg)","Left-skewed"
2007,0.000426666666666667,0.000347337988364244,0,0.001,0.0253066666666667,0.974266666666667,0.266263283805443,0.0166666666666667,0,"4: Chr + Passive NC (Reg)","Left-skewed"
2007.5,0.000426666666666667,0.000347337988364244,0,0.001,0.0241466666666667,0.975426666666667,0.266341895583499,0.0166666666666667,0,"4: Chr + Passive NC (Reg)","Left-skewed"
2008,0.000426666666666667,0.000347337988364244,0,0.001,0.0229933333333333,0.97658,0.270012209247298,0.0166666666666667,0,"4: Chr + Passive NC (Reg)","Left-skewed"
2008.5,0.00042,0.000337740973998183,0,0.00082,0.0220866666666667,0.977493333333333,0.272447027763265,0.01875,0,"4: Chr + Passive NC (Reg)","Left-skewed"
2009,0.00038,0.000341800506446226,0,0.00082,0.0211466666666667,0.978473333333333,0.300473663830051,0.0195652173913043,0,"4: Chr + Passive NC (Reg)","Left-skewed"
2009.5,0.000366666666666667,0.000328353608102641,0,0.00082,0.02026,0.979373333333333,0.294370837417687,0.0195652173913043,0,"4: Chr + Passive NC (Reg)","Left-skewed"
2010,0.00034,0.000315791288561028,0,0.00082,0.0193933333333333,0.980266666666667,0.302157343938073,0.0195652173913043,0,"4: Chr + Passive NC (Reg)","Left-skewed"
2010.5,0.00034,0.000315791288561028,0,0.00082,0.01862,0.98104,0.302231609134791,0.0195652173913043,0,"4: Chr + Passive NC (Reg)","Left-skewed"
2011,0.00034,0.000315791288561028,0,0.00082,0.01768,0.98198,0.3065595386619,0.0195652173913043,0,"4: Chr + Passive NC (Reg)","Left-skewed"
2011.5,0.000333333333333333,0.000307754193599634,0,0.00082,0.01692,0.982746666666667,0.308187356595174,0.0231884057971014,0,"4: Chr + Passive NC (Reg)","Left-skewed"
2012,0.00032,0.000299885035443182,0,8e-04,0.0161666666666667,0.983513333333333,0.305598337843445,0.0242424242424242,0,"4: Chr + Passive NC (Reg)","Left-skewed"
2012.5,0.00032,0.000299885035443182,0,8e-04,0.01546,0.98422,0.305702963935169,0.0242424242424242,0,"4: Chr + Passive NC (Reg)","Left-skewed"
2013,0.000313333333333333,0.000300268079456059,0,8e-04,0.0147466666666667,0.98494,0.326278267122431,0.0242424242424242,0,"4: Chr + Passive NC (Reg)","Left-skewed"
2013.5,0.000293333333333333,0.000271564221569745,0,0.00062,0.01408,0.985626666666667,0.332763419054212,0.0242424242424242,0,"4: Chr + Passive NC (Reg)","Left-skewed"
2014,0.000293333333333333,0.000271564221569745,0,0.00062,0.01356,0.986146666666667,0.338691945571903,0.0242424242424242,0,"4: Chr + Passive NC (Reg)","Left-skewed"
2014.5,0.000293333333333333,0.000271564221569745,0,0.00062,0.0129533333333333,0.986753333333333,0.338774132342274,0.0242424242424242,0,"4: Chr + Passive NC (Reg)","Left-skewed"
2015,0.000266666666666667,0.000269524911948635,0,0.00062,0.01236,0.987373333333333,0.321952093558968,0.0253968253968254,0,"4: Chr + Passive NC (Reg)","Left-skewed"
2015.5,0.000253333333333333,0.000277592275224596,0,0.00062,0.0118466666666667,0.9879,0.309056612054227,0.0280701754385965,0,"4: Chr + Passive NC (Reg)","Left-skewed"
2016,0.000253333333333333,0.000277592275224596,0,0.00062,0.01132,0.988426666666667,0.308986973509513,0.0280701754385965,0,"4: Chr + Passive NC (Reg)","Left-skewed"
2016.5,0.000246666666666667,0.000281294217469199,0,0.00062,0.01086,0.988893333333333,0.364935648616878,0.0296296296296296,0,"4: Chr + Passive NC (Reg)","Left-skewed"
2017,0.00024,0.000264705431597543,0,0.00062,0.0103333333333333,0.989426666666667,0.368465942518368,0.0324074074074074,0,"4: Chr + Passive NC (Reg)","Left-skewed"
2017.5,0.000233333333333333,0.000257753334816827,0,0.00062,0.00986,0.989906666666667,0.36217900110109,0.0416666666666667,0,"4: Chr + Passive NC (Reg)","Left-skewed"
2018,0.000226666666666667,0.000261208508776937,0,0.00062,0.0094,0.990373333333333,0.377942088438892,0.0441176470588235,0,"4: Chr + Passive NC (Reg)","Left-skewed"
2018.5,0.000213333333333333,0.000267470054183749,0,0.00062,0.00898,0.990806666666667,0.381140727186951,0.05,0,"4: Chr + Passive NC (Reg)","Left-skewed"
2019,0.000213333333333333,0.000267470054183749,0,0.00062,0.00862666666666667,0.99116,0.381188291839108,0.05,0,"4: Chr + Passive NC (Reg)","Left-skewed"
2019.5,0.000206666666666667,0.000259885032052747,0,0.000440000000000001,0.00823333333333333,0.99156,0.355715321266203,0.05,0,"4: Chr + Passive NC (Reg)","Left-skewed"
2020,0.000206666666666667,0.000259885032052747,0,0.000440000000000001,0.00788666666666667,0.991906666666667,0.355761469680842,0.05,0,"4: Chr + Passive NC (Reg)","Left-skewed"
2020.5,0.000206666666666667,0.000259885032052747,0,0.000440000000000001,0.00743333333333333,0.99236,0.355806925869262,0.05,0,"4: Chr + Passive NC (Reg)","Left-skewed"
2021,0.000193333333333333,0.000254522315712006,0,0.000440000000000001,0.00712,0.992686666666667,0.397389053750863,0.05,0,"4: Chr + Passive NC (Reg)","Left-skewed"
2021.5,0.000193333333333333,0.000254522315712006,0,0.000440000000000001,0.00678666666666667,0.99302,0.384472757584236,0.0333333333333333,0,"4: Chr + Passive NC (Reg)","Left-skewed"
2022,0.000193333333333333,0.000254522315712006,0,0.000440000000000001,0.0065,0.993306666666667,0.384516198773689,0.0333333333333333,0,"4: Chr + Passive NC (Reg)","Left-skewed"
2022.5,0.000186666666666667,0.000240306317929391,0,0.00042,0.00621333333333333,0.9936,0.401446082886665,0.0333333333333333,0,"4: Chr + Passive NC (Reg)","Left-skewed"
2023,0.00018,0.000236934444592767,0,0.00042,0.00593333333333333,0.993886666666667,0.405814199162925,0.0333333333333333,0,"4: Chr + Passive NC (Reg)","Left-skewed"
2023.5,0.000166666666666667,0.000229442101979823,0,0.00042,0.00567333333333333,0.99416,0.427341417904935,0.0333333333333333,0,"4: Chr + Passive NC (Reg)","Left-skewed"
2024,0.000166666666666667,0.000229442101979823,0,0.00042,0.00542,0.994413333333333,0.42738231068437,0.0333333333333333,0,"4: Chr + Passive NC (Reg)","Left-skewed"
2024.5,0.00016,0.00021270020994429,0,0.00042,0.00522,0.99462,0.431024569185783,0.0333333333333333,0,"4: Chr + Passive NC (Reg)","Left-skewed"
2025,0.00016,0.00021270020994429,0,0.00042,0.00498,0.99486,0.43106424438271,0.0333333333333333,0,"4: Chr + Passive NC (Reg)","Left-skewed"
2025.5,0.000146666666666667,0.000209652147588585,0,0.00042,0.00481333333333333,0.99504,0.483274262990146,0.0357142857142857,0,"4: Chr + Passive NC (Reg)","Left-skewed"
2026,0.000146666666666667,0.000209652147588585,0,0.00042,0.00463333333333333,0.99522,0.48331550642008,0.0357142857142857,0,"4: Chr + Passive NC (Reg)","Left-skewed"
2026.5,0.00014,0.000190462232657725,0,0.00042,0.00447333333333333,0.995386666666667,0.485400391662123,0.0357142857142857,0,"4: Chr + Passive NC (Reg)","Left-skewed"
2027,0.000133333333333333,0.000184453214950966,0,0.000240000000000001,0.00428666666666667,0.99558,0.496521984461928,0.0714285714285714,0,"4: Chr + Passive NC (Reg)","Left-skewed"
2027.5,0.000126666666666667,0.000170057461553103,0,0.00022,0.00410666666666667,0.995766666666667,0.505240843139113,0.0714285714285714,0,"4: Chr + Passive NC (Reg)","Left-skewed"
2028,0.000126666666666667,0.000170057461553103,0,0.00022,0.00388666666666667,0.995986666666667,0.505252818046393,0.0714285714285714,0,"4: Chr + Passive NC (Reg)","Left-skewed"
2028.5,0.000126666666666667,0.000170057461553103,0,0.00022,0.00369333333333333,0.99618,0.506215131768396,0.0714285714285714,0,"4: Chr + Passive NC (Reg)","Left-skewed"
2029,0.000126666666666667,0.000170057461553103,0,0.00022,0.00352666666666667,0.996346666666667,0.506207620903091,0.0714285714285714,0,"4: Chr + Passive NC (Reg)","Left-skewed"
2029.5,0.00012,0.000171001109090979,0,0.00022,0.00341333333333333,0.996466666666667,0.521071380631234,0.0769230769230769,0,"4: Chr + Passive NC (Reg)","Left-skewed"
2030,0.000113333333333333,0.000171671967332515,0,0.00022,0.00330666666666667,0.99658,0.486102227416619,0.0833333333333333,0,"4: Chr + Passive NC (Reg)","Left-skewed"
2030.5,0.000106666666666667,0.000155215830452272,0,0.00022,0.00319333333333333,0.9967,0.486841477262875,0.0833333333333333,0,"4: Chr + Passive NC (Reg)","Left-skewed"
2031,0.000106666666666667,0.000155215830452272,0,0.00022,0.00308666666666667,0.996806666666667,0.486841477262875,0.0833333333333333,0,"4: Chr + Passive NC (Reg)","Left-skewed"
2031.5,0.000106666666666667,0.000155215830452272,0,0.00022,0.00300666666666667,0.996886666666667,0.486841477262875,0.0833333333333333,0,"4: Chr + Passive NC (Reg)","Left-skewed"
2032,0.000106666666666667,0.000155215830452272,0,0.00022,0.00286666666666667,0.997026666666667,0.486841477262875,0.0833333333333333,0,"4: Chr + Passive NC (Reg)","Left-skewed"
2032.5,0.000106666666666667,0.000155215830452272,0,0.00022,0.00277333333333333,0.99712,0.486841477262875,0.0833333333333333,0,"4: Chr + Passive NC (Reg)","Left-skewed"
2033,0.000106666666666667,0.000155215830452272,0,0.00022,0.0027,0.997193333333333,0.477833153228795,0.0833333333333333,0,"4: Chr + Passive NC (Reg)","Left-skewed"
2033.5,1e-04,0.000155363866566466,0,0.00022,0.00261333333333333,0.997286666666667,0.51052960091019,0.0909090909090909,0,"4: Chr + Passive NC (Reg)","Left-skewed"
2034,9.33333333333333e-05,0.000155215830452272,0,0.00022,0.00249333333333333,0.997413333333333,0.535153180807073,0.1,0,"4: Chr + Passive NC (Reg)","Left-skewed"
2034.5,8.66666666666667e-05,0.000145586408358921,0,2e-04,0.00238,0.997533333333333,0.533183760187397,0.1,0,"4: Chr + Passive NC (Reg)","Left-skewed"
2035,8.66666666666667e-05,0.000145586408358921,0,2e-04,0.00228666666666667,0.997626666666667,0.533183760187397,0.1,0,"4: Chr + Passive NC (Reg)","Left-skewed"
2035.5,8.66666666666667e-05,0.000145586408358921,0,2e-04,0.00217333333333333,0.99774,0.53667485893835,0.1,0,"4: Chr + Passive NC (Reg)","Left-skewed"
2036,8.66666666666667e-05,0.000145586408358921,0,2e-04,0.00208666666666667,0.997826666666667,0.53667485893835,0.1,0,"4: Chr + Passive NC (Reg)","Left-skewed"
2036.5,8.66666666666667e-05,0.000145586408358921,0,2e-04,0.00202666666666667,0.997886666666667,0.546095532323422,0.1,0,"4: Chr + Passive NC (Reg)","Left-skewed"
2037,8e-05,0.000144794741760118,0,2e-04,0.00196,0.99796,0.513985716931089,0.111111111111111,0,"4: Chr + Passive NC (Reg)","Left-skewed"
2037.5,8e-05,0.000144794741760118,0,2e-04,0.00184,0.99808,0.513985716931089,0.111111111111111,0,"4: Chr + Passive NC (Reg)","Left-skewed"
2038,8e-05,0.000144794741760118,0,2e-04,0.00174666666666667,0.998173333333333,0.513985716931089,0.111111111111111,0,"4: Chr + Passive NC (Reg)","Left-skewed"
2038.5,8e-05,0.000144794741760118,0,2e-04,0.00166,0.99826,0.513985716931089,0.111111111111111,0,"4: Chr + Passive NC (Reg)","Left-skewed"
2039,8e-05,0.000144794741760118,0,2e-04,0.0016,0.99832,0.513985716931089,0.111111111111111,0,"4: Chr + Passive NC (Reg)","Left-skewed"
2039.5,8e-05,0.000144794741760118,0,2e-04,0.00156,0.99836,0.474591910051659,0,0,"4: Chr + Passive NC (Reg)","Left-skewed"
2040,7.33333333333333e-05,0.000143679080456828,0,2e-04,0.00149333333333333,0.998433333333333,0.521307368258634,0,0,"4: Chr + Passive NC (Reg)","Left-skewed"
2040.5,7.33333333333333e-05,0.000143679080456828,0,2e-04,0.00143333333333333,0.998493333333333,0.521307368258634,0,0,"4: Chr + Passive NC (Reg)","Left-skewed"
2041,7.33333333333333e-05,0.000143679080456828,0,2e-04,0.00138666666666667,0.99854,0.521307368258634,0,0,"4: Chr + Passive NC (Reg)","Left-skewed"
2041.5,7.33333333333333e-05,0.000143679080456828,0,2e-04,0.00134666666666667,0.99858,0.555591751293811,0,0,"4: Chr + Passive NC (Reg)","Left-skewed"
2042,7.33333333333333e-05,0.000143679080456828,0,2e-04,0.00129333333333333,0.998633333333333,0.555591751293811,0,0,"4: Chr + Passive NC (Reg)","Left-skewed"
2042.5,7.33333333333333e-05,0.000143679080456828,0,2e-04,0.00122666666666667,0.9987,0.555591751293811,0,0,"4: Chr + Passive NC (Reg)","Left-skewed"
2043,7.33333333333333e-05,0.000143679080456828,0,2e-04,0.0012,0.998726666666667,0.555591751293811,0,0,"4: Chr + Passive NC (Reg)","Left-skewed"
2043.5,7.33333333333333e-05,0.000143679080456828,0,2e-04,0.00116666666666667,0.99876,0.56269933538892,0,0,"4: Chr + Passive NC (Reg)","Left-skewed"
2044,7.33333333333333e-05,0.000143679080456828,0,2e-04,0.00112,0.998806666666667,0.56269933538892,0,0,"4: Chr + Passive NC (Reg)","Left-skewed"
2044.5,7.33333333333333e-05,0.000143679080456828,0,2e-04,0.00106,0.998866666666667,0.562976089219132,0,0,"4: Chr + Passive NC (Reg)","Left-skewed"
2045,7.33333333333333e-05,0.000143679080456828,0,2e-04,0.00102,0.998906666666667,0.562976089219132,0,0,"4: Chr + Passive NC (Reg)","Left-skewed"
2045.5,7.33333333333333e-05,0.000143679080456828,0,2e-04,0.000986666666666667,0.99894,0.562976089219132,0,0,"4: Chr + Passive NC (Reg)","Left-skewed"
2046,7.33333333333333e-05,0.000143679080456828,0,2e-04,0.000946666666666667,0.99898,0.562976089219132,0,0,"4: Chr + Passive NC (Reg)","Left-skewed"
2046.5,7.33333333333333e-05,0.000143679080456828,0,2e-04,9e-04,0.999026666666667,0.562976089219132,0,0,"4: Chr + Passive NC (Reg)","Left-skewed"
2047,7.33333333333333e-05,0.000143679080456828,0,2e-04,0.000866666666666667,0.99906,0.562976089219132,0,0,"4: Chr + Passive NC (Reg)","Left-skewed"
2047.5,7.33333333333333e-05,0.000143679080456828,0,2e-04,0.00084,0.999086666666667,0.562976089219132,0,0,"4: Chr + Passive NC (Reg)","Left-skewed"
2048,7.33333333333333e-05,0.000143679080456828,0,2e-04,0.00082,0.999106666666667,0.562976089219132,0,0,"4: Chr + Passive NC (Reg)","Left-skewed"
2048.5,7.33333333333333e-05,0.000143679080456828,0,2e-04,8e-04,0.999126666666667,0.562976089219132,0,0,"4: Chr + Passive NC (Reg)","Left-skewed"
2049,7.33333333333333e-05,0.000143679080456828,0,2e-04,0.000766666666666667,0.99916,0.562976089219132,0,0,"4: Chr + Passive NC (Reg)","Left-skewed"
2049.5,7.33333333333333e-05,0.000143679080456828,0,2e-04,0.000746666666666667,0.99918,0.562976089219132,0,0,"4: Chr + Passive NC (Reg)","Left-skewed"
2050,7.33333333333333e-05,0.000143679080456828,0,2e-04,0.00072,0.999206666666667,0.562976089219132,0,0,"4: Chr + Passive NC (Reg)","Left-skewed"
2050.5,7.33333333333333e-05,0.000143679080456828,0,2e-04,7e-04,0.999226666666667,0.562976089219132,0,0,"4: Chr + Passive NC (Reg)","Left-skewed"
2051,6.66666666666667e-05,0.000142231800443752,0,2e-04,0.00068,0.999253333333333,0.626579988258459,0,0,"4: Chr + Passive NC (Reg)","Left-skewed"
2051.5,6.66666666666667e-05,0.000142231800443752,0,2e-04,0.000673333333333333,0.99926,0.626579988258459,0,0,"4: Chr + Passive NC (Reg)","Left-skewed"
2052,6.66666666666667e-05,0.000142231800443752,0,2e-04,0.000653333333333333,0.99928,0.626579988258459,0,0,"4: Chr + Passive NC (Reg)","Left-skewed"
2052.5,5.33333333333333e-05,0.000116658456197135,0,2e-04,0.000646666666666667,0.9993,0.580394871336762,0,0,"4: Chr + Passive NC (Reg)","Left-skewed"
2053,5.33333333333333e-05,0.000116658456197135,0,2e-04,0.00062,0.999326666666667,0.580394871336762,0,0,"4: Chr + Passive NC (Reg)","Left-skewed"
2053.5,4.66666666666667e-05,0.000100801386598746,0,2e-04,0.000606666666666667,0.999346666666667,0.622992526637788,0,0,"4: Chr + Passive NC (Reg)","Left-skewed"
2054,4.66666666666667e-05,0.000100801386598746,0,2e-04,0.000593333333333333,0.99936,0.622992526637788,0,0,"4: Chr + Passive NC (Reg)","Left-skewed"
2054.5,4e-05,9.68468396223004e-05,0,2e-04,0.000593333333333333,0.999366666666667,0.604701309787,0,0,"4: Chr + Passive NC (Reg)","Left-skewed"
2055,4e-05,9.68468396223004e-05,0,2e-04,0.00058,0.99938,0.604701309787,0,0,"4: Chr + Passive NC (Reg)","Left-skewed"
2055.5,4e-05,9.68468396223004e-05,0,2e-04,0.000566666666666667,0.999393333333333,0.604701309787,0,0,"4: Chr + Passive NC (Reg)","Left-skewed"
2056,3.33333333333333e-05,7.58098043578903e-05,0,2e-04,0.000566666666666667,0.9994,0.612094428653676,0,0,"4: Chr + Passive NC (Reg)","Left-skewed"
2056.5,3.33333333333333e-05,7.58098043578903e-05,0,2e-04,0.00056,0.999406666666667,0.612094428653676,0,0,"4: Chr + Passive NC (Reg)","Left-skewed"
2057,3.33333333333333e-05,7.58098043578903e-05,0,2e-04,0.000546666666666667,0.99942,0.612094428653676,0,0,"4: Chr + Passive NC (Reg)","Left-skewed"
2057.5,3.33333333333333e-05,7.58098043578903e-05,0,2e-04,0.00054,0.999426666666667,0.612094428653676,0,0,"4: Chr + Passive NC (Reg)","Left-skewed"
2058,3.33333333333333e-05,7.58098043578903e-05,0,2e-04,0.000533333333333333,0.999433333333333,0.612094428653676,0,0,"4: Chr + Passive NC (Reg)","Left-skewed"
2058.5,3.33333333333333e-05,7.58098043578903e-05,0,2e-04,0.000533333333333333,0.999433333333333,0.612094428653676,0,0,"4: Chr + Passive NC (Reg)","Left-skewed"
2059,3.33333333333333e-05,7.58098043578903e-05,0,2e-04,0.00052,0.999446666666667,0.612094428653676,0,0,"4: Chr + Passive NC (Reg)","Left-skewed"
2059.5,3.33333333333333e-05,7.58098043578903e-05,0,2e-04,0.000493333333333333,0.999473333333333,0.612094428653676,0,0,"4: Chr + Passive NC (Reg)","Left-skewed"
2060,3.33333333333333e-05,7.58098043578903e-05,0,2e-04,0.00048,0.999486666666667,0.612094428653676,0,0,"4: Chr + Passive NC (Reg)","Left-skewed"
2060.5,3.33333333333333e-05,7.58098043578903e-05,0,2e-04,0.000473333333333333,0.999493333333333,0.612094428653676,0,0,"4: Chr + Passive NC (Reg)","Left-skewed"
2061,3.33333333333333e-05,7.58098043578903e-05,0,2e-04,0.00046,0.999506666666667,0.612094428653676,0,0,"4: Chr + Passive NC (Reg)","Left-skewed"
2061.5,3.33333333333333e-05,7.58098043578903e-05,0,2e-04,0.000453333333333333,0.999513333333333,0.612094428653676,0,0,"4: Chr + Passive NC (Reg)","Left-skewed"
2062,3.33333333333333e-05,7.58098043578903e-05,0,2e-04,0.000446666666666667,0.99952,0.612094428653676,0,0,"4: Chr + Passive NC (Reg)","Left-skewed"
2062.5,3.33333333333333e-05,7.58098043578903e-05,0,2e-04,0.00044,0.999526666666667,0.612094428653676,0,0,"4: Chr + Passive NC (Reg)","Left-skewed"
2063,3.33333333333333e-05,7.58098043578903e-05,0,2e-04,0.00044,0.999526666666667,0.612094428653676,0,0,"4: Chr + Passive NC (Reg)","Left-skewed"
2063.5,3.33333333333333e-05,7.58098043578903e-05,0,2e-04,0.000426666666666667,0.99954,0.612094428653676,0,0,"4: Chr + Passive NC (Reg)","Left-skewed"
2064,3.33333333333333e-05,7.58098043578903e-05,0,2e-04,0.000413333333333333,0.999553333333333,0.612094428653676,0,0,"4: Chr + Passive NC (Reg)","Left-skewed"
2064.5,3.33333333333333e-05,7.58098043578903e-05,0,2e-04,0.000406666666666667,0.99956,0.612094428653676,0,0,"4: Chr + Passive NC (Reg)","Left-skewed"
2065,3.33333333333333e-05,7.58098043578903e-05,0,2e-04,0.00038,0.999586666666667,0.612094428653676,0,0,"4: Chr + Passive NC (Reg)","Left-skewed"
2065.5,3.33333333333333e-05,7.58098043578903e-05,0,2e-04,0.000373333333333333,0.999593333333333,0.612094428653676,0,0,"4: Chr + Passive NC (Reg)","Left-skewed"
2066,3.33333333333333e-05,7.58098043578903e-05,0,2e-04,0.00036,0.999606666666667,0.612094428653676,0,0,"4: Chr + Passive NC (Reg)","Left-skewed"
2066.5,3.33333333333333e-05,7.58098043578903e-05,0,2e-04,0.000353333333333333,0.999613333333333,0.612094428653676,0,0,"4: Chr + Passive NC (Reg)","Left-skewed"
2067,3.33333333333333e-05,7.58098043578903e-05,0,2e-04,0.000346666666666667,0.99962,0.612094428653676,0,0,"4: Chr + Passive NC (Reg)","Left-skewed"
2067.5,3.33333333333333e-05,7.58098043578903e-05,0,2e-04,0.000346666666666667,0.99962,0.612094428653676,0,0,"4: Chr + Passive NC (Reg)","Left-skewed"
2068,3.33333333333333e-05,7.58098043578903e-05,0,2e-04,0.000346666666666667,0.99962,0.612094428653676,0,0,"4: Chr + Passive NC (Reg)","Left-skewed"
2068.5,3.33333333333333e-05,7.58098043578903e-05,0,2e-04,0.00034,0.999626666666667,0.612094428653676,0,0,"4: Chr + Passive NC (Reg)","Left-skewed"
2069,3.33333333333333e-05,7.58098043578903e-05,0,2e-04,0.00034,0.999626666666667,0.612094428653676,0,0,"4: Chr + Passive NC (Reg)","Left-skewed"
2069.5,3.33333333333333e-05,7.58098043578903e-05,0,2e-04,0.00034,0.999626666666667,0.612094428653676,0,0,"4: Chr + Passive NC (Reg)","Left-skewed"
2070,3.33333333333333e-05,7.58098043578903e-05,0,2e-04,0.000326666666666667,0.99964,0.612094428653676,0,0,"4: Chr + Passive NC (Reg)","Left-skewed"
2070.5,3.33333333333333e-05,7.58098043578903e-05,0,2e-04,0.000326666666666667,0.99964,0.612094428653676,0,0,"4: Chr + Passive NC (Reg)","Left-skewed"
2071,2.66666666666667e-05,6.9149180728352e-05,0,2e-04,0.00032,0.999653333333333,0.530728985228598,0,0,"4: Chr + Passive NC (Reg)","Left-skewed"
2071.5,2.66666666666667e-05,6.9149180728352e-05,0,2e-04,0.000306666666666667,0.999666666666667,0.530728985228598,0,0,"4: Chr + Passive NC (Reg)","Left-skewed"
2072,2.66666666666667e-05,6.9149180728352e-05,0,2e-04,0.000293333333333333,0.99968,0.530728985228598,0,0,"4: Chr + Passive NC (Reg)","Left-skewed"
2072.5,2.66666666666667e-05,6.9149180728352e-05,0,2e-04,0.000286666666666667,0.999686666666667,0.644765376490821,0,0,"4: Chr + Passive NC (Reg)","Left-skewed"
2073,2e-05,6.1025715325873e-05,0,2.00000000000003e-05,0.000273333333333333,0.999706666666667,0.576745950883261,0,0,"4: Chr + Passive NC (Reg)","Left-skewed"
2073.5,2e-05,6.1025715325873e-05,0,2.00000000000003e-05,0.000273333333333333,0.999706666666667,0.576745950883261,0,0,"4: Chr + Passive NC (Reg)","Left-skewed"
2074,2e-05,6.1025715325873e-05,0,2.00000000000003e-05,0.00026,0.99972,0.576745950883261,0,0,"4: Chr + Passive NC (Reg)","Left-skewed"
2074.5,2e-05,6.1025715325873e-05,0,2.00000000000003e-05,0.00024,0.99974,0.576745950883261,0,0,"4: Chr + Passive NC (Reg)","Left-skewed"
2075,2e-05,6.1025715325873e-05,0,2.00000000000003e-05,0.00024,0.99974,0.576745950883261,0,0,"4: Chr + Passive NC (Reg)","Left-skewed"
2075.5,2e-05,6.1025715325873e-05,0,2.00000000000003e-05,0.000226666666666667,0.999753333333333,0.576745950883261,0,0,"4: Chr + Passive NC (Reg)","Left-skewed"
2076,2e-05,6.1025715325873e-05,0,2.00000000000003e-05,0.000226666666666667,0.999753333333333,0.576745950883261,0,0,"4: Chr + Passive NC (Reg)","Left-skewed"
2076.5,2e-05,6.1025715325873e-05,0,2.00000000000003e-05,0.000226666666666667,0.999753333333333,0.576745950883261,0,0,"4: Chr + Passive NC (Reg)","Left-skewed"
2077,2e-05,6.1025715325873e-05,0,2.00000000000003e-05,0.000226666666666667,0.999753333333333,0.718929839219369,0,0,"4: Chr + Passive NC (Reg)","Left-skewed"
2077.5,2e-05,6.1025715325873e-05,0,2.00000000000003e-05,0.000226666666666667,0.999753333333333,0.718929839219369,0,0,"4: Chr + Passive NC (Reg)","Left-skewed"
2078,2e-05,6.1025715325873e-05,0,2.00000000000003e-05,0.000226666666666667,0.999753333333333,0.718929839219369,0,0,"4: Chr + Passive NC (Reg)","Left-skewed"
2078.5,2e-05,6.1025715325873e-05,0,2.00000000000003e-05,0.000226666666666667,0.999753333333333,0.718929839219369,0,0,"4: Chr + Passive NC (Reg)","Left-skewed"
2079,2e-05,6.1025715325873e-05,0,2.00000000000003e-05,0.00022,0.99976,0.718929839219369,0,0,"4: Chr + Passive NC (Reg)","Left-skewed"
2079.5,2e-05,6.1025715325873e-05,0,2.00000000000003e-05,0.00022,0.99976,0.718929839219369,0,0,"4: Chr + Passive NC (Reg)","Left-skewed"
1980,0.00476666666666667,0.000223349630559946,0.0044,0.005,0.310766666666667,0.684466666666667,-0.507088122616628,0.00133333333333333,0,"5: Chr + Active NC (Reg)","Left-skewed"
1980.5,0.00455333333333333,0.000266177712651987,0.0042,0.00482,0.297346666666667,0.6981,-0.48735216844791,0.00133333333333333,0,"5: Chr + Active NC (Reg)","Left-skewed"
1981,0.00434666666666667,0.000292118697336089,0.004,0.00462,0.28464,0.711013333333333,-0.469339595681437,0.00133333333333333,0,"5: Chr + Active NC (Reg)","Left-skewed"
1981.5,0.00414666666666667,0.000363634273766199,0.0038,0.0046,0.272386666666667,0.723466666666667,-0.45398452758242,0.0029040404040404,0,"5: Chr + Active NC (Reg)","Left-skewed"
1982,0.00391333333333333,0.000402349422108774,0.00358,0.0044,0.260493333333333,0.735593333333333,-0.438730220277151,0.00297619047619048,0,"5: Chr + Active NC (Reg)","Left-skewed"
1982.5,0.00372,0.000405479707387988,0.0032,0.0042,0.249206666666667,0.747073333333333,-0.425677927061211,0.00325396825396826,0,"5: Chr + Active NC (Reg)","Left-skewed"
1983,0.00354,0.000458332810866996,0.0028,0.0042,0.23862,0.75784,-0.405935489327422,0.00519353940406572,0,"5: Chr + Active NC (Reg)","Left-skewed"
1983.5,0.00336666666666667,0.000430183067152076,0.00278,0.004,0.228546666666667,0.768086666666667,-0.38960088448332,0.00558823529411765,0,"5: Chr + Active NC (Reg)","Left-skewed"
1984,0.00321333333333333,0.000352071048211161,0.00278,0.00362,0.218453333333333,0.778333333333333,-0.379513130601099,0.00404411764705882,0,"5: Chr + Active NC (Reg)","Left-skewed"
1984.5,0.00296666666666667,0.00034072269373053,0.0026,0.0034,0.209053333333333,0.78798,-0.36469955033906,0.00434173669467787,0,"5: Chr + Active NC (Reg)","Left-skewed"
1985,0.00278666666666667,0.000396304770680808,0.00238,0.0032,0.200426666666667,0.796786666666667,-0.35143404744612,0.00541666666666667,0,"5: Chr + Active NC (Reg)","Left-skewed"
1985.5,0.00264,0.00037655425033888,0.0022,0.003,0.19188,0.80548,-0.344132902229215,0.00571428571428571,0,"5: Chr + Active NC (Reg)","Left-skewed"
1986,0.00249333333333333,0.000416001768342837,0.002,0.003,0.183766666666667,0.81374,-0.332475978972177,0.00571428571428571,0,"5: Chr + Active NC (Reg)","Left-skewed"
1986.5,0.00239333333333333,0.000405082650854105,0.002,0.0028,0.175633333333333,0.821973333333333,-0.317231606077207,0.00809523809523809,0,"5: Chr + Active NC (Reg)","Left-skewed"
1987,0.00227333333333333,0.000437810645050506,0.0018,0.0028,0.168366666666667,0.82936,-0.300500124326801,0.00849206349206349,0,"5: Chr + Active NC (Reg)","Left-skewed"
1987.5,0.00215333333333333,0.000409148260231636,0.0016,0.00262,0.161206666666667,0.83664,-0.284669166140627,0.00944444444444444,0,"5: Chr + Active NC (Reg)","Left-skewed"
1988,0.00208,0.000408867232476636,0.0016,0.00262,0.154213333333333,0.843706666666667,-0.269902372954248,0.0102777777777778,0,"5: Chr + Active NC (Reg)","Left-skewed"
1988.5,0.00197333333333333,0.000366656217196975,0.0016,0.00242,0.147666666666667,0.85036,-0.251685410902493,0.010530303030303,0,"5: Chr + Active NC (Reg)","Left-skewed"
1989,0.00187333333333333,0.000358092006413814,0.0014,0.0024,0.141126666666667,0.857,-0.238789415742869,0.010530303030303,0,"5: Chr + Active NC (Reg)","Left-skewed"
1989.5,0.00178,0.000349778254879012,0.0014,0.0024,0.134773333333333,0.863446666666667,-0.222040735793021,0.0112037037037037,0,"5: Chr + Active NC (Reg)","Left-skewed"
1990,0.0017,0.00035911769274345,0.00138,0.00222,0.128826666666667,0.869473333333333,-0.219270868016883,0.0116666666666667,0,"5: Chr + Active NC (Reg)","Left-skewed"
1990.5,0.00163333333333333,0.000389812805059692,0.0012,0.00202,0.123306666666667,0.87506,-0.196713010668492,0.0122619047619048,0,"5: Chr + Active NC (Reg)","Left-skewed"
1991,0.00157333333333333,0.000366656217196975,0.00118,0.002,0.117846666666667,0.88058,-0.182488499257258,0.0164285714285714,0,"5: Chr + Active NC (Reg)","Left-skewed"
1991.5,0.0015,0.000351352068247889,0.00118,0.002,0.112566666666667,0.885933333333333,-0.164810133784209,0.0173941798941799,0,"5: Chr + Active NC (Reg)","Left-skewed"
1992,0.00142,0.000365211322859557,0.001,0.00182,0.107513333333333,0.891066666666667,-0.151450481465616,0.0181878306878307,0,"5: Chr + Active NC (Reg)","Left-skewed"
1992.5,0.00135333333333333,0.000330864419918214,0.001,0.0018,0.102473333333333,0.896173333333333,-0.13377978256764,0.0187830687830688,0,"5: Chr + Active NC (Reg)","Left-skewed"
1993,0.00127333333333333,0.00035030364496842,8e-04,0.00162,0.0980466666666667,0.90068,-0.110018328669905,0.0152777777777778,0,"5: Chr + Active NC (Reg)","Left-skewed"
1993.5,0.00120666666666667,0.000330029605080946,8e-04,0.00162,0.09394,0.904853333333333,-0.0870180468275482,0.0185185185185185,0,"5: Chr + Active NC (Reg)","Left-skewed"
1994,0.00114666666666667,0.000340114923106206,8e-04,0.00162,0.0895933333333333,0.90926,-0.0737663137727038,0.0185185185185185,0,"5: Chr + Active NC (Reg)","Left-skewed"
1994.5,0.00106,0.0003286335345031,0.00078,0.0016,0.08568,0.91326,-0.0571498335785581,0.0233333333333333,0,"5: Chr + Active NC (Reg)","Left-skewed"
1995,0.000993333333333333,0.000325823448419892,6e-04,0.00142,0.0819533333333333,0.917053333333333,-0.0468972780712069,0.0233333333333333,0,"5: Chr + Active NC (Reg)","Left-skewed"
1995.5,0.000953333333333333,0.000318112247954791,6e-04,0.0014,0.0782266666666667,0.92082,-0.0359964758710667,0.0245238095238095,0,"5: Chr + Active NC (Reg)","Left-skewed"
1996,0.000906666666666667,0.00031396610110596,6e-04,0.0014,0.07496,0.924133333333333,-0.0187450842173304,0.0245238095238095,0,"5: Chr + Active NC (Reg)","Left-skewed"
1996.5,0.00088,0.000308947043782699,0.00058,0.00122,0.0717533333333333,0.927366666666667,-0.0117072394756093,0.0261111111111111,0,"5: Chr + Active NC (Reg)","Left-skewed"
1997,0.000853333333333333,0.000301414290823517,4e-04,0.0012,0.0685733333333333,0.930573333333333,-0.00188163438560453,0.0277777777777778,0,"5: Chr + Active NC (Reg)","Left-skewed"
1997.5,0.000833333333333333,0.000297499154833147,4e-04,0.0012,0.06556,0.933606666666667,0.00560435725331262,0.0261111111111111,0,"5: Chr + Active NC (Reg)","Left-skewed"
1998,0.00078,0.00028454440293455,4e-04,0.00102,0.0626266666666667,0.936593333333333,0.030365990085929,0.0277777777777778,0,"5: Chr + Active NC (Reg)","Left-skewed"
1998.5,0.00074,0.000306931419948698,4e-04,0.00102,0.05992,0.93934,0.0607986984909463,0.0305555555555556,0,"5: Chr + Active NC (Reg)","Left-skewed"
1999,0.000706666666666667,0.000322632847092463,4e-04,0.00102,0.05744,0.941853333333333,0.0846393905511854,0.0305555555555556,0,"5: Chr + Active NC (Reg)","Left-skewed"
1999.5,0.00068,0.000330516836651849,0.00038,0.00102,0.0547933333333333,0.944526666666667,0.0886030330976386,0.0361111111111111,0,"5: Chr + Active NC (Reg)","Left-skewed"
2000,0.000646666666666667,0.000318112247954791,2e-04,0.00102,0.05238,0.946973333333333,0.0908872934394066,0.0388888888888889,0,"5: Chr + Active NC (Reg)","Left-skewed"
2000.5,6e-04,0.00027792333351186,2e-04,0.001,0.0501466666666667,0.949253333333333,0.11108909560535,0.0388888888888889,0,"5: Chr + Active NC (Reg)","Left-skewed"
2001,0.00058,0.000274678495448896,2e-04,0.001,0.0478533333333333,0.951566666666667,0.105946733564208,0.0388888888888889,0,"5: Chr + Active NC (Reg)","Left-skewed"
2001.5,0.000553333333333333,0.000281294217469199,2e-04,0.00082,0.0457933333333333,0.953653333333333,0.136604576216997,0.0388888888888889,0,"5: Chr + Active NC (Reg)","Left-skewed"
2002,0.00052,0.000275931025864223,2e-04,8e-04,0.0439066666666667,0.955573333333333,0.133852801602488,0.0402298850574713,0,"5: Chr + Active NC (Reg)","Left-skewed"
2002.5,5e-04,0.000271648860568705,2e-04,8e-04,0.0419866666666667,0.957513333333333,0.150547419168845,0.0459770114942529,0,"5: Chr + Active NC (Reg)","Left-skewed"
2003,0.000466666666666667,0.000289271776914963,0.00018,8e-04,0.04016,0.959373333333333,0.191616611301237,0.0555555555555555,0,"5: Chr + Active NC (Reg)","Left-skewed"
2003.5,0.00046,0.000293139957158281,0.00018,8e-04,0.0384133333333333,0.961126666666667,0.183888983211605,0.037037037037037,0,"5: Chr + Active NC (Reg)","Left-skewed"
2004,0.000453333333333333,0.000301414290823517,0,8e-04,0.0367066666666667,0.96284,0.210157887272798,0.0384615384615385,0,"5: Chr + Active NC (Reg)","Left-skewed"
2004.5,0.000426666666666667,0.000286396558124827,0,8e-04,0.03522,0.964353333333333,0.246307906672334,0.0576923076923077,0,"5: Chr + Active NC (Reg)","Left-skewed"
2005,0.000413333333333333,0.000287358160913655,0,8e-04,0.0335666666666667,0.96602,0.262720391594467,0.0769230769230769,0,"5: Chr + Active NC (Reg)","Left-skewed"
2005.5,0.000393333333333333,0.000280311813243178,0,8e-04,0.0321533333333333,0.967453333333333,0.259783379034614,0.0384615384615385,0,"5: Chr + Active NC (Reg)","Left-skewed"
2006,0.000386666666666667,0.000267470054183749,0,8e-04,0.0307266666666667,0.968886666666667,0.263518485889889,0.0384615384615385,0,"5: Chr + Active NC (Reg)","Left-skewed"
2006.5,0.00038,0.000264444766412116,0,8e-04,0.0294133333333333,0.970206666666667,0.293156085323929,0.0384615384615385,0,"5: Chr + Active NC (Reg)","Left-skewed"
2007,0.00038,0.000264444766412116,0,8e-04,0.0281133333333333,0.971506666666667,0.298309486064331,0.0384615384615385,0,"5: Chr + Active NC (Reg)","Left-skewed"
2007.5,0.00036,0.000259442372845274,0,8e-04,0.0268266666666667,0.972813333333333,0.354385707799886,0.04,0,"5: Chr + Active NC (Reg)","Left-skewed"
2008,0.00036,0.000259442372845274,0,8e-04,0.0257533333333333,0.973886666666667,0.349454201063786,0.04,0,"5: Chr + Active NC (Reg)","Left-skewed"
2008.5,0.000353333333333333,0.000260944350433169,0,8e-04,0.02474,0.974906666666667,0.37358520670052,0.04,0,"5: Chr + Active NC (Reg)","Left-skewed"
2009,0.000346666666666667,0.000267470054183749,0,8e-04,0.02372,0.975933333333333,0.386018067352407,0.0416666666666667,0,"5: Chr + Active NC (Reg)","Left-skewed"
2009.5,0.00034,0.000258109840291246,0,0.00062,0.0228133333333333,0.976846666666667,0.396795394503813,0.0416666666666667,0,"5: Chr + Active NC (Reg)","Left-skewed"
2010,0.000333333333333333,0.000248211996894386,0,6e-04,0.0217866666666667,0.97788,0.410964222398572,0.0416666666666667,0,"5: Chr + Active NC (Reg)","Left-skewed"
2010.5,0.00032,0.000238385373307375,0,6e-04,0.02086,0.97882,0.409412616646353,0.0416666666666667,0,"5: Chr + Active NC (Reg)","Left-skewed"
2011,0.000313333333333333,0.000238867057721168,0,6e-04,0.02,0.979686666666667,0.413346942391657,0.0416666666666667,0,"5: Chr + Active NC (Reg)","Left-skewed"
2011.5,0.000306666666666667,0.000244855106110748,0,6e-04,0.01906,0.980633333333333,0.396585666832567,0,0,"5: Chr + Active NC (Reg)","Left-skewed"
2012,0.000293333333333333,0.000244855106110748,0,6e-04,0.0182,0.981506666666667,0.408800050599601,0,0,"5: Chr + Active NC (Reg)","Left-skewed"
2012.5,0.000293333333333333,0.000244855106110748,0,6e-04,0.0174933333333333,0.982213333333333,0.42165734839381,0,0,"5: Chr + Active NC (Reg)","Left-skewed"
2013,0.00028,0.000232527343590472,0,6e-04,0.01662,0.9831,0.417611913563532,0,0,"5: Chr + Active NC (Reg)","Left-skewed"
2013.5,0.000266666666666667,0.000236837399966704,0,6e-04,0.0158,0.983933333333333,0.434743944219375,0,0,"5: Chr + Active NC (Reg)","Left-skewed"
2014,0.000246666666666667,0.000233021137613549,0,6e-04,0.01512,0.984633333333333,0.43745472255491,0,0,"5: Chr + Active NC (Reg)","Left-skewed"
2014.5,0.000246666666666667,0.000233021137613549,0,6e-04,0.0143933333333333,0.98536,0.437403625844388,0,0,"5: Chr + Active NC (Reg)","Left-skewed"
2015,0.000246666666666667,0.000233021137613549,0,6e-04,0.0137333333333333,0.98602,0.437355083969392,0,0,"5: Chr + Active NC (Reg)","Left-skewed"
2015.5,0.000246666666666667,0.000233021137613549,0,6e-04,0.01318,0.986573333333333,0.433603355808519,0,0,"5: Chr + Active NC (Reg)","Left-skewed"
2016,0.000246666666666667,0.000233021137613549,0,6e-04,0.0126866666666667,0.987066666666667,0.433588614084865,0,0,"5: Chr + Active NC (Reg)","Left-skewed"
2016.5,0.000233333333333333,0.000229442101979823,0,6e-04,0.0121266666666667,0.98764,0.467732084748171,0,0,"5: Chr + Active NC (Reg)","Left-skewed"
2017,0.000233333333333333,0.000229442101979823,0,6e-04,0.0116466666666667,0.98812,0.46911425348937,0,0,"5: Chr + Active NC (Reg)","Left-skewed"
2017.5,0.000233333333333333,0.000229442101979823,0,6e-04,0.0110866666666667,0.98868,0.469100949083772,0,0,"5: Chr + Active NC (Reg)","Left-skewed"
2018,0.00022,0.000212375724309211,0,4e-04,0.0106333333333333,0.989146666666667,0.477223374843234,0,0,"5: Chr + Active NC (Reg)","Left-skewed"
2018.5,0.000213333333333333,0.000216131079852392,0,4e-04,0.0101866666666667,0.9896,0.478915062704581,0,0,"5: Chr + Active NC (Reg)","Left-skewed"
2019,0.000206666666666667,0.000213239922077964,0,4e-04,0.00981333333333333,0.98998,0.473845841862818,0,0,"5: Chr + Active NC (Reg)","Left-skewed"
2019.5,0.000206666666666667,0.000213239922077964,0,4e-04,0.00934666666666667,0.990446666666667,0.473834403312333,0,0,"5: Chr + Active NC (Reg)","Left-skewed"
2020,2e-04,0.000216556116801484,0,4e-04,0.00898666666666667,0.990813333333333,0.473287176861011,0,0,"5: Chr + Active NC (Reg)","Left-skewed"
2020.5,2e-04,0.000216556116801484,0,4e-04,0.00858666666666667,0.991213333333333,0.473276246316739,0,0,"5: Chr + Active NC (Reg)","Left-skewed"
2021,0.000193333333333333,0.000199885024422806,0,4e-04,0.00830666666666667,0.9915,0.473874063197326,0,0,"5: Chr + Active NC (Reg)","Left-skewed"
2021.5,0.000193333333333333,0.000199885024422806,0,4e-04,0.00799333333333333,0.991813333333333,0.477678851682557,0,0,"5: Chr + Active NC (Reg)","Left-skewed"
2022,0.00018,0.000184577803425118,0,4e-04,0.00766666666666667,0.992153333333333,0.472704848148396,0,0,"5: Chr + Active NC (Reg)","Left-skewed"
2022.5,0.000173333333333333,0.000187420481222329,0,4e-04,0.00735333333333333,0.992473333333333,0.510307378489824,0,0,"5: Chr + Active NC (Reg)","Left-skewed"
2023,0.000173333333333333,0.000187420481222329,0,4e-04,0.00703333333333333,0.992793333333333,0.510307378489824,0,0,"5: Chr + Active NC (Reg)","Left-skewed"
2023.5,0.000173333333333333,0.000187420481222329,0,4e-04,0.00678666666666667,0.99304,0.510307378489824,0,0,"5: Chr + Active NC (Reg)","Left-skewed"
2024,0.000173333333333333,0.000187420481222329,0,4e-04,0.00654666666666667,0.99328,0.510307378489824,0,0,"5: Chr + Active NC (Reg)","Left-skewed"
2024.5,0.000173333333333333,0.000187420481222329,0,4e-04,0.0063,0.993526666666667,0.510307378489824,0,0,"5: Chr + Active NC (Reg)","Left-skewed"
2025,0.000173333333333333,0.000187420481222329,0,4e-04,0.00604,0.993786666666667,0.519729636271701,0,0,"5: Chr + Active NC (Reg)","Left-skewed"
2025.5,0.000173333333333333,0.000187420481222329,0,4e-04,0.00581333333333333,0.994013333333333,0.508017569279049,0,0,"5: Chr + Active NC (Reg)","Left-skewed"
2026,0.000166666666666667,0.000189978825196358,0,4e-04,0.00564666666666667,0.994186666666667,0.490957275868015,0,0,"5: Chr + Active NC (Reg)","Left-skewed"
2026.5,0.00016,0.000184951065289509,0,4e-04,0.00540666666666667,0.994433333333333,0.496175260426856,0,0,"5: Chr + Active NC (Reg)","Left-skewed"
2027,0.00016,0.000184951065289509,0,4e-04,0.00522666666666667,0.994613333333333,0.496175260426856,0,0,"5: Chr + Active NC (Reg)","Left-skewed"
2027.5,0.00014,0.000175381357873792,0,4e-04,0.00506,0.9948,0.556208409420873,0,0,"5: Chr + Active NC (Reg)","Left-skewed"
2028,0.00014,0.000175381357873792,0,4e-04,0.0049,0.99496,0.556208409420873,0,0,"5: Chr + Active NC (Reg)","Left-skewed"
2028.5,0.00014,0.000175381357873792,0,4e-04,0.00472666666666667,0.995133333333333,0.556208409420873,0,0,"5: Chr + Active NC (Reg)","Left-skewed"
2029,0.000133333333333333,0.000160459111417151,0,4e-04,0.00453333333333333,0.995333333333333,0.563581961809017,0,0,"5: Chr + Active NC (Reg)","Left-skewed"
2029.5,0.000133333333333333,0.000160459111417151,0,4e-04,0.00439333333333333,0.995473333333333,0.567429075213079,0,0,"5: Chr + Active NC (Reg)","Left-skewed"
2030,0.000133333333333333,0.000160459111417151,0,4e-04,0.00427333333333333,0.995593333333333,0.567429075213079,0,0,"5: Chr + Active NC (Reg)","Left-skewed"
2030.5,0.000126666666666667,0.000161743375568305,0,4e-04,0.00408,0.995793333333333,0.613096027482665,0,0,"5: Chr + Active NC (Reg)","Left-skewed"
2031,0.00012,0.000162735240868995,0,4e-04,0.00395333333333333,0.995926666666667,0.62601234168761,0,0,"5: Chr + Active NC (Reg)","Left-skewed"
2031.5,0.00012,0.000162735240868995,0,4e-04,0.00380666666666667,0.996073333333333,0.62601234168761,0,0,"5: Chr + Active NC (Reg)","Left-skewed"
2032,0.00012,0.000162735240868995,0,4e-04,0.00362666666666667,0.996253333333333,0.631940226523129,0,0,"5: Chr + Active NC (Reg)","Left-skewed"
2032.5,0.00012,0.000162735240868995,0,4e-04,0.00345333333333333,0.996426666666667,0.631940226523129,0,0,"5: Chr + Active NC (Reg)","Left-skewed"
2033,0.000113333333333333,0.000163440030831375,0,4e-04,0.00338,0.996506666666667,0.635430637765604,0,0,"5: Chr + Active NC (Reg)","Left-skewed"
2033.5,0.000113333333333333,0.000163440030831375,0,4e-04,0.00326,0.996626666666667,0.635430637765604,0,0,"5: Chr + Active NC (Reg)","Left-skewed"
2034,0.000113333333333333,0.000163440030831375,0,4e-04,0.00312,0.996766666666667,0.635430637765604,0,0,"5: Chr + Active NC (Reg)","Left-skewed"
2034.5,0.000106666666666667,0.000155215830452272,0,4e-04,0.00298,0.996913333333333,0.654835513126129,0,0,"5: Chr + Active NC (Reg)","Left-skewed"
2035,0.000106666666666667,0.000155215830452272,0,4e-04,0.00291333333333333,0.99698,0.647347941453653,0,0,"5: Chr + Active NC (Reg)","Left-skewed"
2035.5,0.000106666666666667,0.000155215830452272,0,4e-04,0.00279333333333333,0.9971,0.629243114197014,0,0,"5: Chr + Active NC (Reg)","Left-skewed"
2036,0.000106666666666667,0.000155215830452272,0,4e-04,0.00268,0.997213333333333,0.629243114197014,0,0,"5: Chr + Active NC (Reg)","Left-skewed"
2036.5,0.000106666666666667,0.000155215830452272,0,4e-04,0.00256,0.997333333333333,0.645296295562576,0,0,"5: Chr + Active NC (Reg)","Left-skewed"
2037,0.000106666666666667,0.000155215830452272,0,4e-04,0.00246666666666667,0.997426666666667,0.645296295562576,0,0,"5: Chr + Active NC (Reg)","Left-skewed"
2037.5,0.000106666666666667,0.000155215830452272,0,4e-04,0.00239333333333333,0.9975,0.632587449993345,0,0,"5: Chr + Active NC (Reg)","Left-skewed"
2038,0.000106666666666667,0.000155215830452272,0,4e-04,0.00234,0.997553333333333,0.632587449993345,0,0,"5: Chr + Active NC (Reg)","Left-skewed"
2038.5,1e-04,0.000146216655497339,0,4e-04,0.00222666666666667,0.997673333333333,0.630840458595319,0,0,"5: Chr + Active NC (Reg)","Left-skewed"
2039,1e-04,0.000146216655497339,0,4e-04,0.00214,0.99776,0.630840458595319,0,0,"5: Chr + Active NC (Reg)","Left-skewed"
2039.5,1e-04,0.000146216655497339,0,4e-04,0.00207333333333333,0.997826666666667,0.630840458595319,0,0,"5: Chr + Active NC (Reg)","Left-skewed"
2040,1e-04,0.000146216655497339,0,4e-04,0.00200666666666667,0.997893333333333,0.630840458595319,0,0,"5: Chr + Active NC (Reg)","Left-skewed"
2040.5,1e-04,0.000146216655497339,0,4e-04,0.00192666666666667,0.997973333333333,0.604517084420966,0,0,"5: Chr + Active NC (Reg)","Left-skewed"
2041,1e-04,0.000146216655497339,0,4e-04,0.00185333333333333,0.998046666666667,0.604517084420966,0,0,"5: Chr + Active NC (Reg)","Left-skewed"
2041.5,1e-04,0.000146216655497339,0,4e-04,0.00179333333333333,0.998106666666667,0.603943633544612,0,0,"5: Chr + Active NC (Reg)","Left-skewed"
2042,1e-04,0.000146216655497339,0,4e-04,0.00174666666666667,0.998153333333333,0.603943633544612,0,0,"5: Chr + Active NC (Reg)","Left-skewed"
2042.5,1e-04,0.000146216655497339,0,4e-04,0.0017,0.9982,0.603943633544612,0,0,"5: Chr + Active NC (Reg)","Left-skewed"
2043,1e-04,0.000146216655497339,0,4e-04,0.00163333333333333,0.998266666666667,0.603943633544612,0,0,"5: Chr + Active NC (Reg)","Left-skewed"
2043.5,1e-04,0.000146216655497339,0,4e-04,0.00160666666666667,0.998293333333333,0.603943633544612,0,0,"5: Chr + Active NC (Reg)","Left-skewed"
2044,9.33333333333333e-05,0.000146059348668044,0,4e-04,0.00156,0.998346666666667,0.626696670900098,0,0,"5: Chr + Active NC (Reg)","Left-skewed"
2044.5,9.33333333333333e-05,0.000146059348668044,0,4e-04,0.00153333333333333,0.998373333333333,0.626696670900098,0,0,"5: Chr + Active NC (Reg)","Left-skewed"
2045,9.33333333333333e-05,0.000146059348668044,0,4e-04,0.00149333333333333,0.998413333333333,0.622397128112308,0,0,"5: Chr + Active NC (Reg)","Left-skewed"
2045.5,9.33333333333333e-05,0.000146059348668044,0,4e-04,0.00142666666666667,0.99848,0.622397128112308,0,0,"5: Chr + Active NC (Reg)","Left-skewed"
2046,8.66666666666667e-05,0.000135782110784873,0,0.00022,0.00141333333333333,0.9985,0.600279012229651,0,0,"5: Chr + Active NC (Reg)","Left-skewed"
2046.5,8.66666666666667e-05,0.000135782110784873,0,0.00022,0.00138,0.998533333333333,0.600279012229651,0,0,"5: Chr + Active NC (Reg)","Left-skewed"
2047,8.66666666666667e-05,0.000135782110784873,0,0.00022,0.00135333333333333,0.99856,0.600279012229651,0,0,"5: Chr + Active NC (Reg)","Left-skewed"
2047.5,8.66666666666667e-05,0.000135782110784873,0,0.00022,0.00132666666666667,0.998586666666667,0.600279012229651,0,0,"5: Chr + Active NC (Reg)","Left-skewed"
2048,8.66666666666667e-05,0.000135782110784873,0,0.00022,0.00128666666666667,0.998626666666667,0.600279012229651,0,0,"5: Chr + Active NC (Reg)","Left-skewed"
2048.5,8.66666666666667e-05,0.000135782110784873,0,0.00022,0.00128,0.998633333333333,0.600279012229651,0,0,"5: Chr + Active NC (Reg)","Left-skewed"
2049,8.66666666666667e-05,0.000135782110784873,0,0.00022,0.00122,0.998693333333333,0.600279012229651,0,0,"5: Chr + Active NC (Reg)","Left-skewed"
2049.5,8.66666666666667e-05,0.000135782110784873,0,0.00022,0.00120666666666667,0.998706666666667,0.600279012229651,0,0,"5: Chr + Active NC (Reg)","Left-skewed"
2050,8.66666666666667e-05,0.000135782110784873,0,0.00022,0.00118,0.998733333333333,0.614187713004236,0,0,"5: Chr + Active NC (Reg)","Left-skewed"
2050.5,8.66666666666667e-05,0.000135782110784873,0,0.00022,0.00114666666666667,0.998766666666667,0.614187713004236,0,0,"5: Chr + Active NC (Reg)","Left-skewed"
2051,8.66666666666667e-05,0.000135782110784873,0,0.00022,0.00112,0.998793333333333,0.614187713004236,0,0,"5: Chr + Active NC (Reg)","Left-skewed"
2051.5,8.66666666666667e-05,0.000135782110784873,0,0.00022,0.00111333333333333,0.9988,0.614187713004236,0,0,"5: Chr + Active NC (Reg)","Left-skewed"
2052,8e-05,0.000124291093253173,0,2e-04,0.00108,0.99884,0.586647575363616,0,0,"5: Chr + Active NC (Reg)","Left-skewed"
2052.5,7.33333333333333e-05,0.000122989579971676,0,2e-04,0.00107333333333333,0.998853333333333,0.548211804832797,0,0,"5: Chr + Active NC (Reg)","Left-skewed"
2053,6.66666666666667e-05,0.000121295686972625,0,2e-04,0.00105333333333333,0.99888,0.572494085928041,0,0,"5: Chr + Active NC (Reg)","Left-skewed"
2053.5,6.66666666666667e-05,0.000121295686972625,0,2e-04,0.00102666666666667,0.998906666666667,0.572494085928041,0,0,"5: Chr + Active NC (Reg)","Left-skewed"
2054,6.66666666666667e-05,0.000121295686972625,0,2e-04,0.000993333333333333,0.99894,0.572494085928041,0,0,"5: Chr + Active NC (Reg)","Left-skewed"
2054.5,6.66666666666667e-05,0.000121295686972625,0,2e-04,0.000973333333333333,0.99896,0.572494085928041,0,0,"5: Chr + Active NC (Reg)","Left-skewed"
2055,6.66666666666667e-05,0.000121295686972625,0,2e-04,0.00096,0.998973333333333,0.572494085928041,0,0,"5: Chr + Active NC (Reg)","Left-skewed"
2055.5,6e-05,0.000106996616124385,0,2e-04,0.000946666666666667,0.998993333333333,0.563242519664019,0,0,"5: Chr + Active NC (Reg)","Left-skewed"
2056,6e-05,0.000106996616124385,0,2e-04,0.000933333333333333,0.999006666666667,0.563242519664019,0,0,"5: Chr + Active NC (Reg)","Left-skewed"
2056.5,6e-05,0.000106996616124385,0,2e-04,0.00092,0.99902,0.563242519664019,0,0,"5: Chr + Active NC (Reg)","Left-skewed"
2057,6e-05,0.000106996616124385,0,2e-04,0.000893333333333333,0.999046666666667,0.549324294102109,0,0,"5: Chr + Active NC (Reg)","Left-skewed"
2057.5,6e-05,0.000106996616124385,0,2e-04,0.00088,0.99906,0.549324294102109,0,0,"5: Chr + Active NC (Reg)","Left-skewed"
2058,6e-05,0.000106996616124385,0,2e-04,0.000873333333333333,0.999066666666667,0.549324294102109,0,0,"5: Chr + Active NC (Reg)","Left-skewed"
2058.5,6e-05,0.000106996616124385,0,2e-04,0.000853333333333333,0.999086666666667,0.549324294102109,0,0,"5: Chr + Active NC (Reg)","Left-skewed"
2059,6e-05,0.000106996616124385,0,2e-04,0.00084,0.9991,0.549324294102109,0,0,"5: Chr + Active NC (Reg)","Left-skewed"
2059.5,5.33333333333333e-05,0.000104166091952438,0,2e-04,0.00082,0.999126666666667,0.569665662506561,0,0,"5: Chr + Active NC (Reg)","Left-skewed"
2060,5.33333333333333e-05,0.000104166091952438,0,2e-04,0.000806666666666667,0.99914,0.569665662506561,0,0,"5: Chr + Active NC (Reg)","Left-skewed"
2060.5,5.33333333333333e-05,0.000104166091952438,0,2e-04,0.000786666666666667,0.99916,0.569665662506561,0,0,"5: Chr + Active NC (Reg)","Left-skewed"
2061,5.33333333333333e-05,0.000104166091952438,0,2e-04,0.000773333333333333,0.999173333333333,0.569665662506561,0,0,"5: Chr + Active NC (Reg)","Left-skewed"
2061.5,5.33333333333333e-05,0.000104166091952438,0,2e-04,0.00076,0.999186666666667,0.551411456544125,0,0,"5: Chr + Active NC (Reg)","Left-skewed"
2062,5.33333333333333e-05,0.000104166091952438,0,2e-04,0.000733333333333333,0.999213333333333,0.551411456544125,0,0,"5: Chr + Active NC (Reg)","Left-skewed"
2062.5,5.33333333333333e-05,0.000104166091952438,0,2e-04,0.000713333333333333,0.999233333333333,0.560320811925633,0,0,"5: Chr + Active NC (Reg)","Left-skewed"
2063,5.33333333333333e-05,0.000104166091952438,0,2e-04,0.000686666666666667,0.99926,0.560320811925633,0,0,"5: Chr + Active NC (Reg)","Left-skewed"
2063.5,5.33333333333333e-05,0.000104166091952438,0,2e-04,0.00068,0.999266666666667,0.560320811925633,0,0,"5: Chr + Active NC (Reg)","Left-skewed"
2064,5.33333333333333e-05,0.000104166091952438,0,2e-04,0.000673333333333333,0.999273333333333,0.560320811925633,0,0,"5: Chr + Active NC (Reg)","Left-skewed"
2064.5,5.33333333333333e-05,0.000104166091952438,0,2e-04,0.000673333333333333,0.999273333333333,0.560320811925633,0,0,"5: Chr + Active NC (Reg)","Left-skewed"
2065,5.33333333333333e-05,0.000104166091952438,0,2e-04,0.000666666666666667,0.99928,0.560320811925633,0,0,"5: Chr + Active NC (Reg)","Left-skewed"
2065.5,4.66666666666667e-05,0.000100801386598746,0,2e-04,0.00066,0.999293333333333,0.584791031903662,0,0,"5: Chr + Active NC (Reg)","Left-skewed"
2066,4.66666666666667e-05,0.000100801386598746,0,2e-04,0.00066,0.999293333333333,0.584791031903662,0,0,"5: Chr + Active NC (Reg)","Left-skewed"
2066.5,4e-05,9.68468396223004e-05,0,2e-04,0.000653333333333333,0.999306666666667,0.542695058090971,0,0,"5: Chr + Active NC (Reg)","Left-skewed"
2067,4e-05,9.68468396223004e-05,0,2e-04,0.000653333333333333,0.999306666666667,0.542695058090971,0,0,"5: Chr + Active NC (Reg)","Left-skewed"
2067.5,4e-05,9.68468396223004e-05,0,2e-04,0.000653333333333333,0.999306666666667,0.542695058090971,0,0,"5: Chr + Active NC (Reg)","Left-skewed"
2068,4e-05,9.68468396223004e-05,0,2e-04,0.000633333333333333,0.999326666666667,0.542695058090971,0,0,"5: Chr + Active NC (Reg)","Left-skewed"
2068.5,4e-05,9.68468396223004e-05,0,2e-04,0.000613333333333333,0.999346666666667,0.542695058090971,0,0,"5: Chr + Active NC (Reg)","Left-skewed"
2069,4e-05,9.68468396223004e-05,0,2e-04,0.000613333333333333,0.999346666666667,0.542435036472639,0,0,"5: Chr + Active NC (Reg)","Left-skewed"
2069.5,4e-05,9.68468396223004e-05,0,2e-04,6e-04,0.99936,0.542435036472639,0,0,"5: Chr + Active NC (Reg)","Left-skewed"
2070,4e-05,9.68468396223004e-05,0,2e-04,0.000586666666666667,0.999373333333333,0.542435036472639,0,0,"5: Chr + Active NC (Reg)","Left-skewed"
2070.5,3.33333333333333e-05,9.22266074754828e-05,0,2e-04,0.000573333333333333,0.999393333333333,0.540761397465812,0,0,"5: Chr + Active NC (Reg)","Left-skewed"
2071,3.33333333333333e-05,9.22266074754828e-05,0,2e-04,0.000566666666666667,0.9994,0.540761397465812,0,0,"5: Chr + Active NC (Reg)","Left-skewed"
2071.5,2.66666666666667e-05,6.91491807283521e-05,0,2e-04,0.000533333333333333,0.99944,0.571859707714149,0,0,"5: Chr + Active NC (Reg)","Left-skewed"
2072,2.66666666666667e-05,6.91491807283521e-05,0,2e-04,0.000533333333333333,0.99944,0.571859707714149,0,0,"5: Chr + Active NC (Reg)","Left-skewed"
2072.5,2.66666666666667e-05,6.91491807283521e-05,0,2e-04,0.00052,0.999453333333333,0.609319790422598,0,0,"5: Chr + Active NC (Reg)","Left-skewed"
2073,2.66666666666667e-05,6.91491807283521e-05,0,2e-04,0.00052,0.999453333333333,0.609319790422598,0,0,"5: Chr + Active NC (Reg)","Left-skewed"
2073.5,2.66666666666667e-05,6.91491807283521e-05,0,2e-04,5e-04,0.999473333333333,0.609319790422598,0,0,"5: Chr + Active NC (Reg)","Left-skewed"
2074,2e-05,6.10257153258729e-05,0,2.00000000000003e-05,0.000486666666666667,0.999493333333333,0.661560455032655,0,0,"5: Chr + Active NC (Reg)","Left-skewed"
2074.5,2e-05,6.10257153258729e-05,0,2.00000000000003e-05,0.000486666666666667,0.999493333333333,0.661560455032655,0,0,"5: Chr + Active NC (Reg)","Left-skewed"
2075,2e-05,6.10257153258729e-05,0,2.00000000000003e-05,0.000486666666666667,0.999493333333333,0.661560455032655,0,0,"5: Chr + Active NC (Reg)","Left-skewed"
2075.5,2e-05,6.10257153258729e-05,0,2.00000000000003e-05,0.00048,0.9995,0.661560455032655,0,0,"5: Chr + Active NC (Reg)","Left-skewed"
2076,2e-05,6.10257153258729e-05,0,2.00000000000003e-05,0.000473333333333333,0.999506666666667,0.661560455032655,0,0,"5: Chr + Active NC (Reg)","Left-skewed"
2076.5,2e-05,6.10257153258729e-05,0,2.00000000000003e-05,0.00046,0.99952,0.655697113542736,0,0,"5: Chr + Active NC (Reg)","Left-skewed"
2077,2e-05,6.10257153258729e-05,0,2.00000000000003e-05,0.000453333333333333,0.999526666666667,0.655697113542736,0,0,"5: Chr + Active NC (Reg)","Left-skewed"
2077.5,2e-05,6.10257153258729e-05,0,2.00000000000003e-05,0.000453333333333333,0.999526666666667,0.655697113542736,0,0,"5: Chr + Active NC (Reg)","Left-skewed"
2078,2e-05,6.10257153258729e-05,0,2.00000000000003e-05,0.000446666666666667,0.999533333333333,0.655697113542736,0,0,"5: Chr + Active NC (Reg)","Left-skewed"
2078.5,2e-05,6.10257153258729e-05,0,2.00000000000003e-05,0.000433333333333333,0.999546666666667,0.655697113542736,0,0,"5: Chr + Active NC (Reg)","Left-skewed"
2079,2e-05,6.10257153258729e-05,0,2.00000000000003e-05,0.000433333333333333,0.999546666666667,0.655697113542736,0,0,"5: Chr + Active NC (Reg)","Left-skewed"
2079.5,2e-05,6.10257153258729e-05,0,2.00000000000003e-05,0.000426666666666667,0.999553333333333,0.655697113542736,0,0,"5: Chr + Active NC (Reg)","Left-skewed"
